tmdb_id,imdb_id,title,original_title,overview,release_date,status,genres,keywords,director,top_cast,budget,revenue,runtime,vote_average,vote_count,popularity,original_language,production_country,adult,video,omdb_error,roi,is_animation,release_year,release_month,release_quarter,is_holiday_window,budget_musd,revenue_musd,profit_musd,vote_count_log,popularity_log,num_genres,genre_animation,genre_adventure,genre_family,genre_drama,genre_fantasy,genre_comedy,genre_action,success_score,success_label
150540,tt2096673,Inside Out,Inside Out,"When 11-year-old Riley moves to a new city, her Emotions team up to help her through the transition. Joy, Fear, Anger, Disgust and Sadness work together, but when Joy and Sadness get lost, they must journey through unfamiliar places to get back home.",2015-06-17,Released,"Adventure, Animation, Comedy, Drama, Family","dreams, san francisco, california, minnesota, sadness, cartoon, disgust, ice hockey, imaginary friend, elementary school, family relationships",Pete Docter,"Amy Poehler, Phyllis Smith, Richard Kind, Bill Hader, Lewis Black",175000000,857611174,95,7.91,23421,22.8751,en,US,False,False,OMDb request failed: 401 Client Error: Unauthorized for url: https://www.omdbapi.com/?i=tt2096673&plot=short&apikey=f87d98bd,4.90063528,1,2015,6,2,1,175.0,857.611174,682.611174,10.061431030602083,3.1728360748396978,5,1,1,1,1,0,1,0,6.167925941816268,1
105864,tt1979388,The Good Dinosaur,The Good Dinosaur,An epic journey into the world of dinosaurs where an Apatosaurus named Arlo makes an unlikely human friend.,2015-11-14,Released,"Adventure, Animation, Family","friendship, tyrannosaurus rex, cartoon, friends, alternate history, dinosaur, fear, storm, nature, journey",Peter Sohn,"Frances McDormand, Raymond Ochoa, Jeffrey Wright, Steve Zahn, Sam Elliott",175000000,332207671,93,6.742,5980,11.6763,en,US,False,False,OMDb request failed: 401 Client Error: Unauthorized for url: https://www.omdbapi.com/?i=tt1979388&plot=short&apikey=f87d98bd,1.8983295485714289,1,2015,11,4,1,175.0,332.207671,157.207671,8.696343057044556,2.5397341083204727,3,1,1,1,0,0,0,0,4.225159871661897,1
483685,tt5265536,Tokyo Ghoul: Jack,東京喰種トーキョーグール【JACK】,"Who needs school, who needs baseball, and who needs friends? That's the attitude of high school delinquent, Taishi Fura, who became a loner after falling out with his peers. One day, he witnesses the brutal attack of a ghoul, which left one of his former friends in the hospital and the other dead. Determined to avenge them, Fura decides to pursue the man-eating monster.  His efforts allow him to cross paths with Kishou Arima, a quiet student who also attends his high school. Arima, however, is no ordinary student. Despite his young age, he is a full-fledged investigator of the CCG, a government task force that strives to deal with the ghoul threat. Together, Fura and Arima hunt down the ghoul, known as Lantern, but it soon becomes apparent the monster may be closer than anyone suspects.  In this side story, Tokyo Ghoul: ""Jack"" offers a glimpse into the past of Kishou Arima, well before he ever became the CCG's feared God of Death.",2015-09-05,Released,"Action, Animation, Drama, Horror","monster, gore, prequel, tragedy, school, based on manga, spin off, ghoul, seinen, anime",Soichi Shimada,"Saori Hayami, Daisuke Namikawa, Ryohei Kimura, Rumi Okubo, Tatsuhisa Suzuki",0,0,30,7.62,96,10.6121,ja,JP,False,False,OMDb request failed: 401 Client Error: Unauthorized for url: https://www.omdbapi.com/?i=tt5265536&plot=short&apikey=f87d98bd,0.0,1,2015,9,3,0,0.0,0.0,0.0,4.574710978503383,2.4520476579062187,4,1,0,0,1,0,0,1,2.95901379546144,1
228161,tt2224026,Home,Home,"When Earth is taken over by the overly-confident Boov, an alien race in search of a new place to call home, all humans are promptly relocated, while all Boov get busy reorganizing the planet. But when one resourceful girl, Tip, manages to avoid capture, she finds herself the accidental accomplice of a banished Boov named Oh. The two fugitives realize there’s a lot more at stake than intergalactic relations as they embark on the road trip of a lifetime.",2015-03-18,Released,"Animation, Comedy, Family, Fantasy, Science Fiction","spacecraft, villain, alien, space, alien invasion, aftercreditsstinger, duringcreditsstinger, alien friendship, awful leader, taking resposibility",Tim Johnson,"Jim Parsons, Rihanna, Steve Martin, Jennifer Lopez, Matt Jones",135000000,368871007,94,6.788,4216,8.2824,en,US,False,False,OMDb request failed: 401 Client Error: Unauthorized for url: https://www.omdbapi.com/?i=tt2224026&plot=short&apikey=f87d98bd,2.7323778296296295,1,2015,3,1,0,135.0,368.871007,233.871007,8.34687925374656,2.2281201340511987,5,1,0,1,0,1,1,0,4.512819931502997,1
159824,tt2510894,Hotel Transylvania 2,Hotel Transylvania 2,"When the old-old-old-fashioned vampire Vlad arrives at the hotel for an impromptu family get-together, Hotel Transylvania is in for a collision of supernatural old-school and modern day cool.",2015-09-21,Released,"Animation, Comedy, Family, Fantasy","hotel, witch, skeleton, magic, transylvania, technology, marriage, mummy, only child, backpacker",Genndy Tartakovsky,"Adam Sandler, Andy Samberg, Selena Gomez, Kevin James, Steve Buscemi",80000000,473200000,89,6.763,6114,7.0118,en,US,False,False,OMDb request failed: 401 Client Error: Unauthorized for url: https://www.omdbapi.com/?i=tt2510894&plot=short&apikey=f87d98bd,5.915,1,2015,9,3,0,80.0,473.2,393.2,8.718500048121273,2.080915454935836,4,1,0,1,0,1,1,0,5.972412325458566,1
228165,tt2279373,The SpongeBob Movie: Sponge Out of Water,The SpongeBob Movie: Sponge Out of Water,"Evil pirate Burger Beard is in search of the final page of a magical book that makes any evil plan he writes in it come true, but the final page happens to be the Krabby Patty secret formula. When Burger Beard endangers Bikini Bottom, SpongeBob, Patrick, Mr. Krabs, Squidward, Sandy, and Plankton must embark on a quest to retrieve the recipe and save their city...a quest that takes them to the surface world and transforms them into superheroes.",2015-01-28,Released,"Adventure, Animation, Comedy, Family, Fantasy","sea, ocean, villain, sequel, computer animation, based on cartoon, pirate, superhero team, aftercreditsstinger, live action and animation","Paul Tibbitt, Mike Mitchell","Tom Kenny, Bill Fagerbakke, Rodger Bumpass, Clancy Brown, Mr. Lawrence",74000000,325186032,93,6.102,2525,6.0274,en,US,False,False,OMDb request failed: 401 Client Error: Unauthorized for url: https://www.omdbapi.com/?i=tt2279373&plot=short&apikey=f87d98bd,4.394405837837838,1,2015,1,1,0,74.0,325.186032,251.186032,7.8343923029104365,1.9498167938858502,5,1,1,1,0,1,1,0,4.97061399154647,1
211672,tt2293640,Minions,Minions,"Minions Stuart, Kevin and Bob are recruited by Scarlet Overkill, a super-villain who, alongside her inventor husband Herb, hatches a plot to take over the world.",2015-06-17,Released,"Adventure, Animation, Comedy, Family","assistant, villain, prequel, aftercreditsstinger, duringcreditsstinger, evil mastermind, supervillain, amused, joyful","Kyle Balda, Pierre Coffin","Sandra Bullock, Jon Hamm, Michael Keaton, Allison Janney, Steve Coogan",74000000,1159457503,91,6.419,11082,5.9212,en,US,False,False,OMDb request failed: 401 Client Error: Unauthorized for url: https://www.omdbapi.com/?i=tt2293640&plot=short&apikey=f87d98bd,15.668344635135137,1,2015,6,2,1,74.0,1159.457503,1085.457503,9.313167681775653,1.9345891650003562,4,1,1,1,0,0,1,0,10.342668612827213,1
347201,tt4618398,Boruto: Naruto the Movie,BORUTO -NARUTO THE MOVIE-,"The spirited Boruto Uzumaki, son of Seventh Hokage Naruto, is a skilled ninja who possesses the same brashness and passion his father once had. However, the constant absence of his father, who is busy with his Hokage duties, puts a damper on Boruto's fire. He ends up meeting his father's friend Sasuke, and requests to become... his apprentice!? The curtain on the story of the new generation rises!",2015-08-07,Released,"Action, Adventure, Animation, Comedy, Fantasy","ninja, shounen, anime, adventure",Hiroyuki Yamashita,"Yuko Sanpei, Cocoro Kikuchi, Junko Takeuchi, Noriaki Sugiyama, Daisuke Namikawa",0,38362448,95,7.461,1659,5.7308,ja,JP,False,False,OMDb request failed: 401 Client Error: Unauthorized for url: https://www.omdbapi.com/?i=tt4618398&plot=short&apikey=f87d98bd,0.0,1,2015,8,3,0,0.0,38.362448,38.362448,7.414572881350589,1.9066940073201546,5,1,1,0,0,1,1,1,3.2634400333006113,1
258509,tt2974918,Alvin and the Chipmunks: The Road Chip,Alvin and the Chipmunks: The Road Chip,"Through a series of misunderstandings, Alvin, Simon and Theodore come to believe that Dave is going to propose to his new girlfriend in New York City - and dump them. They have three days to get to him and stop the proposal.",2015-12-17,Released,"Adventure, Animation, Comedy, Family, Music","anthropomorphism, chipmunk, hitchhiker, aftercreditsstinger, duringcreditsstinger, live action and animation",Walt Becker,"Jason Lee, Justin Long, Matthew Gray Gubler, Jesse McCartney, Kimberly Williams-Paisley",90000000,233755553,92,6.032,1757,5.2364,en,US,False,False,OMDb request failed: 401 Client Error: Unauthorized for url: https://www.omdbapi.com/?i=tt2974918&plot=short&apikey=f87d98bd,2.597283922222222,1,2015,12,4,1,90.0,233.755553,143.755553,7.471932078245122,1.8304030928202595,5,1,1,1,0,0,1,0,4.072128040659807,1
303857,tt3819668,Dragon Ball Z: Resurrection 'F',ドラゴンボールZ 復活の「F」,"One peaceful day on Earth, two remnants of Frieza's army named Sorbet and Tagoma arrive searching for the Dragon Balls with the aim of reviving Frieza. They succeed, and Frieza subsequently seeks revenge on the Saiyans.",2015-04-18,Released,"Action, Animation, Science Fiction","martial arts, resurrection, sequel, aftercreditsstinger, alien attack, shounen, anime, adventure",Tadayoshi Yamamuro,"Masako Nozawa, Ryo Horikawa, Ryusei Nakao, Koichi Yamadera, Masakazu Morita",5000000,61768190,93,6.872,2018,5.2299,ja,JP,False,False,OMDb request failed: 401 Client Error: Unauthorized for url: https://www.omdbapi.com/?i=tt3819668&plot=short&apikey=f87d98bd,12.353638,1,2015,4,2,0,5.0,61.76819,56.76819,7.610357618312838,1.8293602813061713,3,1,0,0,0,0,0,1,8.69309478494285,1
309809,tt1754656,The Little Prince,The Little Prince,"Based on the best-seller book 'The Little Prince', the movie tells the story of a little girl that lives with resignation in a world where efficiency and work are the only dogmas. Everything will change when accidentally she discovers her neighbor that will tell her about the story of the Little Prince that he once met.",2015-07-29,Released,"Adventure, Animation, Family, Fantasy","airplane, parent child relationship, philosophy, dystopia, utopia, little boy, old man, growing up, stop motion, neighbor",Mark Osborne,"Riley Osborne, Mackenzie Foy, Jeff Bridges, Rachel McAdams, Marion Cotillard",64000000,101281211,106,7.613,2970,4.7427,en,FR,False,False,OMDb request failed: 401 Client Error: Unauthorized for url: https://www.omdbapi.com/?i=tt1754656&plot=short&apikey=f87d98bd,1.582518921875,1,2015,7,3,1,64.0,101.281211,37.281211,7.9966538754626075,1.7479294830112038,4,1,1,1,0,1,0,0,4.077071018614822,1
350499,tt4503906,Pokémon the Movie: Hoopa and the Clash of Ages,ポケモン・ザ・ムービーXY 光輪の超魔神 フーパ,"Ash, Pikachu, and their friends come to a desert city by the sea. Here they meet the Mythical Pokémon Hoopa, which has the ability to summon things—including people and Pokémon—through its magic rings. After a scary incident, they learn of a story about a brave hero who stopped the rampage of a terrifying Pokémon long ago. Now, the threat that has been bottled up for years is in danger of breaking loose again.",2015-07-18,Released,"Action, Adventure, Animation, Family, Fantasy",anime,Kunihiko Yuyama,"Rica Matsumoto, Ikue Otani, Mayuki Makiguchi, Yuki Kaji, Mariya Ise",0,21815482,73,6.819,310,4.4358,ja,JP,False,False,OMDb request failed: 401 Client Error: Unauthorized for url: https://www.omdbapi.com/?i=tt4503906&plot=short&apikey=f87d98bd,0.0,1,2015,7,3,1,0.0,21.815482,21.815482,5.739792912179234,1.693006703853418,5,1,1,1,0,1,0,1,2.819669942404898,1
354857,tt4920274,Regular Show: The Movie,Regular Show: The Movie,"After a high school lab experiment goes horribly wrong, Mordecai and Rigby must go back in time to battle an evil volleyball coach in order to save the universe — and their friendship.",2015-09-01,Released,"Adventure, Animation, Comedy, Science Fiction","friendship, time travel",J.G. Quintel,"J.G. Quintel, William Salyers, Sam Marin, Mark Hamill, Minty Lewis",3000000,0,69,7.901,428,4.3039,en,US,False,False,OMDb request failed: 401 Client Error: Unauthorized for url: https://www.omdbapi.com/?i=tt4920274&plot=short&apikey=f87d98bd,0.0,1,2015,9,3,0,3.0,0.0,-3.0,6.061456918928017,1.668442399010504,4,1,1,0,0,0,1,0,3.134734897690778,1
227973,tt2452042,The Peanuts Movie,The Peanuts Movie,"Snoopy embarks upon his greatest mission as he and his team take to the skies to pursue their arch-nemesis, while his best pal Charlie Brown begins his own epic quest.",2015-11-05,Released,"Animation, Comedy, Family","based on comic, computer animation, red baron, family, comic strip, cartoon dog, aftercreditsstinger, duringcreditsstinger, the red baron, joyous",Steve Martino,"Noah Schnapp, Bill Melendez, Marleik 'Mar Mar' Walker, Alex Garfin, Hadley Belle Miller",99000000,246233113,88,6.961,1784,4.2826,en,US,False,False,OMDb request failed: 401 Client Error: Unauthorized for url: https://www.omdbapi.com/?i=tt2452042&plot=short&apikey=f87d98bd,2.4872031616161614,1,2015,11,4,1,99.0,246.233113,147.233113,7.487173694213739,1.6644184007595637,3,1,0,1,0,0,1,0,4.232230236973269,1
315465,tt4272866,The Boy and the Beast,バケモノの子,"Kyuta, a boy living in Shibuya, and Kumatetsu, a lonesome beast from Jutengai, an imaginary world. One day, Kyuta forays into the imaginary world and, as he's looking for his way back, meets Kumatetsu who becomes his spirit guide. That encounter leads them to many adventures.",2015-07-11,Released,"Action, Adventure, Animation, Drama, Family, Fantasy","japan, parent child relationship, runaway, homelessness, training, portal, coming of age, tokyo, japan, orphan, beast",Mamoru Hosoda,"Koji Yakusho, Aoi Miyazaki, Shota Sometani, Suzu Hirose, Lily Franky",0,49714378,119,7.913,1600,4.0967,ja,JP,False,False,OMDb request failed: 401 Client Error: Unauthorized for url: https://www.omdbapi.com/?i=tt4272866&plot=short&apikey=f87d98bd,0.0,1,2015,7,3,1,0.0,49.714378,49.714378,7.3783837129967145,1.6285932714738416,6,1,1,1,1,1,0,1,3.329296547670584,1
316873,tt3737650,Detective Conan: Sunflowers of Inferno,名探偵コナン 業火の向日葵,"Conan tries to track down Kaito Kid, who supposedly steals a replica of one of Van Gogh's Sunflowers paintings during an auction.",2015-04-18,Released,"Adventure, Animation, Crime, Mystery","detective, anime, suspense, mystery",Kobun Shizuno,"Minami Takayama, Kappei Yamaguchi, Wakana Yamazaki, Rikiya Koyama, Kenichi Ogata",0,52920296,113,6.099,136,4.0058,ja,JP,False,False,OMDb request failed: 401 Client Error: Unauthorized for url: https://www.omdbapi.com/?i=tt3737650&plot=short&apikey=f87d98bd,0.0,1,2015,4,2,0,0.0,52.920296,52.920296,4.919980925828125,1.6105972401539468,4,1,1,0,0,0,0,0,2.504336724897311,0
350650,tt4788602,Doraemon: Nobita and the Space Heroes,映画ドラえもん のび太の宇宙英雄記,"Nobita and friends decide to make a movie inspired by the space adventures of their heroes, but their fiction turns into a reality.",2015-03-07,Released,"Adventure, Animation, Comedy, Family, Fantasy, Science Fiction","cat, time travel, time bomb, robot, monkey, anime, hoverboard",Yoshihiro Osugi,"Wasabi Mizuta, Megumi Oohara, Yumi Kakazu, Subaru Kimura, Tomokazu Seki",46597700,32700000,100,6.291,86,3.5952,ja,JP,False,False,OMDb request failed: 401 Client Error: Unauthorized for url: https://www.omdbapi.com/?i=tt4788602&plot=short&apikey=f87d98bd,0.7017513739948539,1,2015,3,1,0,46.5977,32.7,-13.8977,4.465908118654584,1.5250122804317134,6,1,1,1,0,1,1,0,2.787176178160629,1
263109,tt2872750,Shaun the Sheep Movie,Shaun the Sheep Movie,"When Shaun decides to take the day off and have some fun, he gets a little more action than he bargained for. A mix up with the Farmer, a caravan and a very steep hill lead them all to the Big City and it's up to Shaun and the flock to return everyone safely to the green grass of home.",2015-02-05,Released,"Adventure, Animation, Comedy, Family","sheep, amnesia, countryside, villain, stop motion, memory loss, hospital, best friend, big city, dog","Mark Burton, Richard Starzak","Justin Fletcher, John Sparkes, Omid Djalili, Rich Webber, Kate Harbour",25000000,106209378,85,6.988,1510,3.4423,en,GB,False,False,OMDb request failed: 401 Client Error: Unauthorized for url: https://www.omdbapi.com/?i=tt2872750&plot=short&apikey=f87d98bd,4.24837512,1,2015,2,1,0,25.0,106.209378,81.209378,7.32052696227274,1.4911722603371353,4,1,1,1,0,0,1,0,4.980523687391481,1
334376,tt4337072,Ghost in the Shell: The New Movie,攻殻機動隊 新劇場版,"When a ghost-infecting virus known as Fire-Starter begins spreading through the system resulting in the assassination of the Japanese Prime Minister, Major Motoko Kusanagi and her elite team of special operatives are called in to track down its source.",2015-06-20,Released,"Animation, Science Fiction","artificial intelligence (a.i.), computer virus, cyberpunk, transhumanism, terrorism, special forces, anime, memory manipulation, political conspiracy","Kazuya Nomura, Kazuchika Kise","Maaya Sakamoto, Ikkyu Juku, Kenichirou Matsuda, Tarusuke Shingaki, Shunsuke Sakuya",0,1713406,100,6.618,228,3.4183,ja,JP,False,False,OMDb request failed: 401 Client Error: Unauthorized for url: https://www.omdbapi.com/?i=tt4337072&plot=short&apikey=f87d98bd,0.0,1,2015,6,2,1,0.0,1.713406,1.713406,5.43372200355424,1.4857550067215235,2,1,0,0,0,0,0,0,2.6924215515413645,0
302429,tt4191054,Strange Magic,Strange Magic,"A love potion works its devious charms on fairies, elves and the swamp-dwelling Bog King as they all try to possess the potion for themselves.",2015-01-23,Released,"Animation, Family, Fantasy, Music","elves, fairy, musical, aftercreditsstinger, duringcreditsstinger, love potion",Gary Rydstrom,"Alan Cumming, Evan Rachel Wood, Elijah Kelley, Meredith Anne Bull, Sam Palladio",100000000,13603453,99,7.205,559,3.1604,en,US,False,False,OMDb request failed: 401 Client Error: Unauthorized for url: https://www.omdbapi.com/?i=tt4191054&plot=short&apikey=f87d98bd,0.13603453,1,2015,1,1,0,100.0,13.603453,-86.396547,6.327936783729195,1.425611223496841,4,1,0,1,0,1,0,0,3.0254977395839053,1
364111,tt4489416,The Anthem of the Heart,心が叫びたがってるんだ。,"A young girl had her voice magically taken away so that she would never hurt people with it, but her outlook changes when she encounters music and friendship. Will Naruse be able to convey the anthem of her heart?",2015-09-19,Released,"Animation, Drama, Music, Romance","high school, anime, japanese high school",Tatsuyuki Nagai,"Inori Minase, Koki Uchiyama, Sora Amamiya, Yoshimasa Hosoya, Taishi Murata",0,8852989,119,7.6,430,3.0714,ja,JP,False,False,OMDb request failed: 401 Client Error: Unauthorized for url: https://www.omdbapi.com/?i=tt4489416&plot=short&apikey=f87d98bd,0.0,1,2015,9,3,0,0.0,8.852989,8.852989,6.066108090103747,1.4039869206508089,4,1,0,0,1,0,0,0,3.020514251613183,1
351694,tt4644382,Monkey King: Hero Is Back,西游记之大圣归来,"The all-powerful Monkey King once roamed freely between Heaven and Earth, but after angering the Gods, he was imprisoned within an ice cage deep within the mountains. 500 years later, monsters attack a small village and a child flees to the mountains. Unknowingly, the child releases the Monkey King from his curse. With the help and encouragement from this special child, Monkey King saves the village from the evil monsters.",2015-07-10,Released,"Animation, Comedy, Fantasy","based on novel or book, buddhism, xianxia, nezha, monkey king, son wukong",Tian Xiaopeng,"Zhang Lei, Lin Zijie, Wu Wenlun, Tong Zirong, Liu Jiurong",10000000,153000000,89,6.927,296,2.7905,zh,CN,False,False,OMDb request failed: 401 Client Error: Unauthorized for url: https://www.omdbapi.com/?i=tt4644382&plot=short&apikey=f87d98bd,15.3,1,2015,7,3,1,10.0,153.0,143.0,5.6937321388027,1.3324979365142215,3,1,0,0,0,1,1,0,9.670684511297537,1
347200,tt3354302,Code Geass: Akito the Exiled 3: The Brightness Falls,コードギアス 亡国のアキト 第3章「輝くもの天より堕つ」,"After discovering the face of their true enemy, someone who is related to Akito and responsible for the Geass placed upon him, W-0 attempts to return to their base at Castle Weisswolf. However, stranded in Warsaw due to a complication involving their military identification, they are forced to accept the help of local gypsies, allowing the squad to take some time to deepen their bonds. Meanwhile, Britannian advisor Julius Kingsley and his guard Suzaku Kururugi begin working together with the Knights of St. Michael in order to crush the European resistance once and for all, armed with the destructive power of a giant weapon known as the Ark Fleet.",2015-05-02,Released,"Action, Animation, Science Fiction","mecha, giant robot, spin off, military, anime",Kazuki Akane,"Miyu Irino, Maaya Sakamoto, Satoshi Hino, Yoshitsugu Matsuoka, Yoko Hikasa",0,834927,60,6.4,58,2.7023,ja,JP,False,False,OMDb request failed: 401 Client Error: Unauthorized for url: https://www.omdbapi.com/?i=tt3354302&plot=short&apikey=f87d98bd,0.0,1,2015,5,2,0,0.0,0.834927,0.834927,4.07753744390572,1.3089542481451106,3,1,0,0,0,0,0,1,2.4079737538076245,0
357405,tt5284414,Girls und Panzer der Film,ガールズ&パンツァー 劇場版,"When the Ministry of Education goes back on its promise to keep Ooarai Girls Academy open, the task of saving the five-mile-long Academy Ship from the wreckers falls to Miho and her barely-seasoned tankery team. However, things go off track almost immediately. While the Oorai tank crew may have won the high school tournament, they’re now facing a larger and more experienced university team, and if they fail, their armored vehicles will be forfeit! Will they be swapping their tanks for the memories? It’s possible, but winning a tank battle is all about tactics and teamwork, and the fledgling Ooarai students have more friends and allies than anyone suspects.",2015-11-21,Released,"Action, Animation, Comedy",anime,Tsutomu Mizushima,"Mai Fuchigami, Ikumi Nakagami, Ai Kayano, Ozaki Mami, Yuka Iguchi",0,0,120,6.973,55,2.6445,ja,JP,False,False,OMDb request failed: 401 Client Error: Unauthorized for url: https://www.omdbapi.com/?i=tt5284414&plot=short&apikey=f87d98bd,0.0,1,2015,11,4,1,0.0,0.0,0.0,4.02535169073515,1.2932191818401306,3,1,0,0,0,0,1,1,2.541035630886292,0
326215,tt3411432,Ooops! Noah Is Gone...,Ooops! Noah Is Gone...,"It's the end of the world. A flood is coming. Luckily for Dave and his son Finny, a couple of clumsy Nestrians, an Ark has been built to save all animals. But as it turns out, Nestrians aren't allowed. Sneaking on board with the involuntary help of Hazel and her daughter Leah, two Grymps, they think they're safe. Until the curious kids fall off the Ark. Now Finny and Leah struggle to survive the flood and hungry predators and attempt to reach the top of a mountain, while Dave and Hazel must put aside their differences, turn the Ark around and save their kids. It's definitely not going to be smooth sailing.",2015-03-26,Released,"Adventure, Animation, Comedy, Family","animals, noah's ark, christian film",Toby Genkel,"Callum Maloney, Dermot Magennis, Ava Connolly, Tara Flynn, Paul Tylak",6000000,22783699,85,6.4,338,2.6304,en,BE,False,False,OMDb request failed: 401 Client Error: Unauthorized for url: https://www.omdbapi.com/?i=tt3411432&plot=short&apikey=f87d98bd,3.797283166666667,1,2015,3,1,0,6.0,22.783699,16.783699,5.82600010738045,1.2893428350434402,4,1,1,1,0,0,1,0,4.376078866363583,1
347187,tt3354306,Code Geass: Akito the Exiled 4: Memories of Hatred,コードギアス　亡国のアキト 第4章「憎しみの記憶から」,"While W-0 is away, Leila and the remaining crew at base find themselves surrounded by Britannian Knightmares. Piloting the Vercingetorix, Shin Hyuuga leads the enemy charge, having usurped the position of Grand Master in the Knights of St. Michael. With her core members unavailable, it's up to Leila to protect her comrades, but this may be much tougher than she realizes: a spy lurking among them is finally ready to reveal himself.  Left with no choice but to surrender, Leila arranges a meeting with Shin in order to ensure the safety of her squad. But as negotiations begin to fall apart, Akito and an unexpected ally return in the nick of time to turn things around.",2015-07-04,Released,"Action, Animation, Science Fiction","mecha, giant robot, spin off, military, anime",Kazuki Akane,"Miyu Irino, Maaya Sakamoto, Satoshi Hino, Yoshitsugu Matsuoka, Yoko Hikasa",0,0,60,6.1,55,2.6261,ja,JP,False,False,OMDb request failed: 401 Client Error: Unauthorized for url: https://www.omdbapi.com/?i=tt3354306&plot=short&apikey=f87d98bd,0.0,1,2015,7,3,1,0.0,0.0,0.0,4.02535169073515,1.2881576905513838,3,1,0,0,0,0,0,1,2.32202640719298,0
382517,tt4938374,Open Season: Scared Silly,Open Season: Scared Silly,"The humans and animals believe a werewolf is on the loose, and former hunter Shaw uses the opportunity to re-open the season. Boog, Elliot, and Mr. Weenie have to face their fears and find the werewolf to get the season closed permanently.",2015-12-18,Released,"Adventure, Animation, Comedy, Family, TV Movie","deer, bear, werewolf",David Feiss,"William Townsend, Donny Lucas, Melissa Sturm, Garry Chalk, Kathleen Barr",0,1774429,84,5.9,382,2.6053,en,US,False,False,OMDb request failed: 401 Client Error: Unauthorized for url: https://www.omdbapi.com/?i=tt4938374&plot=short&apikey=f87d98bd,0.0,1,2015,12,4,1,0.0,1.774429,1.774429,5.948034989180646,1.282404985027628,5,1,1,1,0,0,1,0,2.559565996131241,0
296917,tt4219130,PSYCHO-PASS: The Movie,劇場版 PSYCHO-PASS サイコパス,"In a futuristic Japan, the Sibyl System is charged with keeping the peace. When the state of SEAUn brings the Sibyl System in to test its effectiveness, it becomes a haven of peace and safety—for a time. Eventually, terrorists from SEAUn begin appearing in Japan, somehow slipping through the System's security and attacking from within. Desperate for answers, Inspector Akane Tsunemori is sent overseas to bring the terrorists to justice. But when her investigation forces her into a standoff with an old ally, will she be able to pull the trigger?",2015-01-09,Released,"Action, Animation, Science Fiction","civil war, conspiracy, cyberpunk, terrorism, adult animation, injustice, ethical dilemma, anime","Naoyoshi Shiotani, Katsuyuki Motohiro","Kana Hanazawa, Tomokazu Seki, Kenji Nojima, Ayane Sakura, Takahiro Sakurai",0,0,113,7.0,241,2.4768,ja,JP,False,False,OMDb request failed: 401 Client Error: Unauthorized for url: https://www.omdbapi.com/?i=tt4219130&plot=short&apikey=f87d98bd,0.0,1,2015,1,1,0,0.0,0.0,0.0,5.488937726156687,1.2461123305200281,3,1,0,0,0,0,0,1,2.7602575085015073,0
342588,tt4235644,The Empire of Corpses,屍者の帝国,"The story takes place in 19th century Europe, and revolves around John Watson. He is scouted by the government to become a secret agent. However, Watson lives in a world where ""Frankensteins""—human corpses that are re-purposed with a false soul in order to use them as laborers—are used to improve industrial development.",2015-10-02,Released,"Animation, Horror, Science Fiction, Thriller","based on novel or book, gore, steampunk, gunfight, historical, gothic, adult animation, government agent, reanimated corpse, 19th century",Ryotaro Makihara,"Yoshimasa Hosoya, Ayumu Murase, Akio Otsuka, Takayuki Sugo, Taiten Kusunoki",0,0,120,6.219,128,2.4554,ja,JP,False,False,OMDb request failed: 401 Client Error: Unauthorized for url: https://www.omdbapi.com/?i=tt4235644&plot=short&apikey=f87d98bd,0.0,1,2015,10,4,0,0.0,0.0,0.0,4.859812404361672,1.2399382247585446,4,1,0,0,0,0,0,0,2.4697125943680325,0
323027,tt4324302,Justice League: Gods and Monsters,Justice League: Gods and Monsters,"In an alternate universe, very different versions of DC's Trinity fight against the government after they are framed for an embassy bombing.",2015-06-18,Released,"Action, Adventure, Animation, Fantasy, Science Fiction","superhero, super power, excited",Sam Liu,"Benjamin Bratt, Michael C. Hall, Tamara Taylor, Jason Isaacs, C. Thomas Howell",0,0,76,7.091,615,2.3308,en,US,False,False,OMDb request failed: 401 Client Error: Unauthorized for url: https://www.omdbapi.com/?i=tt4324302&plot=short&apikey=f87d98bd,0.0,1,2015,6,2,1,0.0,0.0,0.0,6.423246963533519,1.2032125153795272,5,1,1,0,0,1,0,1,2.916718921836957,1
347413,tt4831682,Little Witch Academia: The Enchanted Parade,リトルウィッチアカデミア 魔法仕掛けのパレード,"In Enchanted Parade, Akko, Lotte and Sucy, having gotten in trouble yet again, are forced to team up with three other troublemakers; Amanda O'Neill, Constance Braunschweig Albrechtsburger and Jasmineka Antonenko, and must make an annual witch parade a success or else face expulsion.",2015-07-03,Released,"Action, Animation, Comedy, Fantasy","witch, magic, sequel, school, anime, magic school",Yoh Yoshinari,"Megumi Han, Fumiko Orikasa, Michiyo Murase, Yoko Hikasa, Noriko Hidaka",0,0,55,7.2,117,2.3056,ja,JP,False,False,OMDb request failed: 401 Client Error: Unauthorized for url: https://www.omdbapi.com/?i=tt4831682&plot=short&apikey=f87d98bd,0.0,1,2015,7,3,1,0.0,0.0,0.0,4.770684624465665,1.1956179999431824,4,1,0,0,0,1,1,1,2.6949453936613272,0
373879,tt6609162,One Piece: Adventure of Nebulandia,ONE PIECE 〜アドベンチャー オブ ネブランディア〜,"The Foxy Pirates challenge Luffy’s crew in the New World, but the fun and games go belly-up when the Navy’s most brilliant tactician steps in. Before the Straw Hats even know what hit them, they wind up on the island of Nebulandia, an infamous death trap for Devil Fruit users. Luffy must team up with his Davy Back nemesis for a harrowing rescue mission when Zoro, Sanji, and some Foxy Pirates are held hostage!",2015-12-20,Released,"Action, Adventure, Animation, Comedy, Fantasy, TV Movie","pirate, super power, anime",Konosuke Uda,"Mayumi Tanaka, Kazuya Nakai, Akemi Okamura, Kappei Yamaguchi, Hiroaki Hirata",0,0,106,7.7,209,2.2547,ja,JP,False,False,OMDb request failed: 401 Client Error: Unauthorized for url: https://www.omdbapi.com/?i=tt6609162&plot=short&apikey=f87d98bd,0.0,1,2015,12,4,1,0.0,0.0,0.0,5.3471075307174685,1.1801001055143776,6,1,1,0,0,1,1,1,2.904081145434777,1
297556,tt3878542,Justice League: Throne of Atlantis,Justice League: Throne of Atlantis,"After the events of Justice League: War, Ocean Master and Black Manta have declared a war against the surface in retaliation of the aftermath of Apokoliptian-tyrant Darkseid's planetary invasion. Queen Atlanna seeks out her other son, Ocean Master’s half-brother Arthur Curry, a half-human with aquatic powers with no knowledge of his Atlantean heritage, to restore balance.  Living with powers he doesn’t understand and seeing the danger around him, Curry takes steps to embrace his destiny, joining the Justice League, and with his new teammates he battles to save Earth from total destruction.",2015-01-13,Released,"Action, Adventure, Animation, Science Fiction","cartoon, based on comic, super power, superhero team, inspirational, dramatic, excited, dc animated movie universe (dcamu)",Ethan Spaulding,"Sean Astin, Rosario Dawson, Nathan Fillion, Christopher Gorham, Matt Lanter",3500000,0,72,6.976,992,2.2396,en,US,False,False,OMDb request failed: 401 Client Error: Unauthorized for url: https://www.omdbapi.com/?i=tt3878542&plot=short&apikey=f87d98bd,0.0,1,2015,1,1,0,3.5,0.0,-3.5,6.900730664045173,1.1754498653926977,4,1,1,0,0,0,0,1,2.9554270794156805,1
331061,tt5331768,Date A Live: Mayuri Judgement,劇場版 デート・ア・ライブ 万由里ジャッジメント,"A huge sphere suddenly began to emit a mysterious spiritual wave to the Tengu City that should have regained its peace. A mysterious, beautiful girl showed up at the same time. Silently, what is her purpose to cast her line of sight to Shidou and the others? The real purpose is...?",2015-08-22,Released,"Action, Animation, Comedy, Romance, Science Fiction","harem, mecha, school, super power, ecchi, anime",Keitaro Motonaga,"Marina Inoue, Ayana Taketatsu, Misuzu Togashi, Nobunaga Shimazaki, Minori Chihara",0,247826,72,7.247,73,2.1419,ja,JP,False,False,OMDb request failed: 401 Client Error: Unauthorized for url: https://www.omdbapi.com/?i=tt5331768&plot=short&apikey=f87d98bd,0.0,1,2015,8,3,0,0.0,0.247826,0.247826,4.30406509320417,1.1448277124650728,5,1,0,0,0,0,1,1,2.6290839208503867,0
326359,tt4007502,Frozen Fever,Frozen Fever,"On Anna's birthday, Elsa and Kristoff are determined to give her the best celebration ever, but Elsa's icy powers may put more than just the party at risk.",2015-03-09,Released,"Adventure, Animation, Comedy, Family","princess, sibling relationship, birthday, cartoon, musical, birthday party, snowman, reindeer, birthday cake, surprise party","Jennifer Lee, Chris Buck","Kristen Bell, Idina Menzel, Jonathan Groff, Josh Gad, Santino Fontana",0,0,8,6.833,1905,2.1143,en,US,False,False,OMDb request failed: 401 Client Error: Unauthorized for url: https://www.omdbapi.com/?i=tt4007502&plot=short&apikey=f87d98bd,0.0,1,2015,3,1,0,0.0,0.0,0.0,7.552762084214147,1.1360044078851723,4,1,1,1,0,0,1,0,3.011564973814898,1
357411,tt3615204,Harmony,ハーモニー,"Set in a future world. Japan has created a great medical technology that controls ethics, health, and social interaction to create a perfect world. Three young girls attempt to stand up to this by committing suicide, but it doesn't work. Years later, Tuan, one of the girls who attempted suicide must prevent a crisis that threatens this ""perfect"" world.",2015-11-13,Released,"Animation, Science Fiction, Thriller","suicide, based on novel or book, immortality, philosophy, dystopia, nanotechnology, post-apocalyptic future, utopia, futuristic, tragedy","Takashi Nakamura, Michael Arias","Miyuki Sawashiro, Reina Ueda, Aya Suzaki, Yoshiko Sakakibara, Shin-ichiro Miki",0,0,119,6.8,97,2.0731,ja,JP,False,False,OMDb request failed: 401 Client Error: Unauthorized for url: https://www.omdbapi.com/?i=tt3615204&plot=short&apikey=f87d98bd,0.0,1,2015,11,4,1,0.0,0.0,0.0,4.584967478670572,1.122686824109285,3,1,0,0,0,0,0,0,2.5561481454169783,0
323661,tt3858372,Mune: Guardian of the Moon,"Mune, le gardien de la lune","When a faun named Mune becomes the Guardian of the Moon, little did he had unprepared experience with the Moon and an accident that could put both the Moon and the Sun in danger, including a corrupt titan named Necross who wants the Sun for himself and placing the balance of night and day in great peril. Now with the help of a wax-child named Glim and the warrior, Sohone who also became the Sun Guardian, they go out on an exciting journey to get the Sun back and restore the Moon to their rightful place in the sky.",2015-02-05,Released,"Adventure, Animation, Family, Fantasy","moon, guardian","Benoît Philippon, Alexandre Heboyan","Michaël Grégorio, Omar Sy, Izïa Higelin, Féodor Atkine, Éric Herson-Macarel",17000000,15730665,86,7.282,595,2.0433,fr,FR,False,False,OMDb request failed: 401 Client Error: Unauthorized for url: https://www.omdbapi.com/?i=tt3858372&plot=short&apikey=f87d98bd,0.9253332352941176,1,2015,2,1,0,17.0,15.730665,-1.269335,6.39024066706535,1.1129424529762648,4,1,1,1,0,1,0,0,3.362377423888595,1
355338,tt4941804,Riley's First Date?,Riley's First Date?,"Riley, now 12, who is hanging out with her parents at home when potential trouble comes knocking. Mom's and Dad's Emotions find themselves forced to deal with Riley going on her first ""date.""",2015-11-03,Released,"Animation, Family","parent child relationship, rock music, boyfriend, first date, emotions, overprotective father, short film",Josh Cooley,"Kaitlyn Dias, Ben Cox, Kyle MacLachlan, Diane Lane, Pete Docter",0,0,5,7.187,1106,2.0127,en,US,False,False,OMDb request failed: 401 Client Error: Unauthorized for url: https://www.omdbapi.com/?i=tt4941804&plot=short&apikey=f87d98bd,0.0,1,2015,11,4,1,0.0,0.0,0.0,7.009408932708637,1.102836686654546,2,1,0,1,0,0,0,0,3.0135868429044774,1
291270,tt2401878,Anomalisa,Anomalisa,An inspirational speaker becomes reinvigorated after meeting a lively woman who shakes up his mundane existence.,2015-12-30,Released,"Animation, Comedy, Drama, Romance","depression, nightmare, love at first sight, melancholy, puppet, stop motion, adult animation, existentialism, somber, convention","Charlie Kaufman, Duke Johnson","David Thewlis, Jennifer Jason Leigh, Tom Noonan",8000000,5700000,91,7.101,1824,2.008,en,US,False,False,OMDb request failed: 401 Client Error: Unauthorized for url: https://www.omdbapi.com/?i=tt2401878&plot=short&apikey=f87d98bd,0.7125,1,2015,12,4,1,8.0,5.7,-2.3,7.509335266016592,1.1012754060875933,4,1,0,0,1,0,1,0,3.3874666008156273,1
321528,tt4324274,Batman vs. Robin,Batman vs. Robin,"Damian Wayne is having a hard time coping with his father's ""no killing"" rule. Meanwhile, Gotham is going through hell with threats such as the insane Dollmaker, and the secretive Court of Owls.",2015-04-03,Released,"Action, Adventure, Animation, Crime","superhero, cartoon, based on comic, robin, super power, dollmaker, court of owls, witty, excited, vibrant",Jay Oliva,"Jason O'Mara, Stuart Allan, David McCallum, Sean Maher, Jeremy Sisto",0,0,80,7.228,989,1.9799,en,US,False,False,OMDb request failed: 401 Client Error: Unauthorized for url: https://www.omdbapi.com/?i=tt4324274&plot=short&apikey=f87d98bd,0.0,1,2015,4,2,0,0.0,0.0,0.0,6.897704943128636,1.091889742907283,4,1,1,0,0,0,0,1,3.0054392029053876,1
357400,tt4307880,Digimon Adventure tri. Part 1: Reunion,デジモンアドベンチャー tri. 第１章「再会」,"After years of inactivity, the DigiDestined regroup with their Digimon to save their world, but have the years changed their characters too much?",2015-11-21,Released,"Action, Adventure, Animation, Drama, Family, Fantasy, Science Fiction","monster, sequel, reunion, family, anime, based on anime",Keitaro Motonaga,"Natsuki Hanae, Yoshimasa Hosoya, Mao Ichimichi, Suzuko Mimori, Mutsumi Tamura",0,1928616,97,6.801,98,1.8708,ja,JP,False,False,OMDb request failed: 401 Client Error: Unauthorized for url: https://www.omdbapi.com/?i=tt4307880&plot=short&apikey=f87d98bd,0.0,1,2015,11,4,1,0.0,1.928616,1.928616,4.59511985013459,1.0545907365737799,7,1,1,1,1,1,0,1,2.5477065880062555,0
321487,tt4971484,Initial D Legend 2: Racer,新劇場版「頭文字D」Legend2 -闘走-,"The leader of rival group Myogi NightKids, Takeshi, wants to challenge the now infamous Takumi in a race down Akina. As Takumi questions his identity as a racer, he discovers that, behind the wheel, there’s more to lose than just a simple race.",2015-05-23,Released,"Action, Animation, Drama","car race, street race, racing, drifting, based on manga, mountain pass, anime, motorsport",Masamitsu Hidaka,"Hiroaki Hirata, Hiroshi Tsuchida, Maaya Uchida, Mamoru Miyano, Yuichi Nakamura",0,220527,60,7.8,79,1.8643,ja,JP,False,False,OMDb request failed: 401 Client Error: Unauthorized for url: https://www.omdbapi.com/?i=tt4971484&plot=short&apikey=f87d98bd,0.0,1,2015,5,2,0,0.0,0.220527,0.220527,4.382026634673881,1.0523239922159993,3,1,0,0,1,0,0,1,2.765152594033482,0
353595,tt4938416,LEGO DC Comics Super Heroes: Justice League - Attack of the Legion of Doom!,LEGO DC Comics Super Heroes: Justice League - Attack of the Legion of Doom!,"Crime is on the run as the newly formed Justice League keeps Metropolis safe and this makes evil genius Lex Luthor very unhappy. Together with Black Manta, Sinestro and a gang of ruthless recruits, Lex builds his own league and declares them the Legion of Doom. With this super powered team of terror and a plan to attack the top-secret government site, Area 52, can Lex finally be on the verge of victory? Sound the alarm and get ready for the bricks to fly when Superman, Batman, Wonder Woman and the rest of the Justice League face off against the world's greatest Super-Villains! It's the next all-new original movie from LEGO® and DC Comics.",2015-08-25,Released,"Action, Adventure, Animation, Comedy, Family",superhero team,Rick Morales,"Mark Hamill, Troy Baker, Nolan North, Josh Keaton, Khary Payton",0,0,77,6.597,145,1.8482,en,US,False,False,OMDb request failed: 401 Client Error: Unauthorized for url: https://www.omdbapi.com/?i=tt4938416&plot=short&apikey=f87d98bd,0.0,1,2015,8,3,0,0.0,0.0,0.0,4.983606621708336,1.0466872158031904,5,1,1,1,0,0,1,1,2.553794075626729,0
358632,tt4663760,Typhoon Noruda,台風のノルダ,"As an unexpected typhoon bears down on a small tropical island, a group of students trapped at school find themselves forced to put aside their personal issues and work together. Not only to save themselves, but possibly the lives of everyone on the planet!",2015-06-05,Released,"Animation, Science Fiction","saving the world, damsel in distress, typhoon, anime",Yojiro Arai,"Shuhei Nomura, Daichi Kaneko, Kaya Kiyohara, Hideki Kojima, Lynn",0,0,27,6.5,53,1.8047,ja,JP,False,False,OMDb request failed: 401 Client Error: Unauthorized for url: https://www.omdbapi.com/?i=tt4663760&plot=short&apikey=f87d98bd,0.0,1,2015,6,2,1,0.0,0.0,0.0,3.9889840465642745,1.0312965813832426,2,1,0,0,0,0,0,0,2.3780420941921276,0
311054,tt4125300,The Case of Hana & Alice,花とアリス殺人事件,"After transferring to Ishinomori Middle School, Tetsuko ""Alice"" Arisugawa overhears her classmates discussing a strange rumor. The previous occupant of her seat, a nondescript ""Judas,"" is missing and presumed murdered. Amidst dealing with her mother's undesired meddling in her affairs and warding off her classmates' bullying, the troubled Alice starts to investigate the mystery surrounding Judas' disappearance. The trail of clues leads her to the house of her next-door neighbor, the quirky and reclusive Hana Arai.",2015-02-20,Released,"Animation, Comedy, Mystery","friendship, bullying, rotoscoping, first love, anime, girls' love (gl)",Shunji Iwai,"Yu Aoi, Anne Suzuki, Ryo Katsuji, Haru Kuroki, Tae Kimura",0,0,98,7.313,171,1.7972,ja,JP,False,False,OMDb request failed: 401 Client Error: Unauthorized for url: https://www.omdbapi.com/?i=tt4125300&plot=short&apikey=f87d98bd,0.0,1,2015,2,1,0,0.0,0.0,0.0,5.147494476813453,1.0286189168475748,3,1,0,0,0,0,1,0,2.754667009049154,0
367961,tt4075322,Savva. Heart of the Warrior,Савва. Сердце воина,A fairytale about a grand life journey of a 10-year old boy Savva devoted to help his Mom and fellow village people to break free from the vicious hyenas.,2015-11-12,Released,"Adventure, Animation, Family, Fantasy","village, creature, battle, monkey, hyena",Maxim Fadeev,"Maksim Chukharyov, Konstantin Khabenskiy, Mikhail Galustyan, Fyodor Bondarchuk, Natalya Chistyakova-Ionova",30000000,0,85,5.472,53,1.7226,ru,RU,False,False,OMDb request failed: 401 Client Error: Unauthorized for url: https://www.omdbapi.com/?i=tt4075322&plot=short&apikey=f87d98bd,0.0,1,2015,11,4,1,30.0,0.0,-30.0,3.9889840465642745,1.0015873060962357,4,1,1,1,0,1,0,0,2.1165857028990764,0
361380,tt5042426,Barbie & Her Sisters in the Great Puppy Adventure,Barbie & Her Sisters in the Great Puppy Adventure,"Barbie and her sisters, Skipper, Stacie and Chelsea, and their adorable new puppy friends find unexpected mystery and adventure when they return to their hometown of Willows. While going through mementos in Grandma's attic, the sisters discover an old map, believed to lead to a long-lost treasure buried somewhere in the town. With their puppy pals in tow, the four girls go on an exciting treasure hunt, along the way discovering that the greatest treasure of all is the love and laughter they share as sisters!",2015-10-07,Released,"Adventure, Animation, Family","puppy, based on toy, female protagonist, dog, 3d animation",Andrew Tan,"Kelly Sheridan, Kazumi Evans, Claire Maggie Corlett, Alyssya Swales, Chelsea Miller",0,0,76,7.07,286,1.6903,en,US,False,False,OMDb request failed: 401 Client Error: Unauthorized for url: https://www.omdbapi.com/?i=tt5042426&plot=short&apikey=f87d98bd,0.0,1,2015,10,4,0,0.0,0.0,0.0,5.659482215759621,0.9896527115589593,3,1,1,1,0,0,0,0,2.764870239097787,0
357416,tt4872210,High☆Speed!: Free! Starting Days,映画 ハイ☆スピード！-Free! Starting Days-,"Middle school freshmen Haruka and Makoto join the school swim team, and have to join forces with their new teammates to win.",2015-12-05,Released,"Animation, Comedy, Drama","sports, slice of life, school, swimming, anime",Yasuhiro Takemoto,"Koki Uchiyama, Nobunaga Shimazaki, Tatsuhisa Suzuki, Satomi Sato, Kenji Nojima",0,0,110,6.92,56,1.688,ja,JP,False,False,OMDb request failed: 401 Client Error: Unauthorized for url: https://www.omdbapi.com/?i=tt4872210&plot=short&apikey=f87d98bd,0.0,1,2015,12,4,1,0.0,0.0,0.0,4.04305126783455,0.9887974226609031,3,1,0,0,1,0,1,0,2.484777303574318,0
267970,tt3689910,Miss Hokusai,百日紅 〜Miss HOKUSAI〜,"A daughter is constantly overshadowed by her famous father, but she is determined to make her own mark in the world.",2015-05-09,Released,"Animation, Drama, History","japan, artist, biography, tokyo, japan, based on manga, art history, edo period, anime, ukiyo-e, genre of art",Keiichi Hara,"Anne Watanabe, Kumiko Aso, Gaku Hamada, Kengo Kora, Yutaka Matsushige",0,0,90,6.699,156,1.6061,ja,JP,False,False,OMDb request failed: 401 Client Error: Unauthorized for url: https://www.omdbapi.com/?i=tt3689910&plot=short&apikey=f87d98bd,0.0,1,2015,5,2,0,0.0,0.0,0.0,5.056245805348308,0.9578548509518475,3,1,0,0,1,0,0,0,2.576865098445023,0
357390,tt5234428,Ajin: Demi-Human – Compel,亜人 第１部「衝動」,"For high schooler Kei—and for at least forty-six others—immortality comes as the nastiest surprise ever.  Sadly for Kei, such a feat doesn't make him a superhero. In the eyes of both the general public and governments, he's a rare specimen who needs to be hunted down and handed over to scientists to be experimented on for life—a demi-human who must die a thousand deaths for the benefit of humanity.",2015-11-27,Released,"Action, Animation, Thriller","immortality, based on manga, anime, horror","Hiroyuki Seshita, Hiroaki Ando","Mamoru Miyano, Yoshimasa Hosoya, Aya Suzaki, Daisuke Hirakawa, Hiroyuki Kinoshita",0,0,104,7.1,65,1.5795,ja,JP,False,False,OMDb request failed: 401 Client Error: Unauthorized for url: https://www.omdbapi.com/?i=tt5234428&plot=short&apikey=f87d98bd,0.0,1,2015,11,4,1,0.0,0.0,0.0,4.189654742026425,0.9475955817025675,3,1,0,0,0,0,0,1,2.545587548559349,0
333622,tt4539114,Beyond the Boundary: I'll Be Here – Future,劇場版 境界の彼方 -I'll Be Here- 未来篇,"The battle is over, and they can go about their normal lives now... or so they thought. With no time to rejoice after miraculously saving Mirai from Beyond the Boundary, Mirai lost all her memories. Akihito, now a high school senior, starts to avoid Mirai thinking it’s for the better. Not aware of Akihito’s feelings, Mirai tries to get closer to Akihito. Then, someone who knows of Mirai appears in front of the two. With Akihito’s troubles in vain, Mirai once again sets forth on a battle that forces her to look within.",2015-04-25,Released,"Action, Animation, Comedy, Drama, Fantasy","supernatural, sequel, romance, anime, based on light novel",Taichi Ishidate,"Risa Taneda, KENN, Minori Chihara, Tatsuhisa Suzuki, Akeno Watanabe",0,0,90,7.433,97,1.5692,ja,JP,False,False,OMDb request failed: 401 Client Error: Unauthorized for url: https://www.omdbapi.com/?i=tt4539114&plot=short&apikey=f87d98bd,0.0,1,2015,4,2,0,0.0,0.0,0.0,4.584967478670572,0.9435945664015003,5,1,0,0,1,1,1,1,2.687534306760811,0
347688,tt4717798,Scooby-Doo! and KISS: Rock and Roll Mystery,Scooby-Doo! and KISS: Rock and Roll Mystery,"Get ready to Rock! Scooby-Doo and the Mystery Inc. Gang team up with the one and only KISS in this all-new, out-of-this-world adventure! We join the Gang at KISS World – the all-things-KISS theme park, as they investigate a series of strange hauntings. With help from KISS, they discover that the Crimson Witch has returned to summon The Destroyer from the alternate dimension of Kissteria! The evil duos ghastly plan, to destroy the earth! Can the Gang's cunning and KISS's power of rock save the day?!",2015-07-09,Released,"Animation, Comedy, Family, Mystery",,"Spike Brandt, Tony Cervone","Frank Welker, Mindy Cohn, Matthew Lillard, Grey DeLisle, Gene Simmons",0,0,79,8.0,343,1.569,en,US,False,False,OMDb request failed: 401 Client Error: Unauthorized for url: https://www.omdbapi.com/?i=tt4717798&plot=short&apikey=f87d98bd,0.0,1,2015,7,3,1,0.0,0.0,0.0,5.840641657373398,0.9435167181277465,4,1,0,1,0,0,1,0,3.0176237563251713,1
333623,tt3837248,Love Live! The School Idol Movie,ラブライブ！The School Idol Movie,"Although μ's, the defending champions of the school idol tournament, plans to dissolve their group after the graduation of their senior members, they receive news that leads them to holding a concert event! The 9 girls continue to learn and grow in this new and unfamiliar world. What is the last thing that these girls can do as school idols? With the clock ticking, what kind of meaning will the μ's members find in performing the most exciting live performance?",2015-06-13,Released,"Animation, Comedy, Music","dance, friends, slice of life, school, singing, anime, idol group, idol, comforting",Takahiko Kyougoku,"Emi Nitta, Aya Uchida, Suzuko Mimori, Pile, Yurika Kubo",0,22069046,99,7.6,62,1.5411,ja,JP,False,False,OMDb request failed: 401 Client Error: Unauthorized for url: https://www.omdbapi.com/?i=tt3837248&plot=short&apikey=f87d98bd,0.0,1,2015,6,2,1,0.0,22.069046,22.069046,4.143134726391533,0.9325970581484647,3,1,0,0,0,0,1,0,2.6613597676809997,0
264419,tt4643580,Huevos: Little Rooster's Egg-Cellent Adventure,Un gallo con muchos huevos,"Toto has grown and now is a young cock. An evil rancher tricks the female owner of the ranch where they live and forces her to bet the property in a cockfight in the arena. Toto is the only option to defend their home, so he must train in just one week and win the championship of the arena.",2015-09-04,Released,"Adventure, Animation, Comedy, Family","chicken, adult animation","Gabriel Riva Palacio Alatriste, Rodolfo Riva Palacio Alatriste","Bruno Bichir, Maite Perroni, Carlos Espejel, Angélica Vale, Omar Chaparro",5300000,26072723,99,6.993,224,1.5119,es,MX,False,False,OMDb request failed: 401 Client Error: Unauthorized for url: https://www.omdbapi.com/?i=tt4643580&plot=short&apikey=f87d98bd,4.919381698113208,1,2015,9,3,0,5.3,26.072723,20.772723,5.41610040220442,0.9210394388963589,4,1,1,1,0,0,1,0,4.91254274031606,1
327418,tt4437640,Batman Unlimited: Animal Instincts,Batman Unlimited: Animal Instincts,"Gotham City is under siege by a series of bizarre crimes and only the world's greatest detective, Batman, can unravel the mystery! The trail leads to none other than the Penguin and his Animilitia, an animal-inspired squad of villains including Silverback, Cheetah, Killer Croc and the monstrous Man-Bat.",2015-05-12,Released,"Action, Animation, Family","superhero, cartoon, super power",Butch Lukic,"Roger Craig Smith, Chris Diamantopoulos, Dana Snyder, Will Friedle, Charlie Schlatter",0,0,78,5.886,166,1.4088,en,US,False,False,OMDb request failed: 401 Client Error: Unauthorized for url: https://www.omdbapi.com/?i=tt4437640&plot=short&apikey=f87d98bd,0.0,1,2015,5,2,0,0.0,0.0,0.0,5.117993812416755,0.8791286981853871,3,1,0,1,0,0,0,1,2.3710683765903213,0
366644,tt4788934,The Guardian Brothers,小门神,"There's a crisis in the Chinese Spirit World -- humans don't believe in gods anymore! A Door God, facing unemployment, ventures into the human world to prove his worth, leading to unexpected encounters and transformations for humans and spirits alike.",2015-06-25,Released,"Animation, Family, Fantasy","god, guardian",Gary Wang,"Gao Xiaosong, White-K, Yu Xinyi, Joshua, Bi Xiaolan",10000000,0,103,6.0,152,1.4076,zh,CN,False,False,OMDb request failed: 401 Client Error: Unauthorized for url: https://www.omdbapi.com/?i=tt4788934&plot=short&apikey=f87d98bd,0.0,1,2015,6,2,1,10.0,0.0,-10.0,5.030437921392435,0.8786304006914787,3,1,0,1,0,1,0,0,2.386360248312587,0
324963,tt4137924,Monster High: Haunted,Monster High: Haunted,"Lurk what's waiting for the Monster High ghouls when they bring their killer fashion to the howlways of the spooktacular Haunted High! When the ghouls of Monster High follow Spectra Vondergeist one day, they discover a creeperiffic Ghost World with an all-spirit school. But their scary-cute student bodies are hardly welcome with the very strict Principal Revenant, and she punishes Spectra with frightful detention chains that prevent her from re-joining Monster High. Now, it's up to the imperfectly perfect friends to take on ghostly forms in order to save one of their own from disappearing forever!",2015-03-02,Released,"Animation, Family, Fantasy","school, ghost","Dan Fraga, William Lau","Haviland Stillwell, Karen Strassman, Laura Bailey, America Young, Cam Clarke",0,0,75,7.5,199,1.3618,en,US,False,False,OMDb request failed: 401 Client Error: Unauthorized for url: https://www.omdbapi.com/?i=tt4137924&plot=short&apikey=f87d98bd,0.0,1,2015,3,1,0,0.0,0.0,0.0,5.298317366548036,0.8594240401850441,3,1,0,1,0,1,0,0,2.798661211009962,1
355111,tt4955162,Barbie in Rock 'N Royals,Barbie in Rock 'N Royals,"When royal Princess Courtney trades places with famous rock star Erika, two worlds collide while both learn to appreciate new friends and experiences.",2015-08-12,Released,"Animation, Family, Music","princess, based on toy, female protagonist, swap roles, 3d animation, music",Karen J. Lloyd,"Kelly Sheridan, Chiara Zanni, Bethany Brown, Devyn Dalton, Michael Dobson",0,0,84,6.932,317,1.3584,en,US,False,False,OMDb request failed: 401 Client Error: Unauthorized for url: https://www.omdbapi.com/?i=tt4955162&plot=short&apikey=f87d98bd,0.0,1,2015,8,3,0,0.0,0.0,0.0,5.762051382780177,0.8579834230128804,3,1,0,1,0,0,0,0,2.726005220868959,0
286192,tt3824386,Lava,Lava,"Inspired by the isolated beauty of tropical islands and the explosive allure of ocean volcanoes, Lava is a musical love story that takes place over millions of years.",2015-06-18,Released,"Animation, Family","volcano, musical, romance, loneliness, native hawaiian, short film",James Ford Murphy,"Napua Greig, Kuana Torres Kahele",0,0,7,7.256,1133,1.3308,en,US,False,False,OMDb request failed: 401 Client Error: Unauthorized for url: https://www.omdbapi.com/?i=tt3824386&plot=short&apikey=f87d98bd,0.0,1,2015,6,2,1,0.0,0.0,0.0,7.033506484287697,0.846211556286782,2,1,0,1,0,0,0,0,2.995957706086172,1
343977,tt4692656,Tom and Jerry: Spy Quest,Tom and Jerry: Spy Quest,Two groups of classic cartoon characters come together in this fun-filled crossover with the popular action-adventure series Jonny Quest. Fans of all ages won't want to miss this heart-stopping romp as Tom and Jerry join Jonny Quest and his pal Hadji and embark on a dangerous spy mission in order to save the world.,2015-06-09,Released,"Animation, Comedy, Family","cartoon, parody, anthropomorphism, animals","Tony Cervone, Spike Brandt","Reese Hartwig, James Hong, Grey DeLisle, Tim Matheson, Jess Harnell",0,0,73,5.984,62,1.2898,en,US,False,False,OMDb request failed: 401 Client Error: Unauthorized for url: https://www.omdbapi.com/?i=tt4692656&plot=short&apikey=f87d98bd,0.0,1,2015,6,2,1,0.0,0.0,0.0,4.143134726391533,0.8284644775075749,3,1,0,1,0,0,1,0,2.2417398805848663,0
336313,tt2141773,Hell and Back,Hell and Back,Two best friends set out to rescue their pal after he's accidentally dragged to hell.,2015-10-02,Released,"Adventure, Animation, Comedy, Fantasy","tree, hell, carnival, vulgar, stop motion, devil, adult animation, disturbed, portal to hell, male rape","Tom Gianas, Ross Shuman","Nick Swardson, T.J. Miller, Mila Kunis, Bob Odenkirk, Susan Sarandon",0,157768,86,5.279,213,1.2605,en,US,False,False,OMDb request failed: 401 Client Error: Unauthorized for url: https://www.omdbapi.com/?i=tt2141773&plot=short&apikey=f87d98bd,0.0,1,2015,10,4,0,0.0,0.157768,0.157768,5.365976015021851,0.8155860277525228,4,1,1,0,0,1,1,0,2.246984306416156,0
342917,tt4729754,Batman Unlimited: Monster Mayhem,Batman Unlimited: Monster Mayhem,"The Joker is aided in his Halloween quest to render modern technology useless and take over Gotham City by Solomon Grundy, Silver Banshee, Clayface and Scarecrow.",2015-08-18,Released,"Action, Animation, Family","superhero, cartoon, super power",Butch Lukic,"Roger Craig Smith, Troy Baker, Chris Diamantopoulos, Kari Wührer, Noel Fisher",0,0,81,6.27,159,1.2515,en,US,False,False,OMDb request failed: 401 Client Error: Unauthorized for url: https://www.omdbapi.com/?i=tt4729754&plot=short&apikey=f87d98bd,0.0,1,2015,8,3,0,0.0,0.0,0.0,5.075173815233827,0.8115966607594893,3,1,0,1,0,0,0,1,2.4505155713989972,0
360404,tt4779496,"Monster High: Boo York, Boo York","Monster High: Boo York, Boo York","It's fright lights, big city when the Monster High ghouls head to Boo York! Cleo de Nile is invited to attend a gancy gala celebrating the return of the magical comet and, of course, she brings along her beast friends. But their trip isn't all fun and frightseeing because Nefera, Cleo's sister, uses the comet's power for her own spooktacularly sneaky plans. Can the monsters unwrap the mystery of the comet in time to stop Nefera? Find out in Booy York, Boo York, the first-ever Monster High musical, featuring eight original songs.",2015-10-19,Released,"Animation, Family, Music",high school,William Lau,"Salli Saffioti, Missi Hale, TJ Smith, Evan Smith, Wendee Lee",0,0,72,7.768,192,1.2506,en,US,False,False,OMDb request failed: 401 Client Error: Unauthorized for url: https://www.omdbapi.com/?i=tt4779496&plot=short&apikey=f87d98bd,0.0,1,2015,10,4,0,0.0,0.0,0.0,5.262690188904886,0.8111968473337595,3,1,0,1,0,0,0,0,2.853083055435797,1
370086,tt5377164,LEGO Scooby-Doo! Knight Time Terror,LEGO Scooby-Doo! Knight Time Terror,"Mystery Inc. is summoned to investigate occurrences in a haunted villa, where a black knight terrorizes anybody who tries to get close to treasure hidden by the former owner of the building.",2015-11-25,Released,"Animation, Comedy, Family, Mystery","friendship, friends",Rick Morales,"Frank Welker, Matthew Lillard, Grey DeLisle, Kate Micucci, Colleen O'Shaughnessey",0,0,22,7.981,80,1.2011,en,US,False,False,OMDb request failed: 401 Client Error: Unauthorized for url: https://www.omdbapi.com/?i=tt5377164&plot=short&apikey=f87d98bd,0.0,1,2015,11,4,1,0.0,0.0,0.0,4.394449154672439,0.7889572354059212,4,1,0,1,0,0,1,0,2.772760958511754,1
329365,tt4483100,Mobile Suit Gundam: The Origin I - Blue-Eyed Casval,機動戦士ガンダム THE ORIGIN I 青い瞳のキャスバル,"Universal Century 0068, Side 3 - The Autonomous Republic of Munzo. Zeon Zum Deikun attempts to declare complete independence of Munzo from the Earth Federation Government, while he preaches the evolutionary potential of humans who have advanced into outer space. Deikun however suddenly falls to his death in the middle of his speech at parliament. Upon Deikun's death, Jimba Ral spreads word of a House of Zabi conspiracy - but despite such efforts the power and sphere of influence of House of Zabi, led by Degwin Sodo Zabi, only seem to escalate. While we witness for the first time the untold convulsions of Universal Century history, Casval and Artesia, just bereaved of their father, must face destinies which will be just as tumultuous as the very era itself.",2015-02-28,Released,"Action, Animation, Science Fiction","future, prequel, space, mecha, piloted robot, alternate history, based on manga, anime, original video animation (ova), gundam","Yoshikazu Yasuhiko, Takashi Imanishi","Mayumi Tanaka, Megumi Han, Ayumi Tsunematsu, Eizo Tsuda, Miyuki Ichijou",0,0,63,6.853,51,1.1959,ja,JP,False,False,OMDb request failed: 401 Client Error: Unauthorized for url: https://www.omdbapi.com/?i=tt4483100&plot=short&apikey=f87d98bd,0.0,1,2015,2,1,0,0.0,0.0,0.0,3.9512437185814275,0.7865919852698087,3,1,0,0,0,0,0,1,2.423925355577685,0
302960,tt4215766,Scooby-Doo! Moon Monster Madness,Scooby-Doo! Moon Monster Madness,"It's one giant step for dog-kind as Scooby-Doo and the Gang blast off for an epic, other-worldly adventure in this all-new original movie! After winning the last 5 seats in a lottery, Scooby-Doo, Shaggy, Fred, Daphne and Velma are off to space in billionaire Sly Baron's brand new ship, the Sly Star One. It's all gravity-free fun until a mysterious alien begins destroying the ship! As the ship breaks down, the crew is forced to land on Sly Baron's base... on the dark side of the moon! Will the gang unravel this alien mystery? Will Scooby-Doo and Shaggy find snacks on the moon? Will Fred ever take his space helmet off?! Journey to the outer limits with Scooby-Doo to find out!",2015-02-03,Released,"Adventure, Animation, Comedy, Family, Mystery, Science Fiction","moon, alien, criminal investigation",Paul McEvoy,"Frank Welker, Matthew Lillard, Grey DeLisle, Mindy Cohn, Mark Hamill",0,0,80,7.701,174,1.1921,en,US,False,False,OMDb request failed: 401 Client Error: Unauthorized for url: https://www.omdbapi.com/?i=tt4215766&plot=short&apikey=f87d98bd,0.0,1,2015,2,1,0,0.0,0.0,0.0,5.1647859739235145,0.7848599884831448,6,1,1,1,0,0,1,0,2.817696894360999,1
374251,tt5095510,Stick Man,Stick Man,"Stick Man lives in the family tree with his Stick Lady Love and their stick children three, and he's heading on an epic adventure across the seasons. Will he get back to his family in time for Christmas?",2015-12-07,Released,"Animation, Family, TV Movie","winter, holiday, home, tree, narration, santa claus, anthropomorphism, swan, based on children's book, stick","Jeroen Jaspaert, Daniel Snaddon","Martin Freeman, Hugh Bonneville, Jennifer Saunders, Russell Tovey, Sally Hawkins",0,1378503,27,6.8,116,1.1394,en,GB,False,False,OMDb request failed: 401 Client Error: Unauthorized for url: https://www.omdbapi.com/?i=tt5095510&plot=short&apikey=f87d98bd,0.0,1,2015,12,4,1,0.0,1.378503,1.378503,4.762173934797756,0.7605254158898934,3,1,0,1,0,0,0,0,2.5284049026031474,0
349158,tt4450396,My Little Pony: Equestria Girls - Friendship Games,My Little Pony: Equestria Girls - Friendship Games,"Canterlot High meets its rival school, Crystal Prep Academy, in a competition that’s a long-standing tradition – The Friendship Games. Sunset Shimmer is tasked with keeping magic out of the games to avoid the appearance of impropriety while she and her friends compete against Crystal Prep’s top students led by someone with an equal amount of interest in Equestrian magic – this world’s TWILIGHT SPARKLE.",2015-10-24,Released,"Animation, Family, Music","high school, friendship, sequel, equestria girls",Ishi Rudell,"Tara Strong, Rebecca Shoichet, Ashleigh Ball, Andrea Libman, Tabitha St. Germain",0,222840,72,7.406,144,1.1296,en,CA,False,False,OMDb request failed: 401 Client Error: Unauthorized for url: https://www.omdbapi.com/?i=tt4450396&plot=short&apikey=f87d98bd,0.0,1,2015,10,4,0,0.0,0.22284,0.22284,4.976733742420574,0.7559341686587101,3,1,0,1,0,0,0,0,2.7114001866618924,0
316322,tt4215332,Barbie in Princess Power,Barbie in Princess Power,"Barbie is Kara - a modern-day princess with a normal life. Kissed by a butterfly which gives her superpowers and allows her to become a Super Sparkle, she is ready to save the kingdom from evil - were it not for her jealous cousin who is also kissed by the butterfly and becomes her rival and nemesis. Watch as Super Sparkle and Dark Sparkle learn that together they can become a great team for good once they learn the power of friendship.",2015-01-29,Released,"Animation, Family","princess, secret identity, superhero, based on toy, female protagonist, super power, teen superhero, 3d animation",Ezekiel Norton,"Kelly Sheridan, Britt Irvin, Michael Kopsa, Rebecca Husain, Kira Tozer",0,0,74,6.166,226,1.1088,en,US,False,False,OMDb request failed: 401 Client Error: Unauthorized for url: https://www.omdbapi.com/?i=tt4215332&plot=short&apikey=f87d98bd,0.0,1,2015,1,1,0,0.0,0.0,0.0,5.424950017481403,0.746119065326051,2,1,0,1,0,0,0,0,2.4671603624211182,0
311056,tt4531412,Beyond the Boundary: I'll Be Here – Past,劇場版 境界の彼方 -I'll Be Here- 過去篇,"It all began quite suddenly. Akihito, who appears human but is actually half yomu with the power to quickly heal himself, sees a freshman girl who appears ready to jump from the school rooftop. The girl, Mirai, who has the ability to manipulate blood, which is unique even among members of the spirit world, continues to fight her isolation. Akihito decides at that moment to save Mirai, but disturbing events soon begin to unfold.",2015-03-15,Released,"Action, Animation, Comedy, Drama, Fantasy","supernatural, romance, compilation, edited from tv series, anime, based on light novel",Taichi Ishidate,"Risa Taneda, KENN, Minori Chihara, Tatsuhisa Suzuki, Ayako Kawasumi",0,0,82,6.862,87,1.0822,ja,JP,False,False,OMDb request failed: 401 Client Error: Unauthorized for url: https://www.omdbapi.com/?i=tt4531412&plot=short&apikey=f87d98bd,0.0,1,2015,3,1,0,0.0,0.0,0.0,4.477336814478207,0.7334250270585155,5,1,0,0,1,1,1,1,2.4971142762305085,0
374252,tt5174284,Shaun the Sheep: The Farmer's Llamas,Shaun the Sheep: The Farmer's Llamas,"Shaun bluffs his dimwitted farmer master into bidding for three llamas at a county fair. Once they arrive, however, they cause such chaotic destructive mayhem that Shaun has to carefully remove them – high-speed chases, careful rooftop scrambles and dangerous falls ensue.",2015-11-13,Released,"Animation, Comedy, Family, TV Movie","sheep, countryside, farmer, claymation, sheep farm, plasticine, llama",Jay Grace,"Justin Fletcher, John Sparkes, Sean Connolly, Chris Grimes, Kate Harbour",0,0,30,6.595,74,1.0052,en,GB,False,False,OMDb request failed: 401 Client Error: Unauthorized for url: https://www.omdbapi.com/?i=tt5174284&plot=short&apikey=f87d98bd,0.0,1,2015,11,4,1,0.0,0.0,0.0,4.31748811353631,0.6957438064072113,4,1,0,1,0,0,1,0,2.400734787991528,0
337755,tt4236890,Star Wars Rebels: The Siege of Lothal,Star Wars Rebels: The Siege of Lothal,"The Inquisitor is dead. The Ghost crew has connected with other rebel cells. And a new ally named Ahsoka Tano has emerged. Despite these successes and developments, the fight against the Empire takes a deadly turn, as the evil Sith Lord Darth Vader comes to Lothal.",2015-04-18,Released,"Action, Adventure, Animation, Science Fiction, TV Movie",,"Bosco Ng, Brad Rau","Taylor Gray, Freddie Prinze Jr., James Earl Jones, Vanessa Marshall, Tiya Sircar",0,0,44,7.888,94,0.9973,en,US,False,False,OMDb request failed: 401 Client Error: Unauthorized for url: https://www.omdbapi.com/?i=tt4236890&plot=short&apikey=f87d98bd,0.0,1,2015,4,2,0,0.0,0.0,0.0,4.553876891600541,0.691796268488989,5,1,1,0,0,0,0,1,2.7588509740134293,0
322456,tt4189260,LEGO DC Comics Super Heroes: Justice League vs. Bizarro League,LEGO DC Comics Super Heroes: Justice League vs. Bizarro League,"Superman’s clone, Bizarro, has become an embarrassing problem. Chaos and destruction follow Bizarro everywhere as he always hears the opposite of what is said, says the opposite of what he means and does the opposite of what is right. And when the citizens of Metropolis keep confusing Bizarro with Superman, the Man of Steel decides it’s time to find a new home for him…on another planet! It’s up to the Justice League to come to terms with their backward counterparts and team up with them to stop Darkseid and save the galaxy!",2015-02-10,Released,"Action, Adventure, Animation, Comedy, Family","based on comic, super power, lego",Brandon Vietti,"Nolan North, Troy Baker, Diedrich Bader, Khary Payton, James Arnold Taylor",0,0,48,6.259,162,0.9851,en,US,False,False,OMDb request failed: 401 Client Error: Unauthorized for url: https://www.omdbapi.com/?i=tt4189260&plot=short&apikey=f87d98bd,0.0,1,2015,2,1,0,0.0,0.0,0.0,5.093750200806762,0.6856692907039864,5,1,1,1,0,0,1,1,2.4316629237266123,0
368304,tt5371572,LEGO Marvel Super Heroes: Avengers Reassembled!,LEGO Marvel Super Heroes: Avengers Reassembled!,The Avengers are forced to “party” with Ultron when he seeks to disassemble the team by taking control of Iron Man’s armor and enact a nefarious scheme to take over the world.,2015-11-16,Released,"Animation, Family","superhero, based on comic, based on toy, lego",Rob Silvestri,"Laura Bailey, Troy Baker, Eric Bauza, Ben Diskin, Grant George",0,0,22,6.594,160,0.9819,en,US,False,False,OMDb request failed: 401 Client Error: Unauthorized for url: https://www.omdbapi.com/?i=tt5371572&plot=short&apikey=f87d98bd,0.0,1,2015,11,4,1,0.0,0.0,0.0,5.081404364984463,0.684055980548165,2,1,0,1,0,0,0,0,2.5133190518298942,0
312966,tt5575408,Mushi-Shi: The Next Chapter - Drops of Bells,蟲師 続章「鈴の雫」,"On a warm summer day, a boy heard the sound of bells ringing, as if in celebration, in the mountain near his home. Several years later in that same mountain, the mushishi Ginko stumbles upon a young girl in a mountain with branches and leaves growing out of her body. He later realises that she is the lord of that mountain but finds it strange that a human like her was chosen as the lord. He meets her older brother who has continued to search for her ever since she disappeared while accompanying him on a stormy day. The story is about Ginko’s peculiar journey amidst the occult to unravel the mystery behind the enigmatic girl called Kaya and the mountain that has become her home.",2015-05-16,Released,"Animation, Fantasy, Mystery","supernatural, sequel, slice of life, based on manga, seinen, anime",Hiroshi Nagahama,"Yuto Nakano, Tomomi Saito, Mika Doi, Gen Ogawa",0,0,47,8.291,55,0.9682,ja,JP,False,False,OMDb request failed: 401 Client Error: Unauthorized for url: https://www.omdbapi.com/?i=tt5575408&plot=short&apikey=f87d98bd,0.0,1,2015,5,2,0,0.0,0.0,0.0,4.02535169073515,0.677119419482748,3,1,0,0,0,1,0,0,2.7781206665326845,1
340357,tt3422078,April and the Extraordinary World,Avril et le monde truqué,"It's 1941, but France is trapped in the 19th Century, governed by steam and Napoleon V. Avril, a teenage girl, goes in search of her missing scientist parents.",2015-11-04,Released,"Adventure, Animation, Comedy, Fantasy, Science Fiction, Thriller","france, paris, france, cat, grandfather, lizard, steampunk, female protagonist, alternate history, scientist, coal","Franck Ekinci, Christian Desmares","Marion Cotillard, Philippe Katerine, Jean Rochefort, Olivier Gourmet, Marc-André Grondin",10000000,0,106,7.076,356,0.9681,fr,FR,False,False,OMDb request failed: 401 Client Error: Unauthorized for url: https://www.omdbapi.com/?i=tt3422078&plot=short&apikey=f87d98bd,0.0,1,2015,11,4,1,10.0,0.0,-10.0,5.877735781779639,0.6770686103472546,6,1,1,0,0,1,1,0,2.752220658819034,0
300602,tt3896100,Capture the Flag,Atrapa la bandera,"When the brave and determined 12-year-old Mike Goldwing discovers that an eccentric billionaire plans to fly to the moon, steal its vast, valuable natural resources, and destroy the American flag planted by the Apollo XI astronauts during man's historic moon landing, the countdown to a spectacular adventure begins! Mike, teamed with his grandfather, best friends Amy and Marty, and a clever chameleon, blasts off on an incredible moon-bound mission, determined to thwart the billionaire's evil plan, capture the flag, and reunite his family.",2015-08-28,Released,"Adventure, Animation, Comedy, Family","grandparent grandchild relationship, moon landing, duringcreditsstinger, father son conflict",Enrique Gato,"Carme Calvell, Michelle Jenner, Javier Balas, Dani Rovira, Camilo García",14000000,8306690,94,6.1,254,0.9567,es,ES,False,False,OMDb request failed: 401 Client Error: Unauthorized for url: https://www.omdbapi.com/?i=tt3896100&plot=short&apikey=f87d98bd,0.593335,1,2015,8,3,0,14.0,8.30669,-5.69331,5.541263545158426,0.6712593808019159,4,1,1,1,0,0,1,0,2.7238791888940512,0
280391,tt1220911,Animal Kingdom: Let's Go Ape,Pourquoi j'ai pas mangé mon père,"Based on the novel 'Evolution Man' by Roy Lewis, this tells the story about the first man - young Edward - to descend from apes. Edward is ejected by his tribe, but is very resourceful. He learns to walk, discovers fire, manages to hunt - and we follow him as he evolves. He has a generous nature, and search for true humanity - a world where we don't eat our fathers.",2015-04-08,Released,"Adventure, Animation, Comedy","animal species, evolution, humanity",Jamel Debbouze,"Jamel Debbouze, Arié Elmaleh, Mélissa Theuriau, Patrice Thibaud, Christian Hecq",37580800,16294916,91,5.256,365,0.9233,fr,FR,False,False,OMDb request failed: 401 Client Error: Unauthorized for url: https://www.omdbapi.com/?i=tt1220911&plot=short&apikey=f87d98bd,0.4335968366825613,1,2015,4,2,0,37.5808,16.294916,-21.285884,5.902633333401366,0.6540424606791843,3,1,1,0,0,0,1,0,2.492619945619235,0
361705,tt5004766,Birdboy: The Forgotten Children,"Psiconautas, los niños olvidados","Teenagers Birdboy and Dinki have decided to escape from an island devastated by ecological catastrophe: Birdboy by shutting himself off from the world, Dinki by setting out on a dangerous voyage in the hope that Birdboy will accompany her.",2015-09-24,Released,"Animation, Drama, Fantasy","dinosaur, adult animation, disturbed, wonder, wistful, bitter, sincere","Alberto Vázquez, Pedro Rivero","Andrea Alzuri, Eba Ojanguren, Josu Cubero, Felix Arkarazo, Jorge Carrero",0,0,76,7.425,159,0.8241,es,ES,False,False,OMDb request failed: 401 Client Error: Unauthorized for url: https://www.omdbapi.com/?i=tt5004766&plot=short&apikey=f87d98bd,0.0,1,2015,9,3,0,0.0,0.0,0.0,5.075173815233827,0.6010867147107318,3,1,0,0,1,1,0,0,2.7076890794916837,0
349045,tt4840666,Looney Tunes: Rabbits Run,Looney Tunes: Rabbits Run,"Lola Bunny invents a perfume with the adverse effect of turning people invisible, sending her and cab driver Bugs Bunny on the run from the FBI, while another shady group seeks the formula.",2015-08-04,Released,"Animation, Comedy",cartoon,Jeff Siergey,"Jeff Bergman, Billy West, Bob Bergen, Fred Armisen, Jim Rash",0,0,73,5.765,51,0.7468,en,US,False,False,OMDb request failed: 401 Client Error: Unauthorized for url: https://www.omdbapi.com/?i=tt4840666&plot=short&apikey=f87d98bd,0.0,1,2015,8,3,0,0.0,0.0,0.0,3.9512437185814275,0.5577855426292688,2,1,0,0,0,0,1,0,2.1176043891816043,0
303867,tt4171032,World of Tomorrow,World of Tomorrow,A little girl is taken on a mind-bending tour of her distant future.,2015-01-22,Released,"Animation, Drama, Science Fiction","future, virtual reality, immortality, narration, time travel, surrealism, mining, cloning, robot, art",Don Hertzfeldt,"Julia Pott, Winona Mae, Sara Cushman",0,0,17,7.818,359,0.7438,en,US,False,False,OMDb request failed: 401 Client Error: Unauthorized for url: https://www.omdbapi.com/?i=tt4171032&plot=short&apikey=f87d98bd,0.0,1,2015,1,1,0,0.0,0.0,0.0,5.886104031450156,0.5560666400115776,3,1,0,0,1,0,0,0,2.92082560071926,1
366142,tt5223342,Competition,Competition,Two minions working in a bomb lab get competitive.,2015-09-08,Released,"Animation, Family","short compilation, short film","Kyle Balda, Julien Soret","Pierre Coffin, Chris Renaud",0,0,4,6.101,114,0.7268,en,US,False,False,OMDb request failed: 401 Client Error: Unauthorized for url: https://www.omdbapi.com/?i=tt5223342&plot=short&apikey=f87d98bd,0.0,1,2015,9,3,0,0.0,0.0,0.0,4.74493212836325,0.5462699846991854,2,1,0,1,0,0,0,0,2.3189303169593654,0
366141,tt5242396,Cro Minion,Cro Minion,Two minions have to babysit a little Neanderthal baby.,2015-11-04,Released,"Animation, Family","babysitter, prehistory, prehistoric creature, dinosaur, hunt, giant egg, pterodactyl, neaderthal, short film","Régis Schuller, Didier Ah-Koon","Pierre Coffin, Chris Renaud, Tara Strong",0,0,5,7.1,247,0.715,en,US,False,False,OMDb request failed: 401 Client Error: Unauthorized for url: https://www.omdbapi.com/?i=tt5242396&plot=short&apikey=f87d98bd,0.0,1,2015,11,4,1,0.0,0.0,0.0,5.5134287461649825,0.5394130806179033,2,1,0,1,0,0,0,0,2.682926274017433,0
340884,tt5794246,Scooby-Doo! and the Beach Beastie,Scooby-Doo! and the Beach Beastie,Scooby-Doo and the gang investigates a new ghost at a water park resort.,2015-05-05,Released,"Animation, Comedy, Family, Fantasy, Mystery","summer vacation, water battle, sports in water, scooby in water, shaggy in water",Victor Cook,"Frank Welker, Grey DeLisle, Matthew Lillard, Mindy Cohn, Melissa Rauch",0,0,22,8.4,78,0.714,en,US,False,False,OMDb request failed: 401 Client Error: Unauthorized for url: https://www.omdbapi.com/?i=tt5794246&plot=short&apikey=f87d98bd,0.0,1,2015,5,2,0,0.0,0.0,0.0,4.3694478524670215,0.538829820175588,5,1,0,1,0,1,1,0,2.8362416508963917,1
367326,tt5184298,Cosmic Scrat-tastrophe,Cosmic Scrat-tastrophe,Scrat struggles once again to protect his nut.,2015-11-06,Released,"Adventure, Animation, Comedy, Family, Science Fiction","spacecraft, short film",Mike Thurmeier,"Chris Wedge, Ray Romano, John Leguizamo, Denis Leary",0,0,5,6.546,142,0.6845,en,US,False,False,OMDb request failed: 401 Client Error: Unauthorized for url: https://www.omdbapi.com/?i=tt5184298&plot=short&apikey=f87d98bd,0.0,1,2015,11,4,1,0.0,0.0,0.0,4.962844630259907,0.5214687838644705,5,1,1,1,0,0,1,0,2.4591470121186565,0
366656,tt5143700,Snowtime!,La guerre des tuques 3D,"To amuse themselves during the winter school break, the kids in a small village decide to have a massive snowball fight. Luke and Sophie, both 11 years old, become the leaders of the opposing sides. Sophie and her cohort defend an elaborate snow fort against the assault of Luke’s horde. Whichever side occupies the fort at the end of the winter break, wins. But what starts out as pure youthful fun and enthusiasm deteriorates into a more serious conflict.  Joy is restored when all the children decide to attack the fort rather than each other and happily destroy every last bit of the snow fort.",2015-11-12,Released,"Animation, Comedy, Family","small town, winter, remake, tragedy, snow, dog, snowball fight","François Brisson, Jean-François Pouliot","Mariloup Wolfe, Sophie Cadieux, Hélène Bourgeois Leclerc, Nicholas Savard-L'Herbier, Anne Casabonne",12500000,0,82,6.089,79,0.6543,fr,CA,False,False,OMDb request failed: 401 Client Error: Unauthorized for url: https://www.omdbapi.com/?i=tt5143700&plot=short&apikey=f87d98bd,0.0,1,2015,11,4,1,12.5,0.0,-12.5,4.382026634673881,0.5033779586308332,3,1,0,1,0,0,1,0,2.255060688995707,0
329020,tt3454574,Extraordinary Tales,Extraordinary Tales,"Five tales by Edgar Allan Poe come to life thanks to a pictorical style animation, five tales that exude madness, pestilence, murder and torture.",2015-06-25,Released,"Animation, Horror, Mystery","crow, anthology, death, hypnotism, old mansion, mesmerist, spanish inquisition, plague survivors, horror anthology",Raúl García,"Christopher Lee, Bela Lugosi, Julian Sands, Guillermo del Toro, Roger Corman",0,0,73,6.492,129,0.6321,en,LU,False,False,OMDb request failed: 401 Client Error: Unauthorized for url: https://www.omdbapi.com/?i=tt3454574&plot=short&apikey=f87d98bd,0.0,1,2015,6,2,1,0.0,0.0,0.0,4.867534450455582,0.4898675291745131,3,1,0,0,0,0,0,0,2.426610296944514,0
308447,tt2948202,The Flintstones and WWE: Stone Age SmackDown!,The Flintstones and WWE: Stone Age SmackDown!,"The WWE comes to town in the new animated film teaming the Flintstones with Bedrock-ready versions of John Cena, Daniel Bryan and more.",2015-03-17,Released,"Action, Adventure, Animation, Comedy, Family",cartoon,"Spike Brandt, Tony Cervone","Jeff Bergman, Kevin Michael Richardson, Tress MacNeille, Grey DeLisle, Eric Bauza",0,0,52,7.02,102,0.6287,en,US,False,False,OMDb request failed: 401 Client Error: Unauthorized for url: https://www.omdbapi.com/?i=tt2948202&plot=short&apikey=f87d98bd,0.0,1,2015,3,1,0,0.0,0.0,0.0,4.634728988229636,0.48778215059737806,5,1,1,1,0,0,1,1,2.523376670824052,0
345637,tt4661600,Sanjay's Super Team,Sanjay's Super Team,"SANJAY'S SUPER TEAM follows the daydream of a young Indian boy, bored with his father's religious meditation, who imagines ""a kind of ancient, Hindu version of The Avengers,"" with the gods appearing like superheros.",2015-11-18,Released,"Action, Animation, Family, Fantasy","parent child relationship, short film",Sanjay Patel,"Arun Rao, Brenton Schraff, Sunny Singh Attar, Jaquelynn Herrera",0,0,7,6.4,270,0.5694,en,US,False,False,OMDb request failed: 401 Client Error: Unauthorized for url: https://www.omdbapi.com/?i=tt4661600&plot=short&apikey=f87d98bd,0.0,1,2015,11,4,1,0.0,0.0,0.0,5.602118820879701,0.4506933807112358,4,1,0,1,0,1,0,1,2.5079218302386406,0
314946,tt4544278,Three Heroes and Julius Caesar,Три богатыря: Ход конем,"The court horse Gaius Julius Caesar to his misfortune overhears boyars and learns about a conspiracy against the prince. What to do? Protect a prince no one! Heroes away - catch a robber Potanyu, Dragon on vacation, the army on maneuvers ... But if the bad guys are going to take over the world, to someone it is necessary to save him? Who is he, a hero who will come to the rescue? Of course, the horse Julius! This Strategy and the ""grand strategist"". He would save all, but if you do not save, then at least try. Most importantly, to the rescue of the world did not turn a complete disaster.",2015-01-01,Released,"Adventure, Animation, Comedy, Fantasy",,Konstantin Feoktistov,"Sergey Makovetskiy, Dmitry Vysotsky, Dmitriy Nagiev, Gosha Kutsenko, Aleksandr Boyarsky",0,13845029,0,6.356,52,0.5317,ru,RU,False,False,OMDb request failed: 401 Client Error: Unauthorized for url: https://www.omdbapi.com/?i=tt4544278&plot=short&apikey=f87d98bd,0.0,1,2015,1,1,0,0.0,13.845029,13.845029,3.970291913552122,0.42637822968837125,4,1,1,0,0,1,1,0,2.248500521486074,0
356161,tt1856057,Phantom Boy,Phantom Boy,"At a hospital in New York, Alex, a police officer, meets Leo, a boy who has the ability to get out of his body and pass through the walls like a ghost. Both team up with Mary, an intrepid journalist, to capture a disfigured villain who terrorizes the city.",2015-10-14,Released,"Animation, Fantasy, Mystery","new york city, family relationships, man in wheelchair, female journalist, master villain, brother sister relationship, sick boy, master plan","Jean-Loup Felicioli, Alain Gagnol","Édouard Baer, Jackie Berroyer, Audrey Tautou, Jean-Pierre Marielle, Gaspard Gagnol",0,0,82,7.0,73,0.5297,fr,BE,False,False,OMDb request failed: 401 Client Error: Unauthorized for url: https://www.omdbapi.com/?i=tt1856057&plot=short&apikey=f87d98bd,0.0,1,2015,10,4,0,0.0,0.0,0.0,4.30406509320417,0.4250716377470827,3,1,0,0,0,1,0,0,2.459370509642688,0
293644,tt4057916,Top Cat Begins,Don Gato: El Inicio de la Pandilla,Top Cat and his new feline friend hatch a scheme to steal from the fearful Mr. Big.,2015-10-30,Released,"Animation, Comedy, Family","prequel, based on cartoon",Andrés Couturier,"Jason Harris, Chris Edgerly, Matthew Piazzi, Ben Diskin, David Hoffman",8000000,4668442,89,6.7,149,0.5055,es,IN,False,False,OMDb request failed: 401 Client Error: Unauthorized for url: https://www.omdbapi.com/?i=tt4057916&plot=short&apikey=f87d98bd,0.58355525,1,2015,10,4,0,8.0,4.668442,-3.331558,5.0106352940962555,0.40912506893965145,3,1,0,1,0,0,1,0,2.750563916955386,0
366143,tt5242320,Binky Nelson Unpacified,Binky Nelson Unpacified,"After a daring heist at a museum, the youngest member of the villainous Nelson family, Binky, realizes he's left behind his beloved pacifier. Determined to retrieve it, Binky embarks on an adorable and hilarious mission to recover his prized possession.",2015-11-04,Released,"Animation, Family","short compilation, short film, amused, defiant, sardonic, wry","Fabrice Joubert, Brian Lynch","Michael Keaton, Allison Janney, Tara Strong, Matt Kwaczynski, Michael Beattie",0,0,4,6.2,64,0.487,en,US,False,False,OMDb request failed: 401 Client Error: Unauthorized for url: https://www.omdbapi.com/?i=tt5242320&plot=short&apikey=f87d98bd,0.0,1,2015,11,4,1,0.0,0.0,0.0,4.174387269895637,0.396760667478018,2,1,0,1,0,0,0,0,2.2356721906060484,0
345775,tt2262345,Long Way North,Tout en haut du monde,"In 1892 Saint Petersburg, when her explorer grandfather's failure to return from his latest expedition brings dishonour to her aristocratic family, a resilient teenager runs away to follow in his trail in search of his famed ship.",2015-12-10,Released,"Adventure, Animation, Drama, Family","ship, coming of age, journey",Rémi Chayé,"Christa Théret, Féodor Atkine, Audrey Sablé, Thomas Sagols, Rémi Caillebot",0,0,81,7.326,175,0.4847,fr,DK,False,False,OMDb request failed: 401 Client Error: Unauthorized for url: https://www.omdbapi.com/?i=tt2262345&plot=short&apikey=f87d98bd,0.0,1,2015,12,4,1,0.0,0.0,0.0,5.170483995038151,0.39521273164381304,4,1,1,1,1,0,0,0,2.6663545090022946,0
352812,tt1736313,Tick Tock Tale,Tick Tock Tale,"Amidst an old London clock shop, a small, quirky mantle clock comes to the aide of the store's more expensive clocks when a thief breaks in and threatens to steal them away.",2015-08-18,Released,Animation,"clocks, short film",Dean Wellins,Dean Wellins,0,0,7,7.425,113,0.437,en,US,False,False,OMDb request failed: 401 Client Error: Unauthorized for url: https://www.omdbapi.com/?i=tt1736313&plot=short&apikey=f87d98bd,0.0,1,2015,8,3,0,0.0,0.0,0.0,4.736198448394496,0.3625576070968879,1,1,0,0,0,0,0,0,2.621063408323707,0
421281,tt4874696,Borrowed Time,Borrowed Time,"A weathered Sheriff returns to the remains of an accident he has spent a lifetime trying to forget. With each step forward, the memories come flooding back. Faced with his mistake once again, he must find the strength to carry on.",2015-10-31,Released,"Animation, Drama, Western","police, parent child relationship, family relationships, flashback, love, murder, death","Lou Hamou-Lhadj, Andrew Coats","Greg Dykstra, Nick Pitera, Steve Purcell",0,0,7,7.348,184,0.3861,en,US,False,False,OMDb request failed: 401 Client Error: Unauthorized for url: https://www.omdbapi.com/?i=tt4874696&plot=short&apikey=f87d98bd,0.0,1,2015,10,4,0,0.0,0.0,0.0,5.220355825078324,0.3264940482371703,3,1,0,0,1,0,0,0,2.6690274809973245,0
337302,tt4657400,10000 Years Later,一万年以后,"Hundreds of thousands of years after the collapse of civilization, the world is a post-tech wasteland, and is inhabited by humanoid tribes. The Peace held between them is threatened by the return of Wushen, an evil shape-shifting ghost of modern technology. Wushen threatens to enslave the world population. Zhuma, a ten-year-old girl is the heroine of the story, accompanied by Zhanggong, her lion-like Tibetan Mastiff dog. Chosen, and helped by a ethereal goddess she must assemble a band of allies from the surviving tribes to fight Wushen, and stop him from gaining control over an ancient power.",2015-03-27,Released,"Action, Animation, Fantasy",,Li Yi,"Chong Wang, Yalayam, Joma",0,0,96,6.8,108,0.3351,zh,CN,False,False,OMDb request failed: 401 Client Error: Unauthorized for url: https://www.omdbapi.com/?i=tt4657400&plot=short&apikey=f87d98bd,0.0,1,2015,3,1,0,0.0,0.0,0.0,4.6913478822291435,0.28900619541391226,3,1,0,0,0,1,0,1,2.4470531116464582,0
368051,tt5114650,Don't Hug Me I'm Scared 5,Don't Hug Me I'm Scared 5,"The two remaining puppets learn about eating healthy, but things go awry when they receive a mysterious phone call.",2015-10-14,Released,"Animation, Comedy, Fantasy, Horror, Music","diet, surrealism, food, food industry, woman director, healthy food, absurdism, sociopolitical, healthy eating","Becky Sloan, Joseph Pelling","Baker Terry, Becky Sloan, Royngtt, Joseph Pelling",0,0,7,7.3,98,0.2332,en,GB,False,False,OMDb request failed: 401 Client Error: Unauthorized for url: https://www.omdbapi.com/?i=tt5114650&plot=short&apikey=f87d98bd,0.0,1,2015,10,4,0,0.0,0.0,0.0,4.59511985013459,0.20961241702985822,5,1,0,0,0,1,1,0,2.545709840074667,0
333824,tt5114582,Don't Hug Me I'm Scared 4,Don't Hug Me I'm Scared 4,The fourth instalment in the surreal Don’t Hug Me I’m Scared videos in which the three returning characters enter a sinister digital world through their computer.,2015-03-31,Released,"Animation, Comedy, Fantasy, Horror, Music","computer, technology, surrealism, internet, woman director, puppet film, inanimate objects come to life, absurdism, sociopolitical, short film","Joseph Pelling, Becky Sloan","Baker Terry, Royngtt, Joseph Pelling",0,0,6,7.679,98,0.2065,en,GB,False,False,OMDb request failed: 401 Client Error: Unauthorized for url: https://www.omdbapi.com/?i=tt5114582&plot=short&apikey=f87d98bd,0.0,1,2015,3,1,0,0.0,0.0,0.0,4.59511985013459,0.18772360608294936,5,1,0,0,0,1,1,0,2.637176518432631,0
358332,tt4957236,Cosmos Laundromat,Cosmos Laundromat,"On a desolate island, a suicidal sheep named Franck meets his fate…in the form of a quirky salesman named Victor, who offers him the gift of a lifetime. The gift is many lifetimes, actually, in many different worlds – each lasting just a few minutes. In the sequel to the pilot, Franck will find a new reason to live…in the form of a bewitching female adventurer named Tara, who awakens his long-lost lust for life. But can Franck keep up with her?",2015-08-10,Released,"Animation, Fantasy","sheep, short film",Mathieu Auvray,"Pierre Bokma, Reinout Scholten van Aschat",0,0,12,6.31,58,0.188,en,NL,False,False,OMDb request failed: 401 Client Error: Unauthorized for url: https://www.omdbapi.com/?i=tt4957236&plot=short&apikey=f87d98bd,0.0,1,2015,8,3,0,0.0,0.0,0.0,4.07753744390572,0.1722712209404532,2,1,0,0,0,1,0,0,2.2149712997269257,0
372058,tt5311514,Your Name.,君の名は。,"High schoolers Mitsuha and Taki are complete strangers living separate lives. But one night, they suddenly switch places. Mitsuha wakes up in Taki’s body, and he in hers. This bizarre occurrence continues to happen randomly, and the two must adjust their lives around each other.",2016-08-26,Released,"Animation, Drama, Romance","high school, race against time, dreams, afterlife, natural disaster, supernatural, time travel, comet, romance, tragedy",Makoto Shinkai,"Ryunosuke Kamiki, Mone Kamishiraishi, Ryo Narita, Aoi Yuuki, Nobunaga Shimazaki",7500000,405320132,106,8.479,12538,24.7342,ja,JP,False,False,OMDb request failed: 401 Client Error: Unauthorized for url: https://www.omdbapi.com/?i=tt5311514&plot=short&apikey=f87d98bd,54.04268426666667,1,2016,8,3,0,7.5,405.320132,397.820132,9.436599066190539,3.247820846551981,3,1,0,0,1,0,0,0,28.341620906911377,1
269149,tt2948356,Zootopia,Zootopia,"Determined to prove herself, Officer Judy Hopps, the first bunny on Zootopia's police force, jumps at the chance to crack her first case - even if it means partnering with scam-artist fox Nick Wilde to solve the mystery.",2016-02-11,Released,"Adventure, Animation, Comedy, Family","sheep, allegory, lion, hippopotamus, cartoon, villain, bullying, polar bear, con artist, anthropomorphism","Byron Howard, Rich Moore","Ginnifer Goodwin, Jason Bateman, Idris Elba, Jenny Slate, Nate Torrence",150000000,1025521689,109,7.8,18042,24.7268,en,US,False,False,OMDb request failed: 401 Client Error: Unauthorized for url: https://www.omdbapi.com/?i=tt2948356&plot=short&apikey=f87d98bd,6.83681126,1,2016,2,1,0,150.0,1025.521689,875.521689,9.800513076908299,3.247533250117749,4,1,1,1,0,0,1,0,6.983772016053908,1
140300,tt2267968,Kung Fu Panda 3,Kung Fu Panda 3,"While Po and his father are visiting a secret panda village, an evil spirit threatens all of China, forcing Po to form a ragtag army to fight back.",2016-01-23,Released,"Action, Adventure, Animation, Comedy, Family","martial arts, kung fu, china, fighter, village, villain, sequel, panda, anthropomorphism, dragon","Jennifer Yuh Nelson, Alessandro Carloni","Jack Black, Bryan Cranston, Dustin Hoffman, Angelina Jolie, J.K. Simmons",145000000,521170825,95,6.924,6566,14.73,en,CN,False,False,OMDb request failed: 401 Client Error: Unauthorized for url: https://www.omdbapi.com/?i=tt2267968&plot=short&apikey=f87d98bd,3.594281551724138,1,2016,1,1,0,145.0,521.170825,376.170825,8.789812386190972,2.7555697170701863,5,1,1,1,0,0,1,1,5.080234013765036,1
378064,tt5323662,A Silent Voice: The Movie,映画 聲の形,"Shouya Ishida starts bullying the new girl in class, Shouko Nishimiya, because she is deaf. But as the teasing continues, the rest of the class starts to turn on Shouya for his lack of compassion. When they leave elementary school, Shouko and Shouya do not speak to each other again... until an older, wiser Shouya, tormented by his past behaviour, decides he must see Shouko once more. He wants to atone for his sins, but is it already too late...?",2016-09-17,Released,"Animation, Drama, Romance","high school, friendship, suicide, suicide attempt, deaf, bullying, coming of age, school, based on manga, adult animation",Naoko Yamada,"Miyu Irino, Saori Hayami, Aoi Yuuki, Kensho Ono, Yuki Kaneko",0,30819442,129,8.382,4474,14.4993,ja,JP,False,False,OMDb request failed: 401 Client Error: Unauthorized for url: https://www.omdbapi.com/?i=tt5323662&plot=short&apikey=f87d98bd,0.0,1,2016,9,3,0,0.0,30.819442,30.819442,8.406261630708956,2.7407948616150763,3,1,0,0,1,0,0,0,3.767558473848605,1
153518,tt1985949,The Angry Birds Movie,The Angry Birds Movie,"An island populated entirely by happy, flightless birds or almost entirely. In this paradise, Red, a bird with a temper problem, speedy Chuck, and the volatile Bomb have always been outsiders. But when the island is visited by mysterious green piggies, it’s up to these unlikely outcasts to figure out what the pigs are up to.",2016-05-11,Released,"Adventure, Animation, Comedy, Family","island, pig, villain, eagle, rivalry, based on video game, creature feature, duringcreditsstinger, anger management, animal kingdom","Clay Kaytis, Fergal Reilly","Jason Sudeikis, Josh Gad, Danny McBride, Maya Rudolph, Bill Hader",73000000,349779543,97,6.268,3987,9.9854,en,FI,False,False,OMDb request failed: 401 Client Error: Unauthorized for url: https://www.omdbapi.com/?i=tt1985949&plot=short&apikey=f87d98bd,4.791500589041096,1,2016,5,2,0,73.0,349.779543,276.779543,8.291045131081729,2.396567118464477,4,1,1,1,0,0,1,0,5.326317102500424,1
335797,tt3470600,Sing,Sing,A koala named Buster recruits his best friend to help him drum up business for his theater by hosting a singing competition.,2016-11-23,Released,"Animation, Comedy, Family, Music","anthropomorphism, singing, animals, flood, singing competition, talking animal, 3d animation, brisk",Garth Jennings,"Matthew McConaughey, Reese Witherspoon, Seth MacFarlane, Scarlett Johansson, John C. Reilly",75000000,634151679,108,7.123,8417,9.9047,en,US,False,False,OMDb request failed: 401 Client Error: Unauthorized for url: https://www.omdbapi.com/?i=tt3470600&plot=short&apikey=f87d98bd,8.45535572,1,2016,11,4,1,75.0,634.151679,559.151679,9.038127549330516,2.389193888958808,4,1,0,1,0,0,1,0,7.299758289743398,1
278154,tt3416828,Ice Age: Collision Course,Ice Age: Collision Course,"Set after the events of Continental Drift, Scrat's epic pursuit of his elusive acorn catapults him outside of Earth, where he accidentally sets off a series of cosmic events that transform and threaten the planet. To save themselves from peril, Manny, Sid, Diego, and the rest of the herd leave their home and embark on a quest full of thrills and spills, highs and lows, laughter and adventure while traveling to exotic new lands and locations.",2016-06-23,Released,"Adventure, Animation, Comedy, Family, Science Fiction","fire, fireworks, mammoth, sequel, prehistory, singing, critically bashed, cavemen, meteor crash",Mike Thurmeier,"Ray Romano, John Leguizamo, Denis Leary, Queen Latifah, Seann William Scott",105000000,408579038,95,6.112,4863,8.6034,en,US,False,False,OMDb request failed: 401 Client Error: Unauthorized for url: https://www.omdbapi.com/?i=tt3416828&plot=short&apikey=f87d98bd,3.891228933333333,1,2016,6,2,1,105.0,408.579038,303.579038,8.489616423646003,2.2621172024382474,5,1,1,1,0,0,1,0,4.891813063912638,1
127380,tt2277860,Finding Dory,Finding Dory,Dory is reunited with her friends Nemo and Marlin in the search for answers about her past. What can she remember? Who are her parents? And where did she learn to speak Whale?,2016-06-16,Released,"Adventure, Animation, Family","fish, amnesia, octopus, sequel, anthropomorphism, computer animation, underwater, aftercreditsstinger, clownfish, amused",Andrew Stanton,"Albert Brooks, Ellen DeGeneres, Ed O'Neill, Hayden Rolence, Diane Keaton",200000000,1029266989,97,7.04,12639,7.6669,en,US,False,False,OMDb request failed: 401 Client Error: Unauthorized for url: https://www.omdbapi.com/?i=tt2277860&plot=short&apikey=f87d98bd,5.146334945,1,2016,6,2,1,200.0,1029.266989,829.266989,9.444621667700849,2.1595111720678757,3,1,1,1,0,0,0,0,5.816470651215309,1
136799,tt1679335,Trolls,Trolls,"After the monstrous Bergens invade Troll Village, Princess Poppy, the happiest Troll ever born, and overly-cautious, curmudgeonly outcast Branch set off on a journey to rescue her friends. Their mission is full of adventure and mishaps, as this mismatched duo try to tolerate each other long enough to get the job done.",2016-10-13,Released,"Adventure, Animation, Comedy, Family, Fantasy, Music","friendship, hunger, villain, musical, based on toy, troll, aftercreditsstinger, duringcreditsstinger, kids, jukebox musical",Mike Mitchell,"Anna Kendrick, Justin Timberlake, Zooey Deschanel, Christopher Mintz-Plasse, Christine Baranski",125000000,347337803,92,6.627,3818,6.8406,en,US,False,False,OMDb request failed: 401 Client Error: Unauthorized for url: https://www.omdbapi.com/?i=tt1679335&plot=short&apikey=f87d98bd,2.778702424,1,2016,10,4,0,125.0,347.337803,222.337803,8.247743887225516,2.0593153620462434,6,1,1,1,0,1,1,0,4.453224978190764,1
223702,tt1700841,Sausage Party,Sausage Party,Hot dog Frank leads a group of supermarket products on a quest to discover the truth about their existence and what really happens when they're chosen to leave the grocery store.,2016-07-11,Released,"Adventure, Animation, Comedy, Fantasy","supermarket, orgy, parody, anthropomorphism, sausage, antisemitism, food, racism, lgbt, adult animation","Conrad Vernon, Greg Tiernan","Seth Rogen, Kristen Wiig, Jonah Hill, Bill Hader, Michael Cera",19000000,140705322,89,5.754,7698,6.5394,en,CA,False,False,OMDb request failed: 401 Client Error: Unauthorized for url: https://www.omdbapi.com/?i=tt1700841&plot=short&apikey=f87d98bd,7.405543263157894,1,2016,7,3,1,19.0,140.705322,121.705322,8.94884572927805,2.0201426032567418,4,1,1,0,0,1,1,0,6.416342718301271,1
342473,tt2261287,Ballerina,Ballerina,"In 1879 Paris, a young orphan dreams of becoming a ballerina and flees her rural Brittany for Paris, where she passes for someone else and accedes to the position of pupil at the Grand Opera house.",2016-12-14,Released,"Adventure, Animation, Comedy, Family","opera, dance, paris, france, flying, inventor, life's dream, ballet, orphan, statue of liberty, eiffel tower, paris","Eric Summer, Éric Warin","Elle Fanning, Dane DeHaan, Nat Wolff, Carly Rae Jepsen, Maddie Ziegler",30000000,109573511,89,7.205,1984,6.3227,en,CA,False,False,OMDb request failed: 401 Client Error: Unauthorized for url: https://www.omdbapi.com/?i=tt2261287&plot=short&apikey=f87d98bd,3.652450366666667,1,2016,12,4,1,30.0,109.573511,79.573511,7.59337419312129,1.9909791124228915,4,1,1,1,0,0,1,0,4.882505660831627,1
313297,tt4302938,Kubo and the Two Strings,Kubo and the Two Strings,"Kubo mesmerizes the people in his village with his magical gift for spinning wild tales with origami. When he accidentally summons an evil spirit seeking vengeance, Kubo is forced to go on a quest to solve the mystery of his fallen samurai father and his mystical weaponry, as well as discover his own magical powers.",2016-08-18,Released,"Adventure, Animation, Family","japan, samurai, magic, forgiveness, stop motion, storytelling, origami, feudal japan, mother son relationship",Travis Knight,"Art Parkinson, Charlize Theron, Brenda Vaccaro, Cary-Hiroyuki Tagawa, Meyrick Murphy",60000000,76249438,102,7.632,3805,5.2287,en,US,False,False,OMDb request failed: 401 Client Error: Unauthorized for url: https://www.omdbapi.com/?i=tt4302938&plot=short&apikey=f87d98bd,1.2708239666666667,1,2016,8,3,0,60.0,76.249438,16.249438,8.244334047856094,1.829167643288463,3,1,1,1,0,0,0,0,3.990896038671684,1
372754,tt5526028,Dou kyu sei – Classmates,同級生,"Rihito Sajo, an honor student with a perfect score on the entrance exam and Hikaru Kusakabe, in a band and popular among girls, would have never crossed paths. Until one day they started talking at the practice for their school’s upcoming chorus festival. After school, the two meet regularly, as Hikaru helps Rihito to improve his singing skills. While they listen to each other’s voice and harmonize, their hearts start to beat together.",2016-02-20,Released,"Animation, Romance","high school, boys' choir, coming of age, slice of life, based on manga, school life, anime, japanese high school, loving, gay theme",Shoko Nakamura,"Kenji Nojima, Hiroshi Kamiya, Hideo Ishikawa, Yurino",0,1397526,61,8.278,439,5.1591,ja,JP,False,False,OMDb request failed: 401 Client Error: Unauthorized for url: https://www.omdbapi.com/?i=tt5526028&plot=short&apikey=f87d98bd,0.0,1,2016,2,1,0,0.0,1.397526,1.397526,6.0867747269123065,1.8179306629751104,2,1,0,0,0,0,0,0,3.2552058084831126,1
332210,tt4624424,Storks,Storks,"Storks deliver babies…or at least they used to. Now they deliver packages for a global internet retail giant. Junior, the company’s top delivery stork, is about to be promoted when he accidentally activates the Baby Making Machine, producing an adorable and wholly unauthorized baby girl...",2016-09-22,Released,"Adventure, Animation, Comedy, Family","baby, villain, stork, delivery service","Doug Sweetland, Nicholas Stoller","Andy Samberg, Katie Crown, Kelsey Grammer, Jennifer Aniston, Ty Burrell",70000000,182379278,87,6.7,2499,4.451,en,US,False,False,OMDb request failed: 401 Client Error: Unauthorized for url: https://www.omdbapi.com/?i=tt4624424&plot=short&apikey=f87d98bd,2.605418257142857,1,2016,9,3,0,70.0,182.379278,112.379278,7.824046010856292,1.6957990780821437,4,1,1,1,0,0,1,0,4.275414979055052,1
374205,tt5251328,One Piece Film: GOLD,ONE PIECE FILM GOLD,"The glittering Gran Tesoro, a city of entertainment beyond the laws of the government, is a sanctuary for the world’s most infamous pirates, Marines, and filthy rich millionaires. Drawn by dreams of hitting the jackpot, Captain Luffy and his crew sail straight for the gold. But behind the gilded curtains lies a powerful king whose deep pockets and deeper ambitions spell disaster for the Straw Hats and the New World alike.",2016-07-23,Released,"Action, Adventure, Animation, Comedy","gold, gambling, pirate, based on manga, shounen, anime, adventure",Hiroaki Miyamoto,"Kazuya Nakai, Mayumi Tanaka, Akemi Okamura, Kappei Yamaguchi, Hiroaki Hirata",0,66207073,120,7.2,534,4.4389,ja,JP,False,False,OMDb request failed: 401 Client Error: Unauthorized for url: https://www.omdbapi.com/?i=tt5251328&plot=short&apikey=f87d98bd,0.0,1,2016,7,3,1,0.0,66.207073,66.207073,6.282266746896006,1.6935768345391327,4,1,1,0,0,0,1,1,2.9963765372152706,1
384345,tt5544700,Doraemon: Nobita and the Birth of Japan,映画ドラえもん 新・のび太の日本誕生,"Doraemon and his friends travel to ancient Japan where they meet Kukuru. When Kukuru tells them that his tribe has been enslaved by Gigazombie, Doraemon decides to help him.",2016-03-05,Released,"Adventure, Animation, Family, Fantasy, Science Fiction","friendship, time travel, remake, time paradox, anime, adventure",Shinnosuke Yakuwa,"Wasabi Mizuta, Megumi Oohara, Yumi Kakazu, Tomokazu Seki, Subaru Kimura",0,58400000,104,6.873,75,4.0616,ja,JP,False,False,OMDb request failed: 401 Client Error: Unauthorized for url: https://www.omdbapi.com/?i=tt5544700&plot=short&apikey=f87d98bd,0.0,1,2016,3,1,0,0.0,58.4,58.4,4.330733340286331,1.6216826388505376,5,1,1,1,0,1,0,0,2.6111123968705305,0
374856,tt4954660,Detective Conan: The Darkest Nightmare,名探偵コナン 純黒の悪夢（ナイトメア）,"On a dark night, the Japanese police is raided by a spy. Different countries' intelligence agencies - such as England's MI6, Germany's BDN, and America's CIA - as well as the FBI's secret files are going to be taken, but public safety officers lead by Tooru Amuro arrive just in time. The spy steals a car and escapes. The spy and Amuro are then locked in a dead heat on the highway, and just as it is about to cause an accident with multiple cars, the spy's car is hit by FBI agent Shuichi Akai's rifle bullet and falls of the roadway. The next day, Conan and his friends go to a newly-remodeled aquarium in Tokyo. Under the main attraction, a Ferris wheel, Conan finds an attractive woman alone and injured. Her left and right eyes are different colors.",2016-04-16,Released,"Action, Animation, Crime, Mystery","spy, detective, secret organization, organized crime, anime, suspense, mystery",Kobun Shizuno,"Minami Takayama, Kappei Yamaguchi, Wakana Yamazaki, Rikiya Koyama, Megumi Hayashibara",0,9953934,112,6.787,122,3.9554,ja,JP,False,False,OMDb request failed: 401 Client Error: Unauthorized for url: https://www.omdbapi.com/?i=tt4954660&plot=short&apikey=f87d98bd,0.0,1,2016,4,2,0,0.0,9.953934,9.953934,4.812184355372417,1.6004778910625892,4,1,0,0,0,0,0,1,2.658649336965251,0
378108,tt4769824,In This Corner of the World,この世界の片隅に,"Japan, 1943, during World War II. Young Suzu leaves her village near Hiroshima to marry and live with her in-laws in Kure, a military harbor. Her creativity to overcome deprivation quickly makes her indispensable at home. Inhabited by an ancestral wisdom, Suzu impregnates the simple gestures of everyday life with poetry and beauty. The many hardships, the loss of loved ones, the frequent air raids of the enemy, nothing alters her enthusiasm…",2016-11-12,Released,"Animation, Drama, History, Romance, War","japan, husband wife relationship, world war ii, hiroshima, japan, family relationships, based on manga, adult animation, seinen, 1940s, anime",Sunao Katabuchi,"Non, Yoshimasa Hosoya, Natsuki Inaba, Minori Omi, Daisuke Ono",0,19496308,130,7.912,624,3.8628,ja,JP,False,False,OMDb request failed: 401 Client Error: Unauthorized for url: https://www.omdbapi.com/?i=tt4769824&plot=short&apikey=f87d98bd,0.0,1,2016,11,4,1,0.0,19.496308,19.496308,6.437751649736401,1.581614403699502,5,1,0,0,1,0,0,0,3.1809049080153855,1
382190,tt5889204,Pokémon the Movie: Volcanion and the Mechanical Marvel,ポケモン・ザ・ムービーXY&Z ボルケニオンと機巧のマギアナ,"Ash meets the Mythical Pokémon Volcanion when it crashes down from the sky, creating a cloud of dust—and a mysterious force binds the two of them together! Volcanion despises humans and tries to get away, but it’s forced to drag Ash along as it continues its rescue mission. They arrive in a city of cogs and gears, where a corrupt official has stolen the ultimate invention: the Artificial Pokémon Magearna, created 500 years ago. He plans to use its mysterious power to take control of this mechanical kingdom! Can Ash and Volcanion work together to rescue Magearna? One of the greatest battles in Pokémon history is about to unfold!",2016-07-16,Released,"Adventure, Animation, Family, Fantasy, Science Fiction","pocket monsters, based on video game, anime",Kunihiko Yuyama,"Rica Matsumoto, Ikue Otani, Mayuki Makiguchi, Yuki Kaji, Mariya Ise",0,19727392,97,6.741,204,3.8448,ja,JP,False,False,OMDb request failed: 401 Client Error: Unauthorized for url: https://www.omdbapi.com/?i=tt5889204&plot=short&apikey=f87d98bd,0.0,1,2016,7,3,1,0.0,19.727392,19.727392,5.3230099791384085,1.577905964820938,5,1,1,1,0,1,0,0,2.720387391593902,0
328111,tt2709768,The Secret Life of Pets,The Secret Life of Pets,"The quiet life of a terrier named Max is upended when his owner takes in Duke, a stray whom Max instantly dislikes.",2016-06-18,Released,"Adventure, Animation, Comedy, Family","bunny, pet, anthropomorphism, dog, animals, apartment building, sewer, terrier, manhattan, new york city, rodent",Chris Renaud,"Louis C.K., Eric Stonestreet, Kevin Hart, Jenny Slate, Ellie Kemper",75000000,875457937,86,6.317,8495,3.5144,en,US,False,False,OMDb request failed: 401 Client Error: Unauthorized for url: https://www.omdbapi.com/?i=tt2709768&plot=short&apikey=f87d98bd,11.672772493333332,1,2016,6,2,1,75.0,875.457937,800.457937,9.04735074348172,1.5072722876727933,4,1,1,1,0,0,1,0,8.415191076673176,1
396263,tt5923962,GANTZ:O,GANTZ:O,"After being brutally murdered in a subway station, a teen boy awakens to find himself resurrected by a strange computer named Gantz, and forced to fight a large force of invading aliens in Osaka.",2016-10-14,Released,"Action, Animation, Science Fiction","hero, monster, game, adult animation, anime, horror","Yasushi Kawamura, Keiichi Sato","Yuki Kaji, Daisuke Ono, Saori Hayami, Mao Ichimichi, Masaya Onosaka",0,2238600,95,7.315,825,3.3595,ja,JP,False,False,OMDb request failed: 401 Client Error: Unauthorized for url: https://www.omdbapi.com/?i=tt5923962&plot=short&apikey=f87d98bd,0.0,1,2016,10,4,0,0.0,2.2386,2.2386,6.716594773520978,1.4723573718857328,3,1,0,0,0,0,0,1,3.0570928218110067,1
366170,tt4273562,Yu-Gi-Oh!: The Dark Side of Dimensions,遊☆戯☆王 THE DARK SIDE OF DIMENSIONS,"Having faced each other on countless occasions, Yugi and Kaiba again put their pride and experience to the test in a duel that transcends dimensions.",2016-04-23,Released,"Adventure, Animation","monster, card game, mythology, sequel, based on manga, nostalgic, shounen, anime, trading card game",Satoshi Kuwabara,"Kenjiro Tsuda, Shunsuke Kazama, Hiroki Takahashi, Maki Saito, Takayuki Kondo",0,7445186,130,7.553,462,3.3555,ja,JP,False,False,OMDb request failed: 401 Client Error: Unauthorized for url: https://www.omdbapi.com/?i=tt4273562&plot=short&apikey=f87d98bd,0.0,1,2016,4,2,0,0.0,7.445186,7.445186,6.137727054086234,1.4714394142768097,2,1,1,0,0,0,0,0,3.0296249702544564,1
433157,tt6425816,One Piece: Heart of Gold,ワンピース～ハート オブ ゴールド～,"A girl named Olga is pursued by both the World Government and a man named Mad Treasure, as she is the only one who knows the location of the Pure Gold, a substance that can buy the entire world. Olga ends up sailing with the Straw Hat Pirates, and they journey to find the Pure Gold on the lost island of Alchemi, which is located inside the stomach of a large angler fish named Bonbori.",2016-12-31,Released,"Action, Adventure, Animation, Comedy, Fantasy","pirate, shounen, anime",Tatsuya Nagamine,"Kazuki Yao, Mayumi Tanaka, Kazuya Nakai, Akemi Okamura, Yuriko Yamaguchi",0,0,104,7.441,102,3.349,ja,JP,False,False,OMDb request failed: 401 Client Error: Unauthorized for url: https://www.omdbapi.com/?i=tt6425816&plot=short&apikey=f87d98bd,0.0,1,2016,12,4,1,0.0,0.0,0.0,4.634728988229636,1.4699459336155014,5,1,1,0,0,1,1,1,2.775951238276771,1
390734,tt5595168,Kingsglaive: Final Fantasy XV,キングスグレイブ ファイナルファンタジーXV,"The magical kingdom of Lucis is home to the world’s last remaining Crystal, and the menacing empire of Niflheim is determined to steal it. King Regis of Lucis commands an elite force of soldiers called the Kingsglaive. Wielding their king’s magic, they fight to protect Lucis. As the overwhelming military might of the empire bears down, King Regis is faced with an impossible ultimatum – to marry his son, Prince Noctis to Princess Lunafreya of Tenebrae, captive of Niflheim, and surrender his lands to Niflheim rule.  Although the king concedes, it becomes clear that the empire will stop at nothing to achieve their devious goals, with only the Kingsglaive standing between them and world domination.",2016-07-09,Released,"Action, Animation, Science Fiction","fight, magic, prequel, betrayal, political intrigue , based on video game, warrior, anime, war, 3d animation",Takeshi Nozue,"Go Ayano, Shioli Kutsuna, Ayumi Fujimura, Keiji Fujiwara, Koichi Yamadera",0,269980,115,6.761,750,3.3133,ja,JP,False,False,OMDb request failed: 401 Client Error: Unauthorized for url: https://www.omdbapi.com/?i=tt5595168&plot=short&apikey=f87d98bd,0.0,1,2016,7,3,1,0.0,0.26998,0.26998,6.621405651764134,1.4617032723995134,3,1,0,0,0,0,0,1,2.902716338624547,1
424656,tt5526456,Crayon Shin-chan: Fast Asleep! Dreaming World Big Assault!,クレヨンしんちゃん 爆睡！ユメミーワールド大突撃,"One night, the Nohara family were enjoying a pleasant dream, when suddenly a big fish appeared in their dreams and ate them. The next morning, Hiroshi read in the newspaper that everybody in another town had the same nightmare as him, but it seemed to have ended. But Hiroshi also heard the same dream from Misae, Shinnosuke, Himawari and even Shiro. They were surprised and thought if the same thing is happening in Kasukabe too. In kindergarten, on telling others about his nightmare, Shinnosuke was surprised to know that everybody too had the same dream. Then a mysterious girl named Saki was transferred to Futaba Kindergarten and joined Shinnosuke's class. Everyone in the class, including the rather inactive Bo-chan, were all excited and happy on seeing her. But Saki had a cold attitude and didn't get along well.",2016-04-16,Released,"Adventure, Animation, Comedy, Family, Fantasy","dreams, dream world, mysterious girl, anime",Wataru Takahashi,"Akiko Yajima, Miki Narahashi, Keiji Fujiwara, Satomi Korogi, Mari Mashiba",0,21600242,97,6.652,56,3.2727,ja,JP,False,False,OMDb request failed: 401 Client Error: Unauthorized for url: https://www.omdbapi.com/?i=tt5526456&plot=short&apikey=f87d98bd,0.0,1,2016,4,2,0,0.0,21.600242,21.600242,4.04305126783455,1.4522459459125934,5,1,1,1,0,1,1,0,2.4872945820620713,0
277834,tt3521164,Moana,Moana,"In Ancient Polynesia, when a terrible curse incurred by Maui reaches an impetuous Chieftain's daughter's island, she answers the Ocean's call to seek out the demigod to set things right.",2016-10-13,Released,"Adventure, Animation, Comedy, Family","sailboat, sea, island, saving the world, ocean, cartoon, mythology, villain, musical, coming of age","Ron Clements, John Musker","Auliʻi Cravalho, Dwayne Johnson, Rachel House, Temuera Morrison, Jemaine Clement",150000000,690860472,107,7.565,13704,3.2101,en,US,False,False,OMDb request failed: 401 Client Error: Unauthorized for url: https://www.omdbapi.com/?i=tt3521164&plot=short&apikey=f87d98bd,4.60573648,1,2016,10,4,0,150.0,690.860472,540.860472,9.525516008736886,1.437486400381314,4,1,1,1,0,0,1,0,5.608281777367731,1
431808,tt6475250,Assassination Classroom the Movie: 365 Days' Time,劇場版「暗殺教室」365日の時間,The killer class is back in session—sort of. Relive every moment through the eyes of the top two students: Nagisa and Karma!,2016-11-19,Released,"Action, Animation, Comedy, Drama","assassination, education, school, compilation, based on manga, edited from tv series, shounen, anime",Seiji Kishi,"Jun Fukuyama, Mai Fuchigami, Nobuhiko Okamoto, Aya Suzaki, Ayaka Suwa",0,183551,92,6.506,83,3.0922,ja,JP,False,False,OMDb request failed: 401 Client Error: Unauthorized for url: https://www.omdbapi.com/?i=tt6475250&plot=short&apikey=f87d98bd,0.0,1,2016,11,4,1,0.0,0.183551,0.183551,4.430816798843313,1.4090827227503218,4,1,0,0,1,0,1,1,2.5024849282390456,0
368940,tt4731008,Robinson Crusoe,Robinson Crusoe,"On a tiny exotic island, Tuesday, an outgoing parrot lives with his quirky animal friends in paradise. However, Tuesday can't stop dreaming about discovering the world. After a violent storm, Tuesday and his friends wake up to find a strange creature on the beach: Robinson Crusoe. Tuesday immediately views Crusoe as his ticket off the island to explore new lands. Likewise, Crusoe soon realizes that the key to surviving on the island is through the help of Tuesday and the other animals. It isn't always easy at first, as the animals don't speak ""human."" Slowly but surely, they all start living together in harmony, until one day, when their comfortable life is overturned by two savage cats, who wish to take control of the island. A battle ensues between the cats and the group of friends but Crusoe and the animals soon discover the true power of friendship up against all odds (even savage cats).",2016-02-04,Released,"Adventure, Animation, Family","island, cat, parrot, bullying, anthropomorphism, storm, shipwrecked",Vincent Kesteloot,"Ilka Bessin, Dieter Hallervorden, Matthias Schweighöfer, Aylin Tezel, Kaya Yanar",13500000,40075446,90,5.8,358,3.0363,de,BE,False,False,OMDb request failed: 401 Client Error: Unauthorized for url: https://www.omdbapi.com/?i=tt4731008&plot=short&apikey=f87d98bd,2.9685515555555555,1,2016,2,1,0,13.5,40.075446,26.575446,5.883322388488279,1.3953284307497618,3,1,1,1,0,0,0,0,3.877645822885706,1
379291,tt5091548,Justice League vs. Teen Titans,Justice League vs. Teen Titans,Robin is sent by Batman to work with the Teen Titans after his volatile behavior botches up a Justice League mission. The Titans must then step up to face Trigon after he possesses the League and threatens to conquer the world.,2016-03-26,Released,"Action, Animation, Science Fiction","superhero, cartoon, based on comic, super power, superhero team, teen superhero, excited, hopeful, dc animated movie universe (dcamu)",Sam Liu,"Stuart Allan, Taissa Farmiga, Jason O'Mara, Rosario Dawson, Jerry O'Connell",0,0,78,7.276,1037,2.8843,en,US,False,False,OMDb request failed: 401 Client Error: Unauthorized for url: https://www.omdbapi.com/?i=tt5091548&plot=short&apikey=f87d98bd,0.0,1,2016,3,1,0,0.0,0.0,0.0,6.945051063725834,1.356942787405032,3,1,0,0,0,0,0,1,3.06429907766963,1
366924,tt4870838,Batman: Bad Blood,Batman: Bad Blood,"When Batman goes missing, it takes the entire Bat ""family"" - including Batwoman and Batwing - to keep the peace in Gotham and unravel the mystery behind the Dark Knight's disappearance.",2016-01-19,Released,"Action, Adventure, Animation, Crime, Science Fiction","superhero, cartoon, based on comic, super power, adult animation",Jay Oliva,"Jason O'Mara, Yvonne Strahovski, Stuart Allan, Sean Maher, Morena Baccarin",3500000,0,74,7.034,985,2.7329,en,US,False,False,OMDb request failed: 401 Client Error: Unauthorized for url: https://www.omdbapi.com/?i=tt4870838&plot=short&apikey=f87d98bd,0.0,1,2016,1,1,0,3.5,0.0,-3.5,6.893656354602635,1.317185411467558,5,1,1,0,0,0,0,1,2.990126264910529,1
382322,tt4853102,Batman: The Killing Joke,Batman: The Killing Joke,"As Batman hunts for the escaped Joker, the Clown Prince of Crime attacks the Gordon family to prove a diabolical point mirroring his own fall into madness.",2016-07-24,Released,"Action, Animation, Crime, Drama","psychopath, superhero, cartoon, carnival, descent into madness, torture, cruelty, justice, based on graphic novel, super power",Sam Liu,"Kevin Conroy, Mark Hamill, Tara Strong, Ray Wise, John DiMaggio",3500000,3775000,77,6.614,1930,2.5128,en,US,False,False,OMDb request failed: 401 Client Error: Unauthorized for url: https://www.omdbapi.com/?i=tt4853102&plot=short&apikey=f87d98bd,1.0785714285714283,1,2016,7,3,1,3.5,3.775,0.275,7.565793282428515,1.2564134402653706,4,1,0,0,1,0,0,1,3.462188151261225,1
472516,tt6327570,The Moment You Fall in Love,好きになるその瞬間を。～告白実行委員会～,"Following Natsuki Enomoto's confession rehearsals with Yuu Setoguchi, their younger siblings Kotarou and Hina struggle to confess their own love. Despite a disastrous first meeting in middle school with her upperclassman Koyuki Ayase, Hina’s heart is captured by his warm smile. Initially confused by these newfound feelings, Hina soon realizes that she has fallen in love for the very first time.  Chasing after her brother Yuu and her crush Koyuki, Hina also enrolls in Sakuragaoka High School; but the threads of love are far-reaching, and they entangle Hina and her friends. Boisterous but sensitive, Hina hopes to confess her feelings to the tender-hearted Koyuki. Meanwhile, Kotarou, oblivious to his own feelings for her, is determined to always keep Hina smiling.  This movie follows Hina, Kotarou, and Koyuki in high school. Their youthful love forges new relationships, but also threatens to break others.",2016-12-17,Released,"Animation, Comedy, Drama, Romance","affectation, sequel, school, anime, understated, appreciative, honeyworks, torn between two men",Tetsuya Yanagisawa,"Tsubasa Yonaga, Natsuki Hanae, Momo Asakura, Aki Toyosaki, Haruka Tomatsu",0,0,63,7.475,140,2.4692,ja,JP,False,False,OMDb request failed: 401 Client Error: Unauthorized for url: https://www.omdbapi.com/?i=tt6327570&plot=short&apikey=f87d98bd,0.0,1,2016,12,4,1,0.0,0.0,0.0,4.948759890378168,1.2439240198281636,4,1,0,0,1,0,1,0,2.7976525865309494,1
234004,tt2865120,Ratchet & Clank,Ratchet & Clank,"When the galaxy comes under the threat of a nefarious space captain, a mechanic and his newfound robot ally join an elite squad of combatants to save the universe.",2016-04-13,Released,"Action, Adventure, Animation, Family","spacecraft, saving the world, extraterrestrial technology, villain, alien, best friend, robot, based on video game, aftercreditsstinger, duringcreditsstinger",Kevin Munroe,"James Arnold Taylor, David Kaye, Jim Ward, Paul Giamatti, Armin Shimerman",20000000,8800000,94,5.76,664,2.4608,en,CA,False,False,OMDb request failed: 401 Client Error: Unauthorized for url: https://www.omdbapi.com/?i=tt2865120&plot=short&apikey=f87d98bd,0.44,1,2016,4,2,0,20.0,8.8,-11.2,6.499787040655854,1.2414997762166573,4,1,1,1,0,0,0,1,2.7991930225308765,1
362584,tt5084196,Kizumonogatari Part 2: Nekketsu,傷物語〈Ⅱ熱血篇〉,"Koyomi Araragi was turned into a vampire by the legendary vampire, Kiss-shot Acerola-orion Heart-under-blade, and he needs to revive the weakened vampire back to her complete form to return to being human again. The only way for Koyomi to achieve his goal is to fight the three vampire hunters – Dramaturgy, Episode and Guillotinecutter.",2016-08-19,Released,"Animation, Fantasy, Mystery","based on novel or book, vampire, supernatural, gore, ecchi, anime, based on light novel","Tatsuya Oishi, Akiyuki Shinbo","Hiroshi Kamiya, Yui Horie, Maaya Sakamoto, Takahiro Sakurai, Masashi Ebara",0,3546960,68,8.0,223,2.4527,ja,JP,False,False,OMDb request failed: 401 Client Error: Unauthorized for url: https://www.omdbapi.com/?i=tt5084196&plot=short&apikey=f87d98bd,0.0,1,2016,8,3,0,0.0,3.54696,3.54696,5.4116460518550396,1.239156533660418,3,1,0,0,0,1,0,0,2.9976203878273187,1
357786,tt3138698,Kizumonogatari Part 1: Tekketsu,傷物語〈Ⅰ鉄血篇〉,"One day, Koyomi Araragi encounters the horrifying vampire, Kiss-shot Acerola-orion Heart-under-blade A.K.A. the ""King of Apparitions."" He saves the fatally wounded Kiss-shot by offering his blood at the expense of his own life as a human. Now Koyomi has to face the vampire hunters to retrieve Kiss-shot’s limbs which were taken by these hunters...",2016-01-08,Released,"Action, Animation, Drama, Fantasy, Mystery","based on novel or book, vampire, supernatural, gore, orphan, demon, ecchi, regeneration, anime, based on light novel","Tatsuya Oishi, Akiyuki Shinbo","Hiroshi Kamiya, Maaya Sakamoto, Yui Horie, Takahiro Sakurai, Masashi Ebara",0,6319100,64,7.7,308,2.45,ja,JP,False,False,OMDb request failed: 401 Client Error: Unauthorized for url: https://www.omdbapi.com/?i=tt3138698&plot=short&apikey=f87d98bd,0.0,1,2016,1,1,0,0.0,6.3191,6.3191,5.733341276897746,1.2383742310432684,5,1,0,0,1,1,0,1,2.970757326191152,1
377897,tt5042436,Barbie: Spy Squad,Barbie: Spy Squad,"Barbie and her best friends Teresa and Renee transform from hard-working gymnasts to undercover secret agents. When their amazing gymnastics skills catch the eye of a top-secret spy agency, the girls are soon following clues to a gem-stealing cat burglar, using high-tech gadgets, glam disguises and cute robo-pets to save the day.",2016-01-15,Released,"Action, Animation, Family","friendship, sibling relationship, spy, gymnastics, female friendship, stealing, based on toy, female protagonist, female spy, high tech",Conrad Helten,"Erica Lindbeck, Stephanie Sheh, Jenny Pellicer, Alyssya Swales, Elizabeth Irving",0,0,75,7.0,427,2.4334,en,US,False,False,OMDb request failed: 401 Client Error: Unauthorized for url: https://www.omdbapi.com/?i=tt5042436&plot=short&apikey=f87d98bd,0.0,1,2016,1,1,0,0.0,0.0,0.0,6.059123195581797,1.2335510238546918,3,1,0,1,0,0,0,1,2.843901132915473,1
372751,tt5920384,Code Geass: Akito the Exiled 5: To Beloved Ones,コードギアス　亡国のアキト 第5章 最終章「愛シキモノタチへ」,"The Ark Fleet has been destroyed, and a significant number of the enemy's troops have been wiped out due to its crash landing. As the remaining forces of the Holy Order of Michael regroup in order to launch a final assault on Weiswolf Castle, the wZERO unit, along with their new ally Ashley Ashra, stand ready to intercept them. Meanwhile, with his Geass out of control, Shin moves to erase his younger brother's existence once and for all. But Akito, having promised Leila that he will come back alive, refuses to accept such a fate, and the two clash in their final battle.",2016-02-06,Released,"Action, Animation, Science Fiction","mecha, giant robot, spin off, military, anime, war",Kazuki Akane,"Miyu Irino, Maaya Sakamoto, Takuma Terashima, Yoshitsugu Matsuoka, Satoshi Hino",0,369062,60,6.3,53,2.3641,ja,JP,False,False,OMDb request failed: 401 Client Error: Unauthorized for url: https://www.omdbapi.com/?i=tt5920384&plot=short&apikey=f87d98bd,0.0,1,2016,2,1,0,0.0,0.369062,0.369062,3.9889840465642745,1.21316046818493,3,1,0,0,0,0,0,1,2.3553216772123804,0
399106,tt5613056,Piper,Piper,"A mother bird tries to teach her little one how to find food by herself. In the process, she encounters a traumatic experience that she must overcome in order to survive.",2016-06-16,Released,"Animation, Family","fear, anxious, playful, short film, assertive, shorebird, fledgling",Alan Barillaro,,0,0,6,8.148,1731,2.3615,en,US,False,False,OMDb request failed: 401 Client Error: Unauthorized for url: https://www.omdbapi.com/?i=tt5613056&plot=short&apikey=f87d98bd,0.0,1,2016,6,2,1,0.0,0.0,0.0,7.4570320891223805,1.2123873029269543,2,1,0,1,0,0,0,0,3.3374129088073996,1
271706,tt1920885,Big Fish & Begonia,大鱼海棠,"Beyond the human realm, there is a magical race of beings who control the tides and the changing of the seasons. One of these beings, a young girl named Chun, seeks something more—she wants to experience the human world! At sixteen, she finally gets her chance and transforms into a dolphin in order to explore the world that has her fascinated. But she soon discovers that it's a dangerous place and nearly gets killed in a vortex. Luckily, her life is spared when a young boy sacrifices himself to save her. Moved by his kindness and courage, she uses magic to bring him back to life only to learn that this power comes at a serious price. On a new adventure, she’ll have to make her own sacrifices in order to protect his soul until it is ready to return to the human world.",2016-07-08,Released,"Adventure, Animation, Fantasy","self sacrifice, magic, ocean, supernatural, human animal relationship, romance, coming of age, adult animation, anime, animal transformation","Liang Xuan, Zhang Chun","Ji Guanlin, Pan Shulan, Su Shangqing, Timmy Xu, King Shih-chieh",4531653,84552250,101,7.378,483,2.2383,zh,CN,False,False,OMDb request failed: 401 Client Error: Unauthorized for url: https://www.omdbapi.com/?i=tt1920885&plot=short&apikey=f87d98bd,18.65814747951796,1,2016,7,3,1,4.531653,84.55225,80.020597,6.182084906716632,1.1750485007475344,3,1,1,0,0,1,0,0,11.344236376902709,1
337703,tt3666024,The Red Turtle,La tortue rouge,"The dialogue-less film follows the major life stages of a castaway on a deserted tropical island populated by turtles, crabs and birds.",2016-03-27,Released,"Animation, Drama, Family, Fantasy","coming of age, survival, loneliness, crab, raft, sea turtle, deserted island, flood, meditative, calm",Michael Dudok de Wit,"Tom Hudson, Baptiste Goy, Axel Devillers, Barbara Beretta",0,921974,81,7.441,1366,2.2103,fr,BE,False,False,OMDb request failed: 401 Client Error: Unauthorized for url: https://www.omdbapi.com/?i=tt3666024&plot=short&apikey=f87d98bd,0.0,1,2016,3,1,0,0.0,0.921974,0.921974,7.220373836723949,1.1663643907189283,4,1,0,1,1,1,0,0,3.1182607341164315,1
387893,tt5480340,Ice Age: The Great Egg-Scapade,Ice Age: The Great Egg-Scapade,"A harried prehistoric bird mother entrusts her precious, soon-to-hatch egg to Sid. When she recommends him to her neighbours, business booms at his new egg-sitting service. However, dastardly pirate bunny, Squint, who is seeking revenge on the herd, steals, camouflages and hides all the eggs. Once again, with Squint’s twin brother assisting, Manny, Diego and the rest of the gang come to the rescue and take off on a daring mission that turns into the world’s first Easter egg hunt.",2016-03-19,Released,"Animation, Comedy, Family, TV Movie","squirrel, mammoth, ice age, easter, prehistory, anthropomorphic animal",Ricardo Curtis,"Ray Romano, John Leguizamo, Denis Leary, Taraji P. Henson, Queen Latifah",0,0,25,6.4,507,2.21,en,US,False,False,OMDb request failed: 401 Client Error: Unauthorized for url: https://www.omdbapi.com/?i=tt5480340&plot=short&apikey=f87d98bd,0.0,1,2016,3,1,0,0.0,0.0,0.0,6.230481447578482,1.1662709371419244,4,1,0,1,0,0,1,0,2.709512857708061,0
369552,tt4819576,L.O.R.D: Legend of Ravaging Dynasties,爵迹,"Based on the novel of the same name, the film depicts the endless battles of four kingdoms as they fight for power and domination of the one ultimate realm.Based on his 2 beloved fantasy novels with 6 million copies sold, L.O.R.D is acclaimed writer and director Guo Jingming’s follow up to his Tiny Times films.  The action-adventure odyssey is set in a world of warring Sorcerers, Lords and Beasts. The first CGI Film to come from China",2016-09-29,Released,"Animation, Drama, Fantasy, Science Fiction",,Edward Guo,"Fan Bingbing, Chen Xuedong, Kris Wu, Amber Kuo Tsai-Chieh, William Chan",0,0,113,7.038,144,2.2052,zh,CN,False,False,OMDb request failed: 401 Client Error: Unauthorized for url: https://www.omdbapi.com/?i=tt4819576&plot=short&apikey=f87d98bd,0.0,1,2016,9,3,0,0.0,0.0,0.0,4.976733742420574,1.1647744909217785,4,1,0,0,1,1,0,0,2.680726235001353,0
389868,tt3845670,Seoul Station,서울역,"In this animated prequel to ""Train to Busan,"" a group of survivors deals with a zombie pandemic that unleashes itself in downtown Seoul.",2016-08-17,Released,"Action, Animation, Horror, Science Fiction, Thriller","prequel, zombie, adult animation, seoul, south korea",Yeon Sang-ho,"Ryu Seung-ryong, Shim Eun-kyung, Lee Joon, Kim Jae-rok, Jang Hyuk-jin",0,2021735,92,6.521,484,2.145,ko,KR,False,False,OMDb request failed: 401 Client Error: Unauthorized for url: https://www.omdbapi.com/?i=tt3845670&plot=short&apikey=f87d98bd,0.0,1,2016,8,3,0,0.0,2.021735,2.021735,6.184148890937483,1.1458138901524038,5,1,0,0,0,0,0,1,2.729744417163483,0
333667,tt2822672,Rock Dog,Rock Dog,"When a radio falls from the sky into the hands of a wide-eyed Tibetan Mastiff, he leaves home to fulfill his dream of becoming a musician, setting into motion a series of completely unexpected events.",2016-07-08,Released,"Adventure, Animation, Comedy, Family, Music","naivety, rock 'n' roll, guitar, musician, village, anthropomorphism, dog, mastiff",Ash Brannon,"Luke Wilson, Eddie Izzard, J.K. Simmons, Lewis Black, Kenan Thompson",60000000,23270926,90,6.25,314,1.9887,en,CN,False,False,OMDb request failed: 401 Client Error: Unauthorized for url: https://www.omdbapi.com/?i=tt2822672&plot=short&apikey=f87d98bd,0.3878487666666667,1,2016,7,3,1,60.0,23.270926,-36.729074,5.752572638825633,1.0948385102485356,5,1,1,1,0,0,1,0,2.764143617361125,0
408355,tt5425264,Throne of Elves,龙之谷：精灵王座,"In the mythical Elven world of Altera, an epic battle unfolds between the beautiful Princess Liya and the Dark Elf Elena, who has gained possession of a jewel so powerful it allows its holder complete authority over all Alterans.",2016-07-31,Released,"Animation, Family, Fantasy","elves, fantasy world","Yi Ge, Yuefeng Song",Ji Guanlin,0,3916195,90,7.601,217,1.971,zh,US,False,False,OMDb request failed: 401 Client Error: Unauthorized for url: https://www.omdbapi.com/?i=tt5425264&plot=short&apikey=f87d98bd,0.0,1,2016,7,3,1,0.0,3.916195,3.916195,5.384495062789089,1.0888985964804707,3,1,0,1,0,1,0,0,2.8712590488904337,1
378106,tt5468014,Digimon Adventure tri. Part 3: Confession,デジモンアドベンチャー tri. 第3章「告白」,"After seeing Meicoomon's abrupt transformation and killing of Leomon, Agumon and the other Digimon are kept isolated in Koushiro's office in order to prevent them from infection, but signs of infection begin to appear in Patamon.",2016-09-24,Released,"Action, Adventure, Animation, Family, Fantasy, Science Fiction","monster, sequel, anime, based on anime, proxy battle",Keitaro Motonaga,"Natsuki Hanae, Yoshimasa Hosoya, Suzuko Mimori, Mutsumi Tamura, Hitomi Yoshida",0,0,91,7.059,51,1.9602,ja,JP,False,False,OMDb request failed: 401 Client Error: Unauthorized for url: https://www.omdbapi.com/?i=tt5468014&plot=short&apikey=f87d98bd,0.0,1,2016,9,3,0,0.0,0.0,0.0,3.9512437185814275,1.0852568336209514,6,1,1,1,0,1,0,1,2.5202250828303567,0
374853,tt5889338,I've Always Liked You,ずっと前から好きでした。～告白実行委員会～,"Love is blooming at Sakuragaoka High School. Natsuki Enomoto has finally mustered the courage to confess to her childhood friend, Yuu Setoguchi. However, in the final moments of her confession, an embarrassed Natsuki passes it off as a ""practice confession."" Oblivious to her true feelings and struggling with his own, Yuu promises to support Natsuki in her quest for love. While Natsuki deals with her failed confession, fellow classmate Koyuki Ayase struggles with his own feelings for Natsuki. Despite his timidness, he is determined to win over her heart.  This movie follows Natsuki as she dreams of one day ending her practices and genuinely confessing to Yuu. Meanwhile, close friends also find themselves entangled in their own webs of unrequited love and unspoken affections.",2016-04-23,Released,"Animation, Drama, Romance","high school, adolescence, prequel, school, childhood friends, nostalgic, anime, adoring, gentle, honeyworks",Tetsuya Yanagisawa,"Aki Toyosaki, Haruka Tomatsu, Kana Asumi, Yuki Kaji, Kenichi Suzumura",0,0,63,7.43,149,1.9449,ja,JP,False,False,OMDb request failed: 401 Client Error: Unauthorized for url: https://www.omdbapi.com/?i=tt5889338&plot=short&apikey=f87d98bd,0.0,1,2016,4,2,0,0.0,0.0,0.0,5.0106352940962555,1.0800748606696515,3,1,0,0,1,0,0,0,2.7711065232148857,1
381693,tt5513770,Kung Fu Panda: Secrets of the Scroll,Kung Fu Panda: Secrets of the Scroll,"As Po looks for his lost action figures, the story of how the panda inadvertently helped create the Furious Five is told.",2016-01-05,Released,"Animation, Comedy, Family",family,Rodolphe Guenoden,"Jack Black, James Hong, Dustin Hoffman, Seth Rogen, Lucy Liu",0,0,23,6.881,236,1.9025,en,US,False,False,OMDb request failed: 401 Client Error: Unauthorized for url: https://www.omdbapi.com/?i=tt5513770&plot=short&apikey=f87d98bd,0.0,1,2016,1,1,0,0.0,0.0,0.0,5.4680601411351315,1.0655724345899096,3,1,0,1,0,0,1,0,2.700294886358756,0
394759,tt3746824,Sheep & Wolves,Волки и овцы: бе-е-е-зумное превращение,"In a magical faraway land, in a picturesque little village nestled among green meadows and rolling hills, lives a flock of carefree sheep. But their pastoral and stress-free life is interrupted when a pack of wolves sets up camp in the nearby ravine.",2016-04-28,Released,"Animation, Comedy, Family, Fantasy, Romance","sheep, anthropomorphism, wolves","Maksim Volkov, Andrey Galat","Alexander Petrov, Elizaveta Boyarskaya, Sergei Bezrukov, Nikita Prozorovsky, Andrew Barkhudarov",0,4190750,85,6.2,150,1.8953,ru,RU,False,False,OMDb request failed: 401 Client Error: Unauthorized for url: https://www.omdbapi.com/?i=tt3746824&plot=short&apikey=f87d98bd,0.0,1,2016,4,2,0,0.0,4.19075,4.19075,5.017279836814924,1.063088732599063,5,1,0,1,0,1,1,0,2.4620552854120983,0
1017204,tt5866090,Naruto OVA 12: The Day Naruto Became Hokage,ナルトが火影になった日,Depicts the day that Naruto Uzumaki became the 7th Hokage.,2016-07-06,Released,"Animation, Drama, Fantasy",,Hiroyuki Yamashita,"Junko Takeuchi, Nana Mizuki, Yuko Sanpei, Saori Hayami, Cocoro Kikuchi",0,0,11,7.531,64,1.7752,ja,JP,False,False,OMDb request failed: 401 Client Error: Unauthorized for url: https://www.omdbapi.com/?i=tt5866090&plot=short&apikey=f87d98bd,0.0,1,2016,7,3,1,0.0,0.0,0.0,4.174387269895637,1.0207228166734028,3,1,0,0,1,1,0,0,2.662016512985356,0
359983,tt4938602,The Lion Guard: Return of the Roar,The Lion Guard: Return of the Roar,"Set in the African savannah, the film follows Kion as he assembles the members of the 'Lion Guard'. Throughout the film, the diverse team of young animals will learn how to utilize each of their unique abilities to solve problems and accomplish tasks to maintain balance within the Circle of Life, while also introducing viewers to the vast array of animals that populate the prodigious African landscape.",2016-01-25,Released,"Adventure, Animation, Family, TV Movie","africa, lion",Howy Parkins,"Max Charles, Joshua Rush, Madison Pettis, Andrew Kishino, Vargus Mason",0,0,44,6.723,1220,1.7211,en,US,False,False,OMDb request failed: 401 Client Error: Unauthorized for url: https://www.omdbapi.com/?i=tt4938602&plot=short&apikey=f87d98bd,0.0,1,2016,1,1,0,0.0,0.0,0.0,7.107425474110705,1.0010362103202144,4,1,1,1,0,0,0,0,2.897019252664638,1
372752,tt5216534,Digimon Adventure tri. Part 2: Determination,デジモンアドベンチャー tri. 第2章「決意」,"The DigiDestined go to a nearby hot springs theme park and everyone has a good time, but Joe doesn't show up because he wants to study for his exams. Another infected Digimon, Ogremon, attacks Odaiba. Gomamon runs away from home while Mimi faces problems with the other DigiDestined and her classmates because of her selfish ideas.",2016-03-12,Released,"Action, Adventure, Animation, Family, Fantasy, Science Fiction","monster, anime, proxy battle",Keitaro Motonaga,"Natsuki Hanae, Yoshimasa Hosoya, Suzuko Mimori, Mutsumi Tamura, Hitomi Yoshida",0,1476624,84,6.976,62,1.7173,ja,JP,False,False,OMDb request failed: 401 Client Error: Unauthorized for url: https://www.omdbapi.com/?i=tt5216534&plot=short&apikey=f87d98bd,0.0,1,2016,3,1,0,0.0,1.476624,1.476624,4.143134726391533,0.9996387402487135,6,1,1,1,0,1,0,1,2.515416019996037,0
276905,tt1594972,Norm of the North,Norm of the North,"Polar bear Norm and his three Arctic lemming buddies are forced out into the world once their icy home begins melting and breaking apart. Landing in New York, Norm begins life anew as a performing corporate mascot, only to discover that his new employers are directly responsible for the destruction of his polar home.",2016-01-14,Released,"Adventure, Animation, Comedy, Family","new york city, polar bear, arctic polar circle region, computer animation, psychotic, avalanche, lemmings, arctic, ghoulish",Trevor Wall,"Rob Schneider, Heather Graham, Maya Kay, Ken Jeong, Bill Nighy",7000000,17062499,86,4.7,360,1.6014,en,IN,False,False,OMDb request failed: 401 Client Error: Unauthorized for url: https://www.omdbapi.com/?i=tt1594972&plot=short&apikey=f87d98bd,2.437499857142857,1,2016,1,1,0,7.0,17.062499,10.062499,5.8888779583328805,0.9560497616475033,4,1,1,1,0,0,1,0,3.2986140937113433,1
403510,tt5737408,Tom and Jerry: Back to Oz,Tom and Jerry: Back to Oz,"After capturing the good witch, the villainous King Gnome creates havoc throughout Oz as he needs Dorothy's ruby slippers to take control of the Emerald City. So, it is up to Tom and Jerry to save the land of Oz!",2016-06-21,Released,"Adventure, Animation, Comedy, Family, Fantasy","magic, cartoon, villain, sequel, anthropomorphism, king, animals, wizard","Spike Brandt, Tony Cervone","Grey DeLisle, Joe Alaskey, Michael Gough, Rob Paulsen, Todd Stashwick",0,0,80,6.0,63,1.5817,en,US,False,False,OMDb request failed: 401 Client Error: Unauthorized for url: https://www.omdbapi.com/?i=tt5737408&plot=short&apikey=f87d98bd,0.0,1,2016,6,2,1,0.0,0.0,0.0,4.1588830833596715,0.9484480966732114,5,1,1,1,0,1,1,0,2.2660996770049326,0
428142,tt6213810,Fate/Grand Order: First Order,Fate/Grand Order -First Order-,"The year 2015 CE.  The last era in which magecraft still thrived.  The Chaldea Security Organization was founded to focus on preserving the continuation of human history. They observe a world which magecraft couldn't observe and science couldn't measure all to prevent the certain extinction of humanity.  But one day, the future that Chaldea continued to observe disappears and humanity's extinction in 2017 becomes clear. Rather, it had already happened.  The cause seems to be related to Fuyuki, a provincial town in Japan, in the year 2004 CE. There, an ""unobservable region"" that had not existed before appears.  Based on the assumption that Fuyuki is the reason for humanity's extinction, Chaldea issues an order to explore, investigate, and possibly destroy this singularity – a quest for the Holy Grail, the Grand Order.",2016-12-31,Released,"Action, Animation, Fantasy","magic, based on video game, anime, tv special",Hitoshi Nanba,"Nobunaga Shimazaki, Rie Takahashi, Madoka Yonezawa, Kenichi Suzumura, Tomokazu Sugita",0,0,72,6.744,117,1.5718,ja,JP,False,False,OMDb request failed: 401 Client Error: Unauthorized for url: https://www.omdbapi.com/?i=tt6213810&plot=short&apikey=f87d98bd,0.0,1,2016,12,4,1,0.0,0.0,0.0,4.770684624465665,0.9446060428542016,3,1,0,0,0,1,0,1,2.54329360009798,0
382512,tt5251438,LEGO DC Comics Super Heroes: Justice League - Cosmic Clash,LEGO DC Comics Super Heroes: Justice League - Cosmic Clash,"Earth, a shiny jewel floating in the blackness of space... and for the robot known as Brainiac, the last piece to capture for his collection of planets. Not if the Justice League has anything to say about it!",2016-02-16,Released,"Action, Adventure, Animation, Comedy, Family","cyborg, superhero, cartoon, based on comic, lego, brainiac, cheerful",Rick Morales,"Troy Baker, Grey DeLisle, Phil LaMarr, Nolan North, James Arnold Taylor",0,0,78,6.334,154,1.5685,en,US,False,False,OMDb request failed: 401 Client Error: Unauthorized for url: https://www.omdbapi.com/?i=tt5251438&plot=short&apikey=f87d98bd,0.0,1,2016,2,1,0,0.0,0.0,0.0,5.043425116919247,0.9433220709251855,5,1,1,1,0,0,1,1,2.4815120781766646,0
362058,tt4685554,The Snow Queen 3: Fire and Ice,Снежная королева 3. Огонь и лед,"After heroically defeating both the Snow Queen and the Snow King, Gerda still cannot find peace. Her dream is to find her parents who were once taken away from them by the North Wind and finally reunite the family. Thus, Gerda and her friends embark on an exiting journey to find her parents and encounter new challenges along the way: they discover an ancient magical artifact of the trolls, the Stone of Fire and Ice. From that moment on, things don't go according to the initial plan...Will Gerda be able to tame the mighty forces of the magical elements and get her family back? The answer will be reveled in 2016. This is a story which encompasses everything you love about Wizart: kindness, bravery, friendship, mystery, love of one's family, and a happy ending, of course!",2016-12-29,Released,"Animation, Comedy, Family, Fantasy","magic, troll, witchcraft, wizard, based on fairy tale, scandinavian folklore, snow queen, 3d",Alexey Tsitsilin,"Nikolay Bystrov, Natalya Bystrova, Filipp Lebedev, Diomid Vinogradov, Alexander Gruzdev",0,24644317,80,7.0,86,1.5637,ru,RU,False,False,OMDb request failed: 401 Client Error: Unauthorized for url: https://www.omdbapi.com/?i=tt4685554&plot=short&apikey=f87d98bd,0.0,1,2016,12,4,1,0.0,24.644317,24.644317,4.465908118654584,0.9414515275326548,4,1,0,1,0,1,1,0,2.561103946928086,0
332718,tt3576728,Bilal: A New Breed of Hero,Bilal: A New Breed of Hero,"A thousand years ago, one boy with a dream of becoming a great warrior is abducted with his sister and taken to a land far away from home. Thrown into a world where greed and injustice rule all, Bilal finds the courage to raise his voice and make a change. Inspired by true events, this is a story of a real hero who earned his remembrance in time and history.",2016-09-08,Released,"Action, Adventure, Animation, History","hero, dreams, legend, freedom, greed, based on true story, sister, religion, adult animation, injustice","Ayman Jamal, Khurram H. Alavi","Adewale Akinnuoye-Agbaje, China Anne McClain, Ian McShane, Jacob Latimore, Cynthia Kaye McWilliams",30000000,1750000,109,6.9,165,1.4477,en,AE,False,False,OMDb request failed: 401 Client Error: Unauthorized for url: https://www.omdbapi.com/?i=tt3576728&plot=short&apikey=f87d98bd,0.0583333333333333,1,2016,9,3,0,30.0,1.75,-28.25,5.111987788356544,0.8951488081207272,4,1,1,0,0,0,0,1,2.6523204894715904,0
372758,tt5463088,Initial D Legend 3: Dream,新劇場版「頭文字D」Legend3 -夢現-,"Takumi Fujiawara has garnered the attention of the street racer Ryousuke Takahashi, leader of the RedSuns. As he prepares for the biggest race in his life, Takumi finds himself trying to juggle his passion for racing with his personal life.",2016-02-06,Released,"Action, Animation, Drama","car race, street race, drifting, based on manga, mountain pass, anime, motorsport",Masamitsu Hidaka,"Mamoru Miyano, Yuichi Nakamura, Daisuke Ono, Maaya Uchida, Hiroaki Hirata",0,0,65,7.447,66,1.4162,ja,JP,False,False,OMDb request failed: 401 Client Error: Unauthorized for url: https://www.omdbapi.com/?i=tt5463088&plot=short&apikey=f87d98bd,0.0,1,2016,2,1,0,0.0,0.0,0.0,4.204692619390966,0.8821960581033264,3,1,0,0,1,0,0,1,2.6247833016241437,0
381873,tt5923132,Accel World: Infinite Burst,アクセル・ワールド INFINITE∞BURST,"In 2046, many aspects of life are carried out on a virtual network. No matter how advanced the time becomes, however, bullying never disappears. Haruyuki is one of the bullied students. However, one day he is contacted by Kuroyukihime, the most famous person in the school. ""Wouldn't you like to 'accelerate' and go further ahead, boy?"" Haruyuki is introduced to the ""Accel World"" and decides to fight as Kuroyukihime's knight.",2016-07-23,Released,"Action, Animation, Science Fiction","future, virtual reality, virtual fight, mecha, school, computer game, adult animation, anime, virtual world, based on light novel","Masakazu Obara, Ayako Kono","Yuki Kaji, Sachika Misawa, Aki Toyosaki, Shintaro Asanuma, Chinatsu Akasaki",0,0,88,6.566,53,1.4063,ja,JP,False,False,OMDb request failed: 401 Client Error: Unauthorized for url: https://www.omdbapi.com/?i=tt5923132&plot=short&apikey=f87d98bd,0.0,1,2016,7,3,1,0.0,0.0,0.0,3.9889840465642745,0.8780902980588515,3,1,0,0,0,0,0,1,2.371561151693469,0
427143,tt6082228,Elena and the Secret of Avalor,Elena and the Secret of Avalor,"In the Kingdom of Avalor, Elena takes Naomi up a mountain to show her favorite view of the kingdom. Elena laments to Naomi how she was trapped in the Amulet of Avalor for forty-one years, and then presents to her a broken wand. She tells her that it was Shuriki's wand and how she would still be trapped in the Amulet if it was not for a brave young Princess: Sofia. Elena then proceeds to tell Naomi the whole story ...",2016-11-20,Released,"Animation, Family, Fantasy, TV Movie",,Jamie Mitchell,"Aimee Carrero, Ariel Winter, Carlos Alazraqui, Yvette Nicole Brown, Darcy Rose Byrnes",0,0,54,7.2,83,1.3846,en,US,False,False,OMDb request failed: 401 Client Error: Unauthorized for url: https://www.omdbapi.com/?i=tt6082228&plot=short&apikey=f87d98bd,0.0,1,2016,11,4,1,0.0,0.0,0.0,4.430816798843313,0.8690313953898946,4,1,0,1,0,1,0,0,2.5949772291349813,0
415749,tt5502946,Barbie: Star Light Adventure,Barbie: Star Light Adventure,"When Barbie, a cosmic princess with a hoverboard, learns that the brightly shining stars have begun to dim, she begins a rescue mission to save the galaxy.",2016-08-12,Released,"Animation, Family, Science Fiction","princess, based on toy, female protagonist, 3d animation","Michael Goguen, Andrew Tan","Erica Lindbeck, Robbie Daymond, Kimberly Woods, Sarah Anne Williams, Michael Chandler",0,0,79,6.9,182,1.3599,en,US,False,False,OMDb request failed: 401 Client Error: Unauthorized for url: https://www.omdbapi.com/?i=tt5502946&plot=short&apikey=f87d98bd,0.0,1,2016,8,3,0,0.0,0.0,0.0,5.209486152841421,0.8586192452584069,3,1,0,1,0,0,0,0,2.6352158097149743,0
405314,tt5474644,My Little Pony: Equestria Girls - Legend of Everfree,My Little Pony: Equestria Girls - Legend of Everfree,"When Canterlot Highschool goes on a trip to Camp Everfree, they’re surprised to find a magical force is causing strange things to happen around camp. With the help of the Mane 6 and especially Sunset Shimmer, Twilight Sparkle must confront the dark “Midnight Sparkle” within herself  and embrace her newfound magical abilities to save the camp.",2016-10-01,Released,"Adventure, Animation, Comedy, Fantasy, Music","friendship, equestria girls",Ishi Rudell,"Tara Strong, Rebecca Shoichet, Ashleigh Ball, Andrea Libman, Tabitha St. Germain",0,0,73,7.5,122,1.3306,en,CA,False,False,OMDb request failed: 401 Client Error: Unauthorized for url: https://www.omdbapi.com/?i=tt5474644&plot=short&apikey=f87d98bd,0.0,1,2016,10,4,0,0.0,0.0,0.0,4.812184355372417,0.8461257451570259,5,1,1,0,0,1,1,0,2.7237465150794162,0
339526,tt4431254,The Land Before Time XIV: Journey of the Brave,The Land Before Time XIV: Journey of the Brave,"On a day known to the dinosaurs as ""Treasure Day"", Bron becomes stuck in the Mysterious Beyond. This event urges the young Longneck Littlefoot to take his friends on a quest to the Fire Mountain to save his father. Along the way, they befriend a Flyer.",2016-02-02,Released,"Adventure, Animation, Family","sequel, prehistory, dinosaur","Tony Tupilano, Davis Doi","Felix Avitia, Anndi McAfee, Aria Noelle Curzon, Jeff Bennett, Rob Paulsen",0,0,82,6.695,123,1.329,en,US,False,False,OMDb request failed: 401 Client Error: Unauthorized for url: https://www.omdbapi.com/?i=tt4431254&plot=short&apikey=f87d98bd,0.0,1,2016,2,1,0,0.0,0.0,0.0,4.820281565605037,0.845438990902204,3,1,1,1,0,0,0,0,2.5236080834760863,0
392536,tt5548284,LEGO Scooby-Doo! Haunted Hollywood,LEGO Scooby-Doo! Haunted Hollywood,"The gang find themselves in a tinsel-town twist! While on a VIP tour of the legendary Brickton Studios, Scooby and friends get a first-hand experience of the rumored hauntings when classic movie monsters drop in for a creepy casting call.",2016-01-28,Released,"Animation, Comedy, Family, Mystery","friends, hollywood, criminal investigation, lego",Rick Morales,"Frank Welker, Grey DeLisle, Matthew Lillard, Kate Micucci, Dee Bradley Baker",0,0,75,7.276,246,1.2717,en,US,False,False,OMDb request failed: 401 Client Error: Unauthorized for url: https://www.omdbapi.com/?i=tt5548284&plot=short&apikey=f87d98bd,0.0,1,2016,1,1,0,0.0,0.0,0.0,5.5093883366279774,0.820528449887038,4,1,0,1,0,0,1,0,2.768487517977252,0
377883,tt5302150,Kikoriki. Legend of the Golden Dragon,Смешарики. Легенда о золотом драконе,"The lovably simple residents of peaceful Kikoriki Island are thrown kicking and screaming into big adventure, when their resident scientist invents an amazing device - a helmet called ""the Improverizor,"" which takes personality traits from one person and swaps them with traits of someone else. But when spineless young Wally tries to use the untested device to cure his cowardice, he ends up even more spineless - by getting accidentally body-switched with a squirmy little caterpillar. Now he has even more to fear than he could have ever imagined, and so do his fellow villagers, as they're dragged into a madcap adventure packed with plane crashes, mistaken identities, erupting volcanoes and angry primitives on the warpath. Boy, do the Kikoriki Crew wish they could switch place now - with anyone.",2016-03-17,Released,"Animation, Family",,Denis Chernov,"Vadim Bochanov, Anton Vinogradov, Anton Vinogradov, Mikhail Chernyak, Sergey Mardar",6300000,0,80,5.9,78,1.2704,ru,RU,False,False,OMDb request failed: 401 Client Error: Unauthorized for url: https://www.omdbapi.com/?i=tt5302150&plot=short&apikey=f87d98bd,0.0,1,2016,3,1,0,6.3,0.0,-6.3,4.3694478524670215,0.8199560274236412,2,1,0,1,0,0,0,0,2.2534105819835992,0
393559,tt2321405,My Life as a Zucchini,Ma vie de courgette,"After his mother’s death, Zucchini is befriended by a kind police officer, Raymond, who accompanies him to his new foster home filled with other orphans his age. There, with the help of his newfound friends, Zucchini eventually learns to trust and love as he searches for a new family of his own.",2016-09-22,Released,"Animation, Comedy, Drama","orphanage, thief, stop motion, police officer, alcoholic, adult animation",Claude Barras,"Gaspard Schlatter, Sixtine Murat, Paulin Jaccoud, Michel Vuillermoz, Raul Ribera",8000000,5873256,66,7.8,1503,1.2678,fr,FR,False,False,OMDb request failed: 401 Client Error: Unauthorized for url: https://www.omdbapi.com/?i=tt2321405&plot=short&apikey=f87d98bd,0.734157,1,2016,9,3,0,8.0,5.873256,-2.126744,7.315883504509785,0.8188101985556024,3,1,0,0,1,0,1,0,3.500574705459808,1
419094,tt6096128,Orange: Future,orange -未来-,"Twenty-six-year-old Hiroto Suwa; his wife, Naho; and their old high school classmates—Takako Chino, Azusa Murasaka, and Saku Hagita—visit Mt. Koubou to view the cherry blossoms together. While watching the setting sun, they reminisce about Kakeru Naruse, their friend who died 10 years ago. Mourning for him, they decide to visit Kakeru's old home, where they learn the secret of his death from his grandmother.",2016-11-18,Released,"Animation, Drama, Romance, Science Fiction","depression, high school, suicide, letter, time travel, romance, tragedy, school, based on manga, school life",Hiroshi Hamasaki,"Makoto Furukawa, Kana Hanazawa, Seiichiro Yamashita, Natsumi Takamori, Rika Kinugawa",0,0,63,7.5,98,1.246,ja,JP,False,False,OMDb request failed: 401 Client Error: Unauthorized for url: https://www.omdbapi.com/?i=tt6096128&plot=short&apikey=f87d98bd,0.0,1,2016,11,4,1,0.0,0.0,0.0,4.59511985013459,0.8091508563162514,4,1,0,0,1,0,0,0,2.685640605967626,0
411802,tt5896146,Batman Unlimited: Mechs vs. Mutants,Batman Unlimited: Mechs vs. Mutants,"Mr. Freeze turns Killer Croc and Bane into super-sized monsters, and they bash their way through downtown Gotham until the Caped Crusader and his team of heroes join the fight in their giant robot mechs.",2016-07-24,Released,"Action, Animation, Science Fiction","superhero, cartoon",Curt Geda,"Roger Craig Smith, Oded Fehr, Lucien Dodge, Dana Snyder, Chris Diamantopoulos",0,0,72,6.476,103,1.2137,en,US,False,False,OMDb request failed: 401 Client Error: Unauthorized for url: https://www.omdbapi.com/?i=tt5896146&plot=short&apikey=f87d98bd,0.0,1,2016,7,3,1,0.0,0.0,0.0,4.6443908991413725,0.7946653237502936,3,1,0,0,0,0,0,1,2.4348584334337495,0
411736,tt5973626,Batman: Return of the Caped Crusaders,Batman: Return of the Caped Crusaders,"Adam West and Burt Ward returns to their iconic roles of Batman and Robin. The film sees the superheroes going up against classic villains like The Joker, The Riddler, The Penguin and Catwoman, both in Gotham City… and in space.",2016-10-08,Released,"Action, Adventure, Animation, Family, Science Fiction","superhero, comic book, super power",Rick Morales,"Adam West, Burt Ward, Julie Newmar, Jeff Bergman, Sirena Irwin",3500000,0,78,6.493,289,1.2115,en,US,False,False,OMDb request failed: 401 Client Error: Unauthorized for url: https://www.omdbapi.com/?i=tt5973626&plot=short&apikey=f87d98bd,0.0,1,2016,10,4,0,3.5,0.0,-3.5,5.66988092298052,0.7936710183262444,5,1,1,1,0,0,0,1,2.5927827911960146,0
382581,tt5475710,Monster High: Great Scarrier Reef,Monster High: Great Scarrier Reef,"Join your favourite ghoulfriends in an all-new aquatic adventure! When the ghouls get pulled into the school pool, they're transported to the gore-geous underwater world of the Great Scarrier Reef. Lagoon realizes she's come home and, in a fintastic mission of the heart, decides to come to terms with her own freaky flaws. Of course she'll need help from the most creeperific firends ever as she confronts a frenemy from her past, competes in a scaretastic dance extravaganze, and fights a terrible beast from the deep!",2016-02-12,Released,"Animation, Family",,William Lau,"Larissa Gallagher, Kate Higgins, Debi Derryberry, Salli Saffioti, America Young",0,0,69,7.8,121,1.2068,en,US,False,False,OMDb request failed: 401 Client Error: Unauthorized for url: https://www.omdbapi.com/?i=tt5475710&plot=short&apikey=f87d98bd,0.0,1,2016,2,1,0,0.0,0.0,0.0,4.804021044733257,0.7915435024161387,2,1,0,1,0,0,0,0,2.7893346820724094,1
322487,tt3228088,Spark: A Space Tail,Spark: A Space Tail,"Spark, a teenage monkey and his friends, Chunk and Vix, are on a mission to regain Planet Bana - a kingdom overtaken by the evil overlord Zhong.",2016-04-22,Released,"Adventure, Animation, Comedy, Family, Science Fiction","black hole, anthropomorphism, space, planet, monkey, animals, space monster",Aaron Woodley,"Jessica Biel, Hilary Swank, Susan Sarandon, Jace Norman, Patrick Stewart",0,116873,97,4.9,62,1.1606,en,CA,False,False,OMDb request failed: 401 Client Error: Unauthorized for url: https://www.omdbapi.com/?i=tt3228088&plot=short&apikey=f87d98bd,0.0,1,2016,4,2,0,0.0,0.116873,0.116873,4.143134726391533,0.7703859609007475,5,1,1,1,0,0,1,0,1.962028103093842,0
409122,tt4196868,Scooby-Doo! and WWE: Curse of the Speed Demon,Scooby-Doo! and WWE: Curse of the Speed Demon,"When Scooby and Mystery Inc. visit an off-road racing competition, it's not long before strange events start to occur. A mysterious phantom racer, known only as Inferno, is causing chaos and is determined to sabotage the race. It's up to Scooby-Doo, Shaggy and their new driving partner, The Undertaker, to save the race and solve the mystery.",2016-07-23,Released,"Animation, Comedy, Family, Mystery","friends, pro wrestlers",Tim Divar,"Saraya Bevis, Mike Mizanin, Kate Micucci, Grey DeLisle, Frank Welker",0,0,80,7.552,201,1.1555,en,US,False,False,OMDb request failed: 401 Client Error: Unauthorized for url: https://www.omdbapi.com/?i=tt4196868&plot=short&apikey=f87d98bd,0.0,1,2016,7,3,1,0.0,0.0,0.0,5.308267697401205,0.7680227152050523,4,1,0,1,0,0,1,0,2.7994435618909383,1
403064,tt5321682,She and Her Cat: Everything Flows,彼女と彼女の猫 -Everything Flows- 完全版,"This simple, charming series follows a young woman as she job hunts and experiences various changes in her life, all while her cat Daru remains the supportive constant.",2016-05-21,Released,"Animation, Drama","cat, love of animals, coming of age, grief, animal lover, anime, cat owner, domestic cat, animal story",Kazuya Sakamoto,"Kana Hanazawa, Shintaro Asanuma, Sayuri Yahagi, Akiko Hiramatsu, Hiromichi Tezuka",0,0,28,6.826,66,1.1368,ja,JP,False,False,OMDb request failed: 401 Client Error: Unauthorized for url: https://www.omdbapi.com/?i=tt5321682&plot=short&apikey=f87d98bd,0.0,1,2016,5,2,0,0.0,0.0,0.0,4.204692619390966,0.759309382813614,2,1,0,0,1,0,0,0,2.451100300330687,0
406785,tt5807512,Inner Workings,Inner Workings,"This is the story of the internal struggle between a man's Brain—a pragmatic protector who calculates his every move, and his Heart—a free-spirited adventurer who wants to let loose.",2016-11-23,Released,"Animation, Comedy, Family","office, human body, loneliness, conformity, peer pressure, repetition, repression, short film, social conditioning",Leo Matsuda,"Tucker Gilmore, Raymond S. Persi",0,0,7,7.828,306,1.0865,en,US,False,False,OMDb request failed: 401 Client Error: Unauthorized for url: https://www.omdbapi.com/?i=tt5807512&plot=short&apikey=f87d98bd,0.0,1,2016,11,4,1,0.0,0.0,0.0,5.726847747587197,0.7354880210494702,3,1,0,1,0,0,1,0,2.9263503652955003,1
411221,tt5770430,Ozzy,Ozzy,"Ozzy, a friendly, peaceful beagle has his idyllic life turned upside down when the Martins leave on a long and distant trip. There's only one problem: no dogs allowed! Unable to bring their beloved Ozzy along for the ride, they settle on the next best thing, a top-of-the-line canine spa called Blue Creek.",2016-10-14,Released,"Animation, Family","dog, beagle","Alberto Rodríguez, Nacho La Casa","Guillermo Romero, Dani Rovira, José Mota, Carlos Areces, Michelle Jenner",10000000,0,90,6.0,177,1.0617,es,CA,False,False,OMDb request failed: 401 Client Error: Unauthorized for url: https://www.omdbapi.com/?i=tt5770430&plot=short&apikey=f87d98bd,0.0,1,2016,10,4,0,10.0,0.0,-10.0,5.181783550292085,0.7235308851943855,2,1,0,1,0,0,0,0,2.3857971653229706,0
401650,tt5836262,DC Super Hero Girls: Hero of the Year,DC Super Hero Girls: Hero of the Year,"Wonder Woman, Supergirl, Batgirl, Harley Quinn, Bumblebee, Poison Ivy and Katana band together to navigate the twists and turns of high school in DC Super Hero Girls: Hero of the Year.",2016-08-09,Released,"Action, Animation, Family",superhero,Cecilia Aranovich,"Yvette Nicole Brown, Dean Cain, Greg Cipes, Jessica DiCicco, John DiMaggio",0,0,72,5.858,60,1.0597,en,US,False,False,OMDb request failed: 401 Client Error: Unauthorized for url: https://www.omdbapi.com/?i=tt5836262&plot=short&apikey=f87d98bd,0.0,1,2016,8,3,0,0.0,0.0,0.0,4.110873864173311,0.7225603411282949,3,1,0,1,0,0,0,1,2.189515130795241,0
355066,tt4695548,Bad Cat,Kötü Kedi Şerafettin,A foul-mouthed cat and its gang cross paths with humans.,2016-02-05,Released,"Action, Animation, Comedy",talking cat,"Ayşe Ünal, Mehmet Kurtuluş","Uğur Yücel, Demet Evgar, Okan Yalabık, Güven Kıraç, Gökçe Özyol",0,1656516,86,6.863,205,1.0593,tr,TR,False,False,OMDb request failed: 401 Client Error: Unauthorized for url: https://www.omdbapi.com/?i=tt4695548&plot=short&apikey=f87d98bd,0.0,1,2016,2,1,0,0.0,1.656516,1.656516,5.327876168789581,0.7223661192291653,3,1,0,0,0,0,1,1,2.623286343202812,0
396330,tt5612702,LEGO DC Comics Super Heroes: Justice League - Gotham City Breakout,LEGO DC Comics Super Heroes: Justice League - Gotham City Breakout,"The caped crusader reluctantly agrees to let Batgirl and Nightwing take him on a long overdue vacation from crime-fighting, while Superman and the Justice League watch over Gotham City.",2016-06-21,Released,"Action, Adventure, Animation, Comedy, Family","super power, lego","Melchior Zwyer, Matt Peters","Troy Baker, Eric Bauza, Greg Cipes, John DiMaggio, Will Friedle",0,0,78,6.68,153,1.0317,en,US,False,False,OMDb request failed: 401 Client Error: Unauthorized for url: https://www.omdbapi.com/?i=tt5612702&plot=short&apikey=f87d98bd,0.0,1,2016,6,2,1,0.0,0.0,0.0,5.0369526024136295,0.7088728810214278,5,1,1,1,0,0,1,1,2.5318738225152586,0
388045,tt5591458,The Legend of the Chupacabras,La Leyenda del Chupacabras,"Leo San Juan and his team of ""ghostbusters"" continue with their adventures, this time fighting against the mexican monster himself: ""El Chupacabras"".",2016-10-21,Released,"Adventure, Animation, Family, Fantasy, Horror","legend, urban legend, mexican legend, chupacabra",Alberto Rodríguez,"Benny Emmanuel, Emilio Treviño, Eduardo España, Mayté Cordero, Paul Louis",1600000,5100000,83,7.419,154,1.0156,es,MX,False,False,OMDb request failed: 401 Client Error: Unauthorized for url: https://www.omdbapi.com/?i=tt5591458&plot=short&apikey=f87d98bd,3.1875,1,2016,10,4,0,1.6,5.1,3.5,5.043425116919247,0.700916917824306,5,1,1,1,0,1,0,0,4.150776305211533,1
419566,tt6101862,LEGO Jurassic World: The Indominus Escape,LEGO Jurassic World: The Indominus Escape,The scientists of Jurassic World create a captivating and terrifying new creature that loves hot dogs. But what happens when the hot dogs run out?,2016-10-03,Released,"Animation, Comedy, Family","dinosaur, hot dog, lego",Michael D. Black,"Bryce Dallas Howard, A.J. LoCascio, Sendhil Ramamurthy, Fred Tatasciore, Jake Johnson",0,0,24,5.7,106,1.0022,en,US,False,False,OMDb request failed: 401 Client Error: Unauthorized for url: https://www.omdbapi.com/?i=tt6101862&plot=short&apikey=f87d98bd,0.0,1,2016,10,4,0,0.0,0.0,0.0,4.672828834461906,0.6942465760032462,3,1,0,1,0,0,1,0,2.2300613115697727,0
417047,tt5888384,Barbie & Her Sisters in a Puppy Chase,Barbie & Her Sisters in a Puppy Chase,"Barbie and her sisters go to an island paradise for a dance competition, but they must work together as a team to find their pets after their furry friends go missing at a horse festival.",2016-10-04,Released,"Animation, Family","puppy, female protagonist, dog, 3d animation","Ken Cunningham, Michael Goguen, Conrad Helten","Erica Lindbeck, Kazumi Evans, Claire Margaret Corlett, Alyssya Swales, Mark Oliver",0,0,75,6.705,146,0.9964,en,US,False,False,OMDb request failed: 401 Client Error: Unauthorized for url: https://www.omdbapi.com/?i=tt5888384&plot=short&apikey=f87d98bd,0.0,1,2016,10,4,0,0.0,0.0,0.0,4.990432586778736,0.6913455586133171,2,1,0,1,0,0,0,0,2.528516721808808,0
413736,tt5898034,Monster High: Welcome to Monster High,Monster High: Welcome to Monster High,"Monsters once lived in hiding—even from each other—because they were afraid they would be in danger if humans knew they existed. But Draculaura, the daughter of Dracula, along with her best ghoulfriends, dreamt of a school where everyone was welcome and accepted for who they are. Determined to make their dream come true, the ghouls travel the world on an epic adventure to recruit new students. But even in this amazing place, there's drama: a villainess zombie is spreading trouble rather than friendship, and every student must live with the fear that their secret will be revealed. Now the ghouls must save their school so that every monster has a place where they belong and their uniqueness is celebrated!",2016-08-27,Released,"Animation, Family",woman director,"Stephen Donnelly, Jun Falkenstein, Olly Reid","Debi Derryberry, Cassandra Lee Morris, Salli Saffioti, Larissa Gallagher, Cristina Milizia",0,0,73,6.937,143,0.9769,en,US,False,False,OMDb request failed: 401 Client Error: Unauthorized for url: https://www.omdbapi.com/?i=tt5898034&plot=short&apikey=f87d98bd,0.0,1,2016,8,3,0,0.0,0.0,0.0,4.969813299576001,0.6815299612197546,2,1,0,1,0,0,0,0,2.5819514891193633,0
351065,tt3763866,Zoom,Zoom,"A multi-dimensional interface between a comic book artist, a novelist, and a film director. Each lives in a separate reality but authors a story about one of the others.",2016-03-31,Released,"Animation, Comedy, Drama","beach, tattoo, photographer, movie business, passport, comic book, author, writer, drawing, filmmaking",Pedro Morelli,"Gael García Bernal, Alison Pill, Mariana Ximenes, Jason Priestley, Tyler Labine",0,0,93,5.851,111,0.9388,en,CA,False,False,OMDb request failed: 401 Client Error: Unauthorized for url: https://www.omdbapi.com/?i=tt3763866&plot=short&apikey=f87d98bd,0.0,1,2016,3,1,0,0.0,0.0,0.0,4.718498871295094,0.6620692249890838,3,1,0,0,1,0,1,0,2.269835214442627,0
413770,tt1725969,Ethel & Ernest,Ethel & Ernest,"This hand drawn animated film, based on the award winning graphic novel by Raymond Briggs, is an intimate and affectionate depiction of the life and times of his parents, two ordinary Londoners living through extraordinary events.",2016-10-15,Released,"Animation, Drama, History, War","london, england, married couple, adult animation, illustration",Roger Mainwood,"Jim Broadbent, Brenda Blethyn, Luke Treadaway, Roger Allam, Virginia McKenna",0,0,94,7.5,127,0.8985,en,GB,False,False,OMDb request failed: 401 Client Error: Unauthorized for url: https://www.omdbapi.com/?i=tt1725969&plot=short&apikey=f87d98bd,0.0,1,2016,10,4,0,0.0,0.0,0.0,4.852030263919617,0.64106410068972,4,1,0,0,1,0,0,0,2.6989641546914007,0
421725,tt6151810,Scrat: Spaced Out,Scrat: Spaced Out,"In the main events of Ice Age: Collision Course, Scrat is captured by Scratazons who take away his acorn. Now, Scrat must rescue his Acorn and escape before the aliens can catch him.",2016-10-11,Released,"Animation, Comedy, Family, Science Fiction",short film,Mike Thurmeier,"Neil deGrasse Tyson, Chris Wedge, Karen Disher, John Leguizamo, Jennifer Lopez",0,0,15,6.3,67,0.8655,en,US,False,False,OMDb request failed: 401 Client Error: Unauthorized for url: https://www.omdbapi.com/?i=tt6151810&plot=short&apikey=f87d98bd,0.0,1,2016,10,4,0,0.0,0.0,0.0,4.219507705176107,0.6235291136790755,4,1,0,1,0,0,1,0,2.3014555228282774,0
422153,tt6173902,Hulk: Where Monsters Dwell,Hulk: Where Monsters Dwell,"This All Hallows’ Eve, Nightmare is bent on conquering our waking world by crossing through the Dream Dimension, and converting each dreamer into a monster. Can Dr. Strange, Hulk and the Howling Commandos hold the line and put an end to his nefarious scheme?",2016-10-21,Released,"Action, Animation, Fantasy, Science Fiction","monster, superhero, halloween, based on comic, superhero team",Mitch Schauer,"Fred Tatasciore, Liam O'Brien, Jesse Burch, Edward Bosco, Chiara Zanni",0,0,75,6.651,93,0.8262,en,US,False,False,OMDb request failed: 401 Client Error: Unauthorized for url: https://www.omdbapi.com/?i=tt6173902&plot=short&apikey=f87d98bd,0.0,1,2016,10,4,0,0.0,0.0,0.0,4.543294782270004,0.6022373052001027,4,1,0,0,0,1,0,1,2.434579813120516,0
427004,tt6233934,Marine Life Interviews,Marine Life Interviews,Interviews with the animals at the Marine Life Institute about their experiences with Dory.,2016-11-15,Released,"Animation, Comedy, Family",short film,Ross Stevenson,"Ty Burrell, Ellen DeGeneres, Idris Elba, Ed O'Neill, Kaitlin Olson",0,0,2,6.2,78,0.7436,en,US,False,False,OMDb request failed: 401 Client Error: Unauthorized for url: https://www.omdbapi.com/?i=tt6233934&plot=short&apikey=f87d98bd,0.0,1,2016,11,4,1,0.0,0.0,0.0,4.3694478524670215,0.5559519413821005,3,1,0,1,0,0,1,0,2.2888099690773682,0
425408,tt6324176,Pussy,Cipka,"A young woman spends the evening alone at home. She decides to give herself a treat, but not everything works out as smoothly as she imagined.",2016-11-13,Released,"Animation, Comedy, Fantasy","masturbation, adult animation, woman director, female sexuality, short film",Renata Gąsiorowska,,0,0,9,6.5,50,0.6541,pl,PL,False,False,OMDb request failed: 401 Client Error: Unauthorized for url: https://www.omdbapi.com/?i=tt6324176&plot=short&apikey=f87d98bd,0.0,1,2016,11,4,1,0.0,0.0,0.0,3.9318256327243257,0.5032570542660384,3,1,0,0,0,1,1,0,2.2902624030485548,0
403052,tt5873098,Mower Minions,Mower Minions,"The Minions need to raise $20 to purchase an as seen on TV banana blender. So they take up lawn mowing at an old folks home, with hilarious antics!",2016-07-08,Released,"Animation, Comedy, Family","shopping, short film","Bruno Chauffard, Glenn McCoy","Pierre Coffin, Dave Rosenbaum, Jody Gelb",0,0,4,6.67,200,0.576,en,FR,False,False,OMDb request failed: 401 Client Error: Unauthorized for url: https://www.omdbapi.com/?i=tt5873098&plot=short&apikey=f87d98bd,0.0,1,2016,7,3,1,0.0,0.0,0.0,5.303304908059076,0.45488999143568737,3,1,0,1,0,0,1,0,2.5312292349242145,0
381028,tt5116410,Tower,Tower,"Combining archival footage with rotoscopic animation, Tower reveals the action-packed untold stories of the witnesses, heroes and survivors of America’s first mass school shooting, when the worst in one man brought out the best in so many others.",2016-03-13,Released,"Animation, Crime, Documentary","violence in schools, massacre, adult animation, school shooting, animated documentary",Keith Maitland,"Violett Beane, Chris Doubek, Blair Jackson, Louie Arnette, Josephine McAdam",0,101987,82,7.627,201,0.5688,en,US,False,False,OMDb request failed: 401 Client Error: Unauthorized for url: https://www.omdbapi.com/?i=tt5116410&plot=short&apikey=f87d98bd,0.0,1,2016,3,1,0,0.0,0.101987,0.101987,5.308267697401205,0.45031099589999946,3,1,0,0,0,0,0,0,2.7705368039951805,0
389677,tt5559726,Blind Vaysha,Vaysha l'aveugle,"From the moment she was born, Vaysha was a very special girl. With her left eye she can only see into the past, and with her right she can only see the future. The past is familiar and safe, the future is sinister and threatening. The present is a blind spot. In captivating parabolic imagery, the award-winning animation artist Theodore Ushev illustrates the world through Vaysha’s eyes.",2016-02-15,Released,"Animation, Drama, Fantasy",,Theodore Ushev,Caroline Dhavernas,0,0,8,7.1,68,0.5398,en,CA,False,False,OMDb request failed: 401 Client Error: Unauthorized for url: https://www.omdbapi.com/?i=tt5559726&plot=short&apikey=f87d98bd,0.0,1,2016,2,1,0,0.0,0.0,0.0,4.23410650459726,0.4316525378618121,3,1,0,0,1,1,0,0,2.4748638563688607,0
289143,tt4731504,Dofus - Book I: Julith,Dofus - Livre 1 : Julith,"The strange little guy in the blue hood is well known to Krosmoz. His name is Joris and he's proposing to take you on a fantastic adventure. Our hero is leading a happy life in his magic shop in the city of Bonta. But one day, when he seeks out his idol, a Gobbowl superstar, everything changes for the worst as Julith, the vengeful witch, is back in town!",2016-02-03,Released,"Action, Adventure, Animation, Comedy, Fantasy",dofus,"Jean-Jacques Denis, Anthony Roux","Sauvane Delanoe, Laeticia Lefebvre, Elisabeth Ventura, Emmanuel Gradi, Jean-Claude Donda",8027100,624747,108,7.5,102,0.5089,fr,FR,False,False,OMDb request failed: 401 Client Error: Unauthorized for url: https://www.omdbapi.com/?i=tt4731504&plot=short&apikey=f87d98bd,0.0778297268004634,1,2016,2,1,0,8.0271,0.624747,-7.402353,4.634728988229636,0.41138090853746867,5,1,1,0,0,1,1,1,2.6669398615752744,0
413927,tt5894778,Louise by the Shore,Louise en hiver,"On the last day of summer in a small seaside resort town, an older woman named Louise realizes that the last train has departed without her. She finds herself alone in the town, abandoned by everyone. As the weather turns for the worse and with no one to keep her company, louise must rely on her past to help her survive the present.",2016-11-23,Released,Animation,"beach, loneliness, memory, elderly",Jean-François Laguionie,"Dominique Frot, Jean-François Laguionie, Diane Dassigny, Antony Hickling, Piera Degli Esposti",0,0,75,6.9,70,0.436,fr,CA,False,False,OMDb request failed: 401 Client Error: Unauthorized for url: https://www.omdbapi.com/?i=tt5894778&plot=short&apikey=f87d98bd,0.0,1,2016,11,4,1,0.0,0.0,0.0,4.2626798770413155,0.36186147062603247,1,1,0,0,0,0,0,0,2.4186812021501023,0
396899,tt5698496,The Girl Without Hands,La jeune fille sans mains,A poor miller gets tricked by the Devil and accidentally sells his daughter for a bit of gold. But Satan can't take her because she's too pure and has wept on her hands. So Satan orders the miller to cut her hands off. It's the beginning of the young girl's journey towards freedom.,2016-12-14,Released,"Animation, Fantasy, Romance",fairy tale,Sébastien Laudenbach,"Anaïs Demoustier, Jérémie Elkaïm, Philippe Laudenbach, Olivier Broche, Françoise Lebrun",0,0,76,7.031,81,0.3111,fr,FR,False,False,OMDb request failed: 401 Client Error: Unauthorized for url: https://www.omdbapi.com/?i=tt5698496&plot=short&apikey=f87d98bd,0.0,1,2016,12,4,1,0.0,0.0,0.0,4.406719247264253,0.2708664795232191,3,1,0,0,0,1,0,0,2.4593878590181206,0
351981,tt3829254,Bear Story,Historia de un oso,"An old bear goes out every day to a busy street corner. Through a tin marionette theater of his own making, the bear will tell us his life story.",2016-01-29,Released,"Animation, Drama","circus, bear, family drama, short film",Gabriel Osorio,,0,0,11,7.513,118,0.2513,es,CL,False,False,OMDb request failed: 401 Client Error: Unauthorized for url: https://www.omdbapi.com/?i=tt3829254&plot=short&apikey=f87d98bd,0.0,1,2016,1,1,0,0.0,0.0,0.0,4.77912349311153,0.22418301088887221,2,1,0,0,1,0,0,0,2.62874597560006,0
402871,tt5832696,Don't Hug Me I'm Scared 6,Don't Hug Me I'm Scared 6,"All alone, Yellow Guy tries to stop a lamp from teaching him about dreams. While Red Guy finds out the truth about the puppets' existence.",2016-06-19,Released,"Animation, Comedy, Fantasy, Horror, Music","surrealism, woman director, absurdism","Becky Sloan, Joseph Pelling","Baker Terry, Becky Sloan, Joseph Pelling, Kellen Goff, Thomas Ridgewell",0,0,8,7.9,93,0.2355,en,GB,False,False,OMDb request failed: 401 Client Error: Unauthorized for url: https://www.omdbapi.com/?i=tt5832696&plot=short&apikey=f87d98bd,0.0,1,2016,6,2,1,0.0,0.0,0.0,4.543294782270004,0.2114757464465277,5,1,0,0,0,1,1,0,2.68821557930748,0
354912,tt2380307,Coco,Coco,"Despite his family’s baffling generations-old ban on music, Miguel dreams of becoming an accomplished musician like his idol, Ernesto de la Cruz. Desperate to prove his talent, Miguel finds himself in the stunning and colorful Land of the Dead following a mysterious chain of events. Along the way, he meets charming trickster Hector, and together, they set off on an extraordinary journey to unlock the real story behind Miguel's family history.",2017-10-27,Released,"Adventure, Animation, Family, Music","skeleton, mexico, guitar, afterlife, musician, holiday, villain, singer, murderer, life after death",Lee Unkrich,"Anthony Gonzalez, Gael García Bernal, Benjamin Bratt, Alanna Ubach, Renée Victor",175000000,814641172,105,8.197,20937,22.1372,en,US,False,False,OMDb request failed: 401 Client Error: Unauthorized for url: https://www.omdbapi.com/?i=tt2380307&plot=short&apikey=f87d98bd,4.655092411428571,1,2017,10,4,0,175.0,814.641172,639.641172,9.9493209688793,3.1414417118512135,4,1,1,1,0,0,0,0,6.107655987252434,1
260514,tt3606752,Cars 3,Cars 3,"Blindsided by a new generation of blazing-fast racers, the legendary Lightning McQueen is suddenly pushed out of the sport he loves. To get back in the game, he will need the help of an eager young race technician with her own plan to win, inspiration from the late Fabulous Hudson Hornet, and a few unexpected turns.",2017-06-15,Released,"Animation, Drama, Family","sports, trainer, villain, sequel, anthropomorphism, travel, racing, high tech, aftercreditsstinger, cars",Brian Fee,"Owen Wilson, Cristela Alonzo, Chris Cooper, Nathan Fillion, Larry the Cable Guy",175000000,383925276,102,6.858,6374,13.6136,en,US,False,False,OMDb request failed: 401 Client Error: Unauthorized for url: https://www.omdbapi.com/?i=tt3606752&plot=short&apikey=f87d98bd,2.19385872,1,2017,6,2,1,175.0,383.925276,208.925276,8.760139370026627,2.681952601980337,3,1,0,1,1,0,0,0,4.418050219801044,1
378236,tt4877122,The Emoji Movie,The Emoji Movie,"Gene, a multi-expressional emoji, sets out on a journey to become a normal emoji.",2017-07-23,Released,"Animation, Comedy, Family","villain, parody, 3d animation, emoji",Tony Leondis,"T.J. Miller, James Corden, Anna Faris, Maya Rudolph, Steven Wright",50000000,216909830,86,5.39,3316,10.2178,en,US,False,False,OMDb request failed: 401 Client Error: Unauthorized for url: https://www.omdbapi.com/?i=tt4877122&plot=short&apikey=f87d98bd,4.3381966,1,2017,7,3,1,50.0,216.90983,166.90983,8.106816038947052,2.4175018024372887,3,1,0,1,0,0,1,0,4.878336146207651,1
324852,tt3469046,Despicable Me 3,Despicable Me 3,Gru and his wife Lucy must stop former '80s child star Balthazar Bratt from achieving world domination.,2017-06-15,Released,"Action, Adventure, Animation, Comedy, Family","prison, villain, twin brother, sequel, jail, 3d animation","Kyle Balda, Pierre Coffin","Steve Carell, Kristen Wiig, Trey Parker, Miranda Cosgrove, Dana Gaier",80000000,1034800131,90,6.467,7621,6.592,en,US,False,False,OMDb request failed: 401 Client Error: Unauthorized for url: https://www.omdbapi.com/?i=tt3469046&plot=short&apikey=f87d98bd,12.9350016375,1,2017,6,2,1,80.0,1034.800131,954.800131,8.938794081433805,2.0270950613076266,5,1,1,1,0,0,1,1,9.082384108286213,1
324849,tt4116284,The Lego Batman Movie,The Lego Batman Movie,"A cooler-than-ever Bruce Wayne must deal with the usual suspects as they plan to rule Gotham City, while discovering that he has accidentally adopted a teenage orphan who wishes to become his sidekick.",2017-02-08,Released,"Action, Animation, Comedy, Family","superhero, based on comic, based on toy, spin off, super power, lego, playful, joyous",Chris McKay,"Will Arnett, Michael Cera, Rosario Dawson, Ralph Fiennes, Zach Galifianakis",80000000,311950384,104,7.241,5391,6.2738,en,US,False,False,OMDb request failed: 401 Client Error: Unauthorized for url: https://www.omdbapi.com/?i=tt4116284&plot=short&apikey=f87d98bd,3.8993798,1,2017,2,1,0,80.0,311.950384,231.950384,8.592671652592143,1.9842788509984555,4,1,0,1,0,0,1,1,5.15151348553859,1
364689,tt3411444,Ferdinand,Ferdinand,"Ferdinand, a little bull, prefers sitting quietly under a cork tree just smelling the flowers versus jumping around, snorting, and butting heads with other bulls. As Ferdinand grows big and strong, his temperament remains mellow. But one day five men come to choose the ""biggest, fastest, roughest bull"" for the bullfights in Madrid— and Ferdinand is mistakenly chosen.",2017-12-09,Released,"Adventure, Animation, Comedy, Family","friendship, spain, madrid, spain, europe, anthropomorphism, remake, bull, based on children's book, capture, joyous",Carlos Saldanha,"John Cena, Kate McKinnon, Anthony Anderson, Bobby Cannavale, Peyton Manning",111000000,295038508,108,7.213,3083,5.8714,en,US,False,False,OMDb request failed: 401 Client Error: Unauthorized for url: https://www.omdbapi.com/?i=tt3411444&plot=short&apikey=f87d98bd,2.6580045765765767,1,2017,12,4,1,111.0,295.038508,184.038508,8.03398273468322,1.9273678700435997,4,1,1,1,0,0,1,0,4.493554650168483,1
274862,tt3014284,The Lego Ninjago Movie,The Lego Ninjago Movie,"Six young ninjas are tasked with defending their island home of Ninjago. By night, they’re gifted warriors using their skill and awesome fleet of vehicles to fight villains and monsters. By day, they’re ordinary teens struggling against their greatest enemy....high school.",2017-09-21,Released,"Action, Adventure, Animation, Comedy, Family","high school, martial arts, secret identity, ninja, based on toy, fighting, lego, father son conflict, mechs, elemental powers","Charlie Bean, Bob Logan, Paul Fisher","Dave Franco, Justin Theroux, Fred Armisen, Abbi Jacobson, Olivia Munn",70000000,123081555,101,6.503,1162,5.0081,en,AU,False,False,OMDb request failed: 401 Client Error: Unauthorized for url: https://www.omdbapi.com/?i=tt3014284&plot=short&apikey=f87d98bd,1.7583079285714285,1,2017,9,3,0,70.0,123.081555,53.081555,7.0587581525186645,1.7931085587973505,5,1,1,1,0,0,1,1,3.7447685745545454,1
400136,tt5776208,Resident Evil: Vendetta,バイオハザード ヴェンデッタ,"When a fearless enemy out for revenge unleashes a brutal and deadly new virus, BSAA captain Chris Redfield enlists the help of Agent Leon S. Kennedy and Professor Rebecca Chambers to bring down the death merchant and save New York City.",2017-05-27,Released,"Action, Adventure, Animation, Horror, Science Fiction","sequel, zombie, based on video game, virus, anime, bold",Takanori Tsujimoto,"Kevin Dorman, Matthew Mercer, Erin Cahill, John DeMita, Fred Tatasciore",0,256320,97,6.92,1081,4.4811,ja,JP,False,False,OMDb request failed: 401 Client Error: Unauthorized for url: https://www.omdbapi.com/?i=tt5776208&plot=short&apikey=f87d98bd,0.0,1,2017,5,2,0,0.0,0.25632,0.25632,6.9865664594064265,1.7013058107433752,5,1,1,0,0,0,0,1,3.03318084052247,1
335360,tt4131800,My Little Pony: The Movie,My Little Pony: The Movie,"A new dark force threatens Ponyville, and the Mane 6 – Twilight Sparkle, Applejack, Rainbow Dash, Pinkie Pie, Fluttershy and Rarity – embark on an unforgettable journey beyond Equestria where they meet new friends and exciting challenges on a quest to use the magic of friendship and save their home.",2017-10-05,Released,"Adventure, Animation, Family, Fantasy","friendship, villain, pony, based on toy, journey, based on tv series",Jayson Thiessen,"Tara Strong, Ashleigh Ball, Andrea Libman, Tabitha St. Germain, Cathy Weseluck",6000000,61294644,99,7.3,414,4.3616,en,CA,False,False,OMDb request failed: 401 Client Error: Unauthorized for url: https://www.omdbapi.com/?i=tt4131800&plot=short&apikey=f87d98bd,10.215774,1,2017,10,4,0,6.0,61.294644,55.294644,6.028278520230698,1.679262438000909,4,1,1,1,0,1,0,0,7.578229443734741,1
137116,tt2398241,Smurfs: The Lost Village,Smurfs: The Lost Village,"In this fully animated, all-new take on the Smurfs, a mysterious map sets Smurfette and her friends Brainy, Clumsy and Hefty on an exciting race through the Forbidden Forest leading to the discovery of the biggest secret in Smurf history.",2017-03-23,Released,"Adventure, Animation, Comedy, Family",reboot,Kelly Asbury,"Demi Lovato, Rainn Wilson, Joe Manganiello, Jack McBrayer, Danny Pudi",60000000,197183546,89,6.352,1554,4.3105,en,CN,False,False,OMDb request failed: 401 Client Error: Unauthorized for url: https://www.omdbapi.com/?i=tt2398241&plot=short&apikey=f87d98bd,3.2863924333333334,1,2017,3,1,0,60.0,197.183546,137.183546,7.349230824613334,1.6696859927794574,4,1,1,1,0,0,1,0,4.419714117608919,1
268531,tt2091256,Captain Underpants: The First Epic Movie,Captain Underpants: The First Epic Movie,"Based on the bestselling book series, this outrageous comedy tells the story of George and Harold,  two overly imaginative pranksters who hypnotize their principal into thinking he’s an enthusiastic, yet dimwitted, superhero named Captain Underpants.",2017-06-01,Released,"Action, Animation, Comedy, Family, Science Fiction","friendship, based on novel or book, superhero, underwear, villain, comic book, school, principal, based on children's book, grade school",David Soren,"Kevin Hart, Thomas Middleditch, Ed Helms, Nick Kroll, Jordan Peele",38000000,125427681,89,6.294,1351,4.2816,en,US,False,False,OMDb request failed: 401 Client Error: Unauthorized for url: https://www.omdbapi.com/?i=tt2091256&plot=short&apikey=f87d98bd,3.300728447368421,1,2017,6,2,1,38.0,125.427681,87.427681,7.20934025660291,1.6642290821167915,5,1,0,1,0,0,1,1,4.3898632021237445,1
413594,tt5544384,Sword Art Online the Movie: Ordinal Scale,劇場版 ソードアート・オンライン -オーディナル・スケール-,"In 2026, a new machine called the Augma is developed to compete against the NerveGear and its successor, the Amusphere. A next-gen wearable device, the Augma doesn't have a full-dive function like its predecessors. Instead, it uses Augmented Reality to get players into the game. It is safe, user-friendly and lets users play while they are conscious, making it an instant hit on the market. The most popular game on the system is “Ordinal Scale” an ARMMORPG developed exclusively for the Augma. Asuna and the gang have already been playing OS for a while, by the time Kirito decides to join them. They’re about to find out that Ordinal Scale isn’t all fun and games…",2017-02-18,Released,"Action, Adventure, Animation, Fantasy, Science Fiction","video game, virtual reality, swordplay, sword fight, survival, anime, mmorpg, vrmmo",Tomohiko Ito,"Yoshitsugu Matsuoka, Haruka Tomatsu, Kanae Itou, Ayana Taketatsu, Rina Hidaka",0,29322339,119,7.681,753,4.2738,ja,JP,False,False,OMDb request failed: 401 Client Error: Unauthorized for url: https://www.omdbapi.com/?i=tt5544384&plot=short&apikey=f87d98bd,0.0,1,2017,2,1,0,0.0,29.322339,29.322339,6.625392368007956,1.6627511653311169,5,1,1,0,0,1,0,1,3.163471530000861,1
431819,tt6317962,Fireworks,打ち上げ花火、下から見るか？横から見るか？,"Moshimo, Japan. The annual fireworks festival is about to take place and a group of schoolboys, arguing over whether they are round or flat when viewed from different angles, set out to find it out.",2017-08-18,Released,"Animation, Drama, Fantasy, Romance","time warp, fireworks, supernatural, male friendship, lighthouse, slice of life, train, summer, junior high school, transfer student","Nobuyuki Takeuchi, Akiyuki Shinbo","Suzu Hirose, Masaki Suda, Mamoru Miyano, Shintaro Asanuma, Toshiyuki Toyonaga",0,26617621,90,6.61,364,4.0568,ja,JP,False,False,OMDb request failed: 401 Client Error: Unauthorized for url: https://www.omdbapi.com/?i=tt6317962&plot=short&apikey=f87d98bd,0.0,1,2017,8,3,0,0.0,26.617621,26.617621,5.8998973535824915,1.6207338721759519,4,1,0,0,1,1,0,0,2.7805946838637667,1
438058,tt5692622,Case Closed: The Crimson Love Letter,名探偵コナン から紅の恋歌,"Bombing case at Nichiuri TV in autumn. The Satsuki Cup, which crowns the winner of Japan's Hyakunin Isshu, is currently being filmed inside the facility. The incident results in a big commotion and, while the building is burning to ashes, the only people left inside are Hattori and Toyama Kazuha. They get rescued just in time by Conan , who rushes to the scene. Both the identity and purposes of the bomber are unknown.",2017-04-15,Released,"Action, Animation, Crime, Mystery","detective, romance, bombing, murder mystery, shounen, anime",Kobun Shizuno,"Minami Takayama, Kappei Yamaguchi, Wakana Yamazaki, Rikiya Koyama, Ryo Horikawa",0,63147576,112,6.517,121,4.0107,ja,JP,False,False,OMDb request failed: 401 Client Error: Unauthorized for url: https://www.omdbapi.com/?i=tt5692622&plot=short&apikey=f87d98bd,0.0,1,2017,4,2,0,0.0,63.147576,63.147576,4.804021044733257,1.6115756258956475,4,1,0,0,0,0,0,1,2.5915895005943357,0
445030,tt5914996,No Game No Life: Zero,No Game No Life: Zero,"Six thousand years before Sora and Shiro were even a blink in the history of Disboard, war consumed the land, tearing apart the heavens, destroying stars, and even threatening to wipe out the human race. Amid the chaos and destruction, a young man named Riku leads humanity toward the tomorrow his heart believes in. One day, in the ruins of an Elf city, he meets Schwi, a female exiled ""Ex Machina"" android who asks him to teach her what it means to have a human heart.",2017-07-15,Released,"Adventure, Animation, Drama, Fantasy, Romance","magic, anti hero, post-apocalyptic future, prequel, end of the world, survival, tragedy, disaster, game, anime",Atsuko Ishizuka,"Yoko Hikasa, Ai Kayano, Yoshitsugu Matsuoka, Kazuyuki Okitsu, Ryota Takeuchi",0,6356284,106,7.828,435,3.7276,ja,JP,False,False,OMDb request failed: 401 Client Error: Unauthorized for url: https://www.omdbapi.com/?i=tt5914996&plot=short&apikey=f87d98bd,0.0,1,2017,7,3,1,0.0,6.356284,6.356284,6.077642243349034,1.5534176741559484,5,1,1,0,1,1,0,0,3.1016589876257474,1
436931,tt6595896,Pokémon the Movie: I Choose You!,劇場版 ポケットモンスター キミにきめた！,"Ash Ketchum wakes up late one morning after having broken his alarm clock in his sleep. He eventually makes it to Professor Oak's lab, but is told that the three starter List of Pokémon (Bulbasaur, Squirtle, and Charmander) have already been taken by Trainers who were on time. However, Oak reveals that he has one more Pokémon, an Electric-type named Pikachu. Despite its volatile and feisty personality, as well as its refusal to get inside a Poké Ball, Ash happily takes Pikachu for his journey.",2017-07-15,Released,"Adventure, Animation, Family, Fantasy","travel, based on video game, reboot, adventurer, anime, alternate universe",Kunihiko Yuyama,"Rica Matsumoto, Ikue Otani, Megumi Hayashibara, Shin-ichiro Miki, Inuko Inuyama",0,37552144,98,7.073,674,3.705,ja,JP,False,False,OMDb request failed: 401 Client Error: Unauthorized for url: https://www.omdbapi.com/?i=tt6595896&plot=short&apikey=f87d98bd,0.0,1,2017,7,3,1,0.0,37.552144,37.552144,6.51471269087253,1.548625773037343,4,1,1,1,0,1,0,0,2.977750769586481,1
430447,tt6336356,Mary and The Witch's Flower,メアリと魔女の花,"Mary Smith, a young girl who lives with her great-aunt in the countryside, follows a mysterious cat into the nearby forest where she finds a strange flower and an old broom, none of which is as ordinary as it seems.",2017-07-08,Released,"Adventure, Animation, Family, Fantasy","witch, based on novel or book, magic, cat, school of witchcraft, based on children's book, anime",Hiromasa Yonebayashi,"Yuki Amami, Ryunosuke Kamiki, Hana Sugisaki, Fumiyo Kohinata, Hikari Mitsushima",0,42170089,103,7.145,898,3.5069,ja,JP,False,False,OMDb request failed: 401 Client Error: Unauthorized for url: https://www.omdbapi.com/?i=tt6336356&plot=short&apikey=f87d98bd,0.0,1,2017,7,3,1,0.0,42.170089,42.170089,6.80128303447162,1.5056095557543505,4,1,1,1,0,1,0,0,3.032283888533895,1
355547,tt4587656,The Star,The Star,A small but brave donkey and his animal friends become the unsung heroes of the greatest story ever told: the first Christmas.,2017-11-15,Released,"Adventure, Animation, Comedy, Family, Fantasy","villain, christmas, evil king, cartoon donkey",Timothy Reckart,"Steven Yeun, Gina Rodriguez, Zachary Levi, Keegan-Michael Key, Kelly Clarkson",10000000,0,86,6.461,609,3.4287,en,US,False,False,OMDb request failed: 401 Client Error: Unauthorized for url: https://www.omdbapi.com/?i=tt4587656&plot=short&apikey=f87d98bd,0.0,1,2017,11,4,1,10.0,0.0,-10.0,6.413458957167357,1.4881060872664695,5,1,1,1,0,1,1,0,2.800484756665074,1
462677,tt5912470,Doraemon: Nobita's Great Adventure in the Antarctic Kachi Kochi,映画ドラえもん のび太の南極カチコチ大冒険,"Doraemon and Nobita discover a mysterious golden ring far beneath the ice in Antarctica, leading them to uncover an ancient, ruined city.",2017-03-04,Released,"Adventure, Animation, Comedy, Family, Fantasy, Science Fiction","time travel, antarctica, anime",Atsushi Takahashi,"Wasabi Mizuta, Megumi Oohara, Yumi Kakazu, Tomokazu Seki, Subaru Kimura",8000000,61153455,101,6.585,106,3.1821,ja,JP,False,False,OMDb request failed: 401 Client Error: Unauthorized for url: https://www.omdbapi.com/?i=tt5912470&plot=short&apikey=f87d98bd,7.644181875,1,2017,3,1,0,8.0,61.153455,53.153455,4.672828834461906,1.4308135127243804,6,1,1,1,0,1,1,0,6.001678195827943,1
430214,tt6335734,"Night Is Short, Walk On Girl",夜は短し歩けよ乙女,"As a group of university students go out for a night on the town, a sophomore known only as ""The Girl with Black Hair"" experiences a series of surreal encounters with the local nightlife – all the while unaware of the romantic longings of ""Senpai"", a senior student who has been creating increasingly fantastic and contrived reasons to run into her in an effort to win her heart.",2017-04-07,Released,"Animation, Comedy, Fantasy, Romance","based on novel or book, theater play, kyoto, japan, anime, binge drinking, book fair, night festival",Masaaki Yuasa,"Gen Hoshino, Kana Hanazawa, Ami Koshimizu, Aoi Yuuki, Hiroshi Kamiya",0,3878208,93,7.444,252,3.1658,ja,JP,False,False,OMDb request failed: 401 Client Error: Unauthorized for url: https://www.omdbapi.com/?i=tt6335734&plot=short&apikey=f87d98bd,0.0,1,2017,4,2,0,0.0,3.878208,3.878208,5.53338948872752,1.4269083340051456,4,1,0,0,0,1,1,0,2.9050446734099,1
335777,tt3486626,The Nut Job 2: Nutty by Nature,The Nut Job 2: Nutty by Nature,"When the evil mayor of Oakton decides to bulldoze Liberty Park and build a dangerous amusement park in its place, Surly Squirrel and his ragtag group of animal friends need to band together to save their home, defeat the mayor, and take back the park.",2017-08-11,Released,"Adventure, Animation, Comedy, Family","squirrel, mayor, villain, anthropomorphism, animals, nut",Cal Brunker,"Will Arnett, Maya Rudolph, Bobby Cannavale, Bobby Moynihan, Isabela Merced",40000000,68743485,91,6.12,466,3.0779,en,CA,False,False,OMDb request failed: 401 Client Error: Unauthorized for url: https://www.omdbapi.com/?i=tt3486626&plot=short&apikey=f87d98bd,1.718587125,1,2017,8,3,0,40.0,68.743485,28.743485,6.1463292576688975,1.4055821500271748,4,1,1,1,0,0,1,0,3.4361509174044107,1
428707,tt6728390,Kuroko's Basketball the Movie: Last Game,劇場版 黒子のバスケ LAST GAME,"Kuroko reunites with the ""Generation of Miracles"" when former rivals are humiliated in an exhibition game against a notorious street basketball team.",2017-03-18,Released,"Animation, Comedy","sports, basketball, sequel, based on manga, shounen, anime",Shunsuke Tada,"Kensho Ono, Junichi Suwabe, Hiroshi Kamiya, Ryohei Kimura, Yuki Ono",0,8261488,90,7.637,135,3.0428,ja,JP,False,False,OMDb request failed: 401 Client Error: Unauthorized for url: https://www.omdbapi.com/?i=tt6728390&plot=short&apikey=f87d98bd,0.0,1,2017,3,1,0,0.0,8.261488,8.261488,4.912654885736052,1.3969375212183706,2,1,0,0,0,0,1,0,2.855688861043163,1
339877,tt3262342,Loving Vincent,Loving Vincent,A young man arrives at the last hometown of painter Vincent van Gogh to deliver the troubled artist's final letter and ends up investigating his final days there.,2017-06-22,Released,"Animation, Drama, History","artist, investigation, grave, letter, melancholy, painter, bullying, adult animation, struggling artist, mysterious","DK Welchman, Hugh Welchman","Douglas Booth, Robert Gulaczyk, Eleanor Tomlinson, Helen McCrory, Saoirse Ronan",5500000,42187665,95,7.984,2601,3.007,en,PL,False,False,OMDb request failed: 401 Client Error: Unauthorized for url: https://www.omdbapi.com/?i=tt3262342&plot=short&apikey=f87d98bd,7.670484545454546,1,2017,6,2,1,5.5,42.187665,36.687665,7.86403565907245,1.3880428316540074,3,1,0,0,1,0,0,0,6.835529819063514,1
362585,tt5084198,Kizumonogatari Part 3: Reiketsu,傷物語〈Ⅲ冷血篇〉,"With help from Meme Oshino, the apparition specialist, Koyomi defeats the three powerful vampire hunters: Dramaturgy, Episode and Guillotinecutter. Koyomi takes back all the limbs of Kiss-shot Acerola-orion Heart-under-blade in order to become a human again.",2017-01-06,Released,"Animation, Fantasy, Mystery","based on novel or book, vampire, supernatural, gore, survival, ecchi, anime, based on light novel","Tatsuya Oishi, Akiyuki Shinbo","Hiroshi Kamiya, Yui Horie, Maaya Sakamoto, Takahiro Sakurai",0,817874,83,8.0,231,2.9728,ja,JP,False,False,OMDb request failed: 401 Client Error: Unauthorized for url: https://www.omdbapi.com/?i=tt5084198&plot=short&apikey=f87d98bd,0.0,1,2017,1,1,0,0.0,0.817874,0.817874,5.44673737166631,1.379471135771765,3,1,0,0,0,1,0,0,3.0239312761157113,1
449574,tt5979874,Godzilla: Planet of the Monsters,GODZILLA 怪獣惑星,"A desperate group of refugees attempts to recolonize Earth 20,000 years after Godzilla took over. But one young man wants revenge above all else.",2017-11-17,Released,"Action, Animation, Science Fiction","distant future, kaiju, aftercreditsstinger, anime, godzilla","Hiroyuki Seshita, Kobun Shizuno","Mamoru Miyano, Takahiro Sakurai, Kana Hanazawa, Tomokazu Sugita, Yuki Kaji",0,3300000,89,6.376,554,2.9583,ja,JP,False,False,OMDb request failed: 401 Client Error: Unauthorized for url: https://www.omdbapi.com/?i=tt5979874&plot=short&apikey=f87d98bd,0.0,1,2017,11,4,1,0.0,3.3,3.3,6.318968113746434,1.3758146401645064,3,1,0,0,0,0,0,1,2.7482174130866412,0
295693,tt3874544,The Boss Baby,The Boss Baby,"A story about how a new baby's arrival impacts a family, told from the point of view of a delightfully unreliable narrator, a wildly imaginative 7 year old named Tim.",2017-03-23,Released,"Animation, Comedy, Family","baby, villain, family relationships, puppy, sibling rivalry, unreliable narrator, aftercreditsstinger, baby brother",Tom McGrath,"Alec Baldwin, Steve Buscemi, Miles Bakshi, Jimmy Kimmel, Lisa Kudrow",125000000,527965936,97,6.454,7453,2.8741,en,US,False,False,OMDb request failed: 401 Client Error: Unauthorized for url: https://www.omdbapi.com/?i=tt3874544&plot=short&apikey=f87d98bd,4.223727488,1,2017,3,1,0,125.0,527.965936,402.965936,8.916506080039204,1.354313377764713,3,1,0,1,0,0,1,0,5.054800288270587,1
413644,tt5715410,The Son of Bigfoot,The Son of Bigfoot,"Teenage outsider Adam sets out on an epic and daring quest to uncover the mystery behind his long-lost dad, only to find out that he is none other than the legendary Bigfoot! He has been hiding deep in the forest for years to protect himself and his family from HairCo., a giant corporation eager to run scientific experiments with his special DNA. As father and son start making up for lost time after the boy's initial disbelief, Adam soon discovers that he too is gifted with superpowers beyond his imagination. But little do they know, HairCo. is on their tail as Adam's traces have led them to Bigfoot!",2017-07-26,Released,"Animation, Comedy, Family","villain, father, forest, bigfoot, anthropomorphism, laboratory","Jérémie Degruson, Ben Stassen","Pappy Faulkner, Christopher Lee Parson, Terrence Stone, Marieve Herington, Cinda Adams",30000000,46372519,92,6.6,523,2.8617,en,BE,False,False,OMDb request failed: 401 Client Error: Unauthorized for url: https://www.omdbapi.com/?i=tt5715410&plot=short&apikey=f87d98bd,1.5457506333333333,1,2017,7,3,1,30.0,46.372519,16.372519,6.261491684321042,1.3511075010305078,3,1,0,1,0,0,1,0,3.4874776628027324,1
431821,tt6580380,The Irregular at Magic High School: The Girl Who Summons the Stars,劇場版 魔法科高校の劣等生 星を呼ぶ少女,"In the story, the seasons have changed and it will soon be the second spring. Tatsuya and Miyuki have finished their first year at First Magic High School and are on their spring break. The two go to their villa on the Ogasawara Island archipelago. After only a small moment of peace a lone young woman named Kokoa appears before them. She has abandoned the Naval base and she tells Tatsuya her one wish.",2017-06-17,Released,"Action, Animation, Fantasy, Science Fiction","high school, magic, supernatural, military, school life, anime, magic school",Risako Yoshida,"Yuichi Nakamura, Saori Hayami, Yumi Uchiyama, Takuma Terashima, Satomi Sato",0,2819492,90,6.2,81,2.7357,ja,JP,False,False,OMDb request failed: 401 Client Error: Unauthorized for url: https://www.omdbapi.com/?i=tt6580380&plot=short&apikey=f87d98bd,0.0,1,2017,6,2,1,0.0,2.819492,2.819492,4.406719247264253,1.3179352173565286,4,1,0,0,0,1,0,1,2.408698169693117,0
433422,tt6548966,Fairy Tail: Dragon Cry,劇場版 FAIRY TAIL -DRAGON CRY-,"Dragon Cry is a magical artifact of deadly power, formed into a staff by the fury and despair of dragons long gone. Now, this power has been stolen from the hands of the Fiore kingdom by the nefarious traitor Zash Caine, who flees with it to the small island nation of Stella. Frightened that the power has fallen into the wrong hands, the King of Fiore hastily sends Fairy Tail to retrieve the staff. But this task proves frightening as a shadowy secret lies in the heart of the kingdom of Stella. Dragon Cry follows their story as they muster up all their strength to recover the stolen staff and save both kingdoms.",2017-05-06,Released,"Action, Adventure, Animation, Comedy, Fantasy","magic, fairy tale, wizard, ecchi, shounen, anime, adventure",Tatsuma Minamikawa,"Tetsuya Kakihara, Aya Hirano, Rie Kugimiya, Yuichi Nakamura, Sayaka Ohara",0,1420035,85,6.625,420,2.6819,ja,JP,False,False,OMDb request failed: 401 Client Error: Unauthorized for url: https://www.omdbapi.com/?i=tt6548966&plot=short&apikey=f87d98bd,0.0,1,2017,5,2,0,0.0,1.420035,1.420035,6.042632833682381,1.3034289232894352,5,1,1,0,0,1,1,1,2.7581592635457723,0
460793,tt5452780,Olaf's Frozen Adventure,Olaf's Frozen Adventure,"Olaf is on a mission to harness the best holiday traditions for Anna, Elsa, and Kristoff.",2017-10-27,Released,"Adventure, Animation, Comedy, Family, Fantasy","holiday, cartoon, musical, snowman, christmas, short film, featurette","Stevie Wermers-Skelton, Kevin Deters","Josh Gad, Kristen Bell, Idina Menzel, Jonathan Groff, Eva Bella",0,0,22,6.47,1498,2.6635,en,US,False,False,OMDb request failed: 401 Client Error: Unauthorized for url: https://www.omdbapi.com/?i=tt5452780&plot=short&apikey=f87d98bd,0.0,1,2017,10,4,0,0.0,0.0,0.0,7.312553498102598,1.2984189746178816,5,1,1,1,0,1,1,0,2.9091458709080715,1
462650,tt7042082,Puss in Book: Trapped in an Epic Tale,Puss in Book: Trapped in an Epic Tale,"After tumbling into a magic storybook, Puss in Boots must fight, dance and romance his way through wild adventures as he searches for an escape.",2017-06-16,Released,"Adventure, Animation, Comedy, Family, Fantasy",interactive,"Roy Burdine, Johnny Castuciano","Eric Bauza, Jayma Mays, Maria Bamford, Jeff Bennett, Ron Funches",0,0,23,6.599,252,2.6028,en,US,False,False,OMDb request failed: 401 Client Error: Unauthorized for url: https://www.omdbapi.com/?i=tt7042082&plot=short&apikey=f87d98bd,0.0,1,2017,6,2,1,0.0,0.0,0.0,5.53338948872752,1.2817113209274507,5,1,1,1,0,1,1,0,2.6720151214482457,0
428288,tt5731132,Napping Princess,ひるね姫 ～知らないワタシの物語～,"Japan, 2020, a few days before the opening of the Tokyo Olympics. Although she should be studying for her final exams, Kokone, a schoolgirl who lives in a small town with her widowed father, a mysterious and talented mechanic, falls asleep often, anywhere, anytime, entering, over and over, a dream-world where a squad of fantastic motorized contraptions fights against magic, a world close to reality where she will find out the keys of her true past.",2017-03-18,Released,"Adventure, Animation, Drama, Fantasy, Science Fiction","dreams, virtual reality, magic, autopilot, mecha, based on manga, schoolmates, stuffed toy, dream world, anime",Kenji Kamiyama,"Mitsuki Takahata, Yosuke Eguchi, Shinnosuke Mitsushima, Rie Kugimiya, Tomoya Maeno",0,0,111,6.683,131,2.5004,ja,JP,False,False,OMDb request failed: 401 Client Error: Unauthorized for url: https://www.omdbapi.com/?i=tt5731132&plot=short&apikey=f87d98bd,0.0,1,2017,3,1,0,0.0,0.0,0.0,4.882801922586371,1.252877247679539,5,1,1,0,1,1,0,0,2.5911018755398865,0
435129,tt3901826,The Breadwinner,The Breadwinner,"A headstrong young girl in Afghanistan, ruled by the Taliban, disguises herself as a boy in order to provide for her family.",2017-11-17,Released,"Animation, Drama, Family, War","based on novel or book, arranged marriage, cartoon, imprisonment, afghanistan, father, taliban, poverty, family, disguise",Nora Twomey,"Saara Chaudry, Soma Bhatia, Noorin Gulamgaus, Laara Sadiq, Ali Badshah",0,312381,94,7.842,920,2.4589,en,CA,False,False,OMDb request failed: 401 Client Error: Unauthorized for url: https://www.omdbapi.com/?i=tt3901826&plot=short&apikey=f87d98bd,0.0,1,2017,11,4,1,0.0,0.312381,0.312381,6.825460036255307,1.2409506194475057,4,1,0,1,1,0,0,0,3.1704615983554216,1
462883,tt2114504,Woody Woodpecker,Woody Woodpecker,Woody Woodpecker enters a turf war with a big city lawyer wanting to tear down his home in an effort to build a house to flip.,2017-10-05,Released,"Animation, Comedy, Family",woodpecker,Alex Zamm,"Eric Bauza, Timothy Omundson, Thaila Ayala, Graham Verchere, Jordana Largy",10000000,15316635,91,6.588,771,2.4534,en,CA,False,False,OMDb request failed: 401 Client Error: Unauthorized for url: https://www.omdbapi.com/?i=tt2114504&plot=short&apikey=f87d98bd,1.5316635,1,2017,10,4,0,10.0,15.316635,5.316635,6.648984550024776,1.2393592529961928,3,1,0,1,0,0,1,0,3.5195001454531454,1
411840,tt5513260,Surf's Up 2: WaveMania,Surf's Up 2: WaveMania,"Cody, Chicken Joe and Lani are back in their most epic adventure yet! The most radical surfing dream team, The Hang Five puts Cody and his friends to the test and teaches them the meaning of teamwork as they journey to the most legendary surfing spot on the planet.",2017-01-26,Released,"Animation, Comedy, Family","surfer, sports, sequel, found footage, disrespectful",Henry Yu,"Jeremy Shada, Jon Heder, Melissa Sturm, John Cena, Mark Calaway",0,0,84,5.985,297,2.4124,en,CA,False,False,OMDb request failed: 401 Client Error: Unauthorized for url: https://www.omdbapi.com/?i=tt5513260&plot=short&apikey=f87d98bd,0.0,1,2017,1,1,0,0.0,0.0,0.0,5.697093486505405,1.2274158560524027,3,1,0,1,0,0,1,0,2.534926401383671,0
452970,tt6470762,Mazinger Z: Infinity,劇場版 マジンガーZ ／ INFINITY,"When the evil Dr. Hell attacks the Earth, the mighty giant mecha Mazinger Z is formed to stop him.",2017-10-27,Released,"Action, Animation, Science Fiction","cyborg, mecha, giant robot, anime, super robot, mazinger",Junji Shimizu,"Showtaro Morikubo, Ai Kayano, Sumire Uesaka, Toshihiko Seki, Ami Koshimizu",0,2732673,95,6.93,338,2.3854,ja,JP,False,False,OMDb request failed: 401 Client Error: Unauthorized for url: https://www.omdbapi.com/?i=tt6470762&plot=short&apikey=f87d98bd,0.0,1,2017,10,4,0,0.0,2.732673,2.732673,5.82600010738045,1.2194720677728599,3,1,0,0,0,0,0,1,2.7893208262729963,1
436120,tt6452332,Lu Over the Wall,夜明け告げるルーのうた,"In a small fishing village, a gloomy middle school student named Kai meets a mermaid named Lu.",2017-05-19,Released,"Adventure, Animation, Family, Fantasy, Music","friendship, beach, wave, mermaid, anime",Masaaki Yuasa,"Shota Shimoda, Soma Saito, Minako Kotobuki, Kanon Tani, Akira Emoto",0,0,112,7.0,145,2.3668,ja,JP,False,False,OMDb request failed: 401 Client Error: Unauthorized for url: https://www.omdbapi.com/?i=tt6452332&plot=short&apikey=f87d98bd,0.0,1,2017,5,2,0,0.0,0.0,0.0,4.983606621708336,1.213962738355284,5,1,1,1,0,1,0,0,2.6796354040095434,0
456611,tt6047974,Lupin the 3rd: Goemon's Blood Spray,LUPIN THE IIIRD 血煙の石川五ェ門,"A yakuza boss hires Goemon Ishikawa, a modern day samurai, to protect him aboard his cruise ship casino. Everything goes sideways when the famous thief, Lupin the Third, tries to rob the vessel. Lupin's being hunted by a powerful and mysterious man: the so called “Ghost of Bermuda.” With Goemon's employer dead in the ensuing chaos, his honor is at stake, and the only way to preserve it is with blood. But this opponent is like no other, and to make things right, Goemon may need to sharpen not only his sword, but himself as well!",2017-02-04,Released,"Action, Animation, Crime, Drama","assassin, samurai, casino, bodyguard, yakuza, redemption, heist, thief, honor, superhuman strength",Takeshi Koike,"Kanichi Kurita, Kiyoshi Kobayashi, Miyuki Sawashiro, Daisuke Namikawa, Koichi Yamadera",0,0,54,7.79,183,2.363,ja,JP,False,False,OMDb request failed: 401 Client Error: Unauthorized for url: https://www.omdbapi.com/?i=tt6047974&plot=short&apikey=f87d98bd,0.0,1,2017,2,1,0,0.0,0.0,0.0,5.214935757608986,1.2128334327581325,4,1,0,0,1,0,0,1,2.911665378555068,1
357407,tt3615160,Genocidal Organ,虐殺器官,"The war on terror exploded, literally, the day Sarajevo was destroyed by a homemade nuclear device. The leading democracies transformed into total surveillance states, and the developing world has drowned under a wave of genocides. The mysterious American John Paul seems to be behind the collapse of the world system, and it's up to intelligence agent Clavis Shepherd to track John Paul across the wreckage of civilizations and to find the true heart of darkness—a genocidal organ.",2017-02-03,Released,"Action, Animation, Science Fiction, Thriller, War","based on novel or book, brainwashing, terrorism, soldier, special forces, adult animation, anime, philosophical, surveillance state, science fiction",Shukou Murase,"Yuichi Nakamura, Takahiro Sakurai, Akio Otsuka, Kaito Ishikawa, Sanae Kobayashi",0,0,115,6.6,82,2.3251,ja,JP,False,False,OMDb request failed: 401 Client Error: Unauthorized for url: https://www.omdbapi.com/?i=tt3615160&plot=short&apikey=f87d98bd,0.0,1,2017,2,1,0,0.0,0.0,0.0,4.418840607796598,1.201499748843538,5,1,0,0,0,0,0,1,2.4930510534960204,0
408220,tt2494376,Justice League Dark,Justice League Dark,"When innocent civilians begin committing unthinkable crimes across Metropolis, Gotham City and beyond, Batman must call upon mystical counterparts to eradicate this demonic threat to the planet; enter Justice League Dark. This team of Dark Arts specialists must unravel the mystery of Earth's supernatural plague and contend with the rising, powerful villainous forces behind the siege—before it's too late for all of mankind.",2017-01-24,Released,"Action, Adventure, Animation, Fantasy, Horror, Science Fiction","monster, superhero, supernatural, based on comic, creature, inspirational, excited, hopeful, dc animated movie universe (dcamu)",Jay Oliva,"Matt Ryan, Jason O'Mara, Camilla Luddington, Nicholas Turturro, Rosario Dawson",0,0,76,7.299,1132,2.2697,en,US,False,False,OMDb request failed: 401 Client Error: Unauthorized for url: https://www.omdbapi.com/?i=tt2494376&plot=short&apikey=f87d98bd,0.0,1,2017,1,1,0,0.0,0.0,0.0,7.0326242610280065,1.1846982375812385,6,1,1,0,0,1,0,1,3.057348374791387,1
409421,tt6574146,BLAME!,ブラム,"In the distant technological future, civilization has reached its ultimate Net-based form. An ""infection"" in the past caused the automated systems to spiral out of order, resulting in a multi-leveled city structure that replicates itself infinitely in all directions. Now humanity has lost access to the city's controls, and is hunted down and purged by the defense system known as the Safeguard. In a tiny corner of the city, a little enclave known as the Electro-Fishers is facing eventual extinction, trapped between the threat of the Safeguard and dwindling food supplies. A girl named Zuru goes on a journey to find food for her village, only to inadvertently cause doom when an observation tower senses her and summons a Safeguard pack to eliminate the threat. With her companions dead and all escape routes blocked, the only thing that can save her now is the sudden arrival of Killy the Wanderer, on his quest for the Net Terminal Genes, the key to restoring order to the world.",2017-05-20,Released,"Action, Animation, Drama, Science Fiction","adult animation, anime",Hiroyuki Seshita,"Takahiro Sakurai, Kana Hanazawa, Sora Amamiya, Mamoru Miyano, Aya Suzaki",0,0,106,6.534,355,2.265,ja,JP,False,False,OMDb request failed: 401 Client Error: Unauthorized for url: https://www.omdbapi.com/?i=tt6574146&plot=short&apikey=f87d98bd,0.0,1,2017,5,2,0,0.0,0.0,0.0,5.87493073085203,1.1832597627283945,4,1,0,0,1,0,0,1,2.6922285740370637,0
408647,tt6315800,Teen Titans: The Judas Contract,Teen Titans: The Judas Contract,Tara Markov is a girl who has power over earth and stone; she is also more than she seems. Is the newest Teen Titan an ally or a threat? And what are the mercenary Deathstroke's plans for the Titans?,2017-04-04,Released,"Action, Animation, Science Fiction","superhero, cartoon, based on comic, superhero team, dc animated movie universe (dcamu)",Sam Liu,"Stuart Allan, Jake T. Austin, Taissa Farmiga, Christina Ricci, Brandon Soo Hoo",0,0,84,7.365,758,2.1845,en,US,False,False,OMDb request failed: 401 Client Error: Unauthorized for url: https://www.omdbapi.com/?i=tt6315800&plot=short&apikey=f87d98bd,0.0,1,2017,4,2,0,0.0,0.0,0.0,6.63200177739563,1.1582952908292834,3,1,0,0,0,0,0,1,3.009794560233737,1
408648,tt6556890,Batman and Harley Quinn,Batman and Harley Quinn,"Batman and Nightwing are forced to team with the Joker's sometimes-girlfriend Harley Quinn to stop a global threat brought about by Poison Ivy and Jason Woodrue, the Floronic Man.",2017-07-21,Released,"Adventure, Animation, Comedy, Crime","superhero, based on comic",Sam Liu,"Kevin Conroy, Melissa Rauch, Paget Brewster, Loren Lester, Kevin Michael Richardson",3500000,39091,74,6.177,657,2.1743,en,US,False,False,OMDb request failed: 401 Client Error: Unauthorized for url: https://www.omdbapi.com/?i=tt6556890&plot=short&apikey=f87d98bd,0.0111688571428571,1,2017,7,3,1,3.5,0.039091,-3.460909,6.489204931325317,1.1550871355960888,4,1,1,0,0,0,1,0,2.6959197957524963,0
428292,tt6344696,Trinity Seven: Eternity Library & Alchemic Girl,劇場版 トリニティセブン -悠久図書館と錬金術少女-,"The film's story begins when Arata inadvertently touches ""Hermes Apocrypha,"" Lilith's Grimoire. Suddenly, he is enveloped by a bright white light, and a girl appears before him. She calls herself Lilim, and treats both Arata and Lilith as her parents. At the same time she appears, something changes in the world. The forbidden Eternal Library awakens. In the Library is sealed the ultimate culmination of Alchemy, the White Demon Lord. The White Demon Lord plots to eliminate Arata and the Trinity Seven to usurp the position of Demon Lord. Bristling with untold power, the White Demon Lord attacks Arata, and triggers a desperate crisis where Arata and the Trinity Seven must save the world in this last battle.",2017-02-25,Released,"Action, Animation, Comedy, Fantasy, Romance","magic, harem, school, based on manga, ecchi, shounen, anime",Hiroshi Nishikiori,"Yoshitsugu Matsuoka, Yumi Hara, Rina Hidaka, Nobunaga Shimazaki, Mao Ichimichi",0,0,55,7.1,61,2.1432,ja,JP,False,False,OMDb request failed: 401 Client Error: Unauthorized for url: https://www.omdbapi.com/?i=tt6344696&plot=short&apikey=f87d98bd,0.0,1,2017,2,1,0,0.0,0.0,0.0,4.127134385045092,1.145241389262113,5,1,0,0,0,1,1,1,2.5658563661460807,0
430474,tt4105584,Deep,Deep,"In 2100, when humanity has abandoned the earth, a colony of extravagant creatures still thrives in the deepest abyss of the ocean.",2017-05-11,Released,"Adventure, Animation, Family","fish, new york city, octopus, titanic, eel, arctic polar circle region, kraken, shrimp",Julio Soto Gurpide,"Justin Felbinger, Jess Harnell, Phil LaMarr, Dwight Schultz, Elisabeth Gray",6000000,10972300,92,6.016,155,2.0981,en,BE,False,False,OMDb request failed: 401 Client Error: Unauthorized for url: https://www.omdbapi.com/?i=tt4105584&plot=short&apikey=f87d98bd,1.8287166666666668,1,2017,5,2,0,6.0,10.9723,4.9723,5.049856007249537,1.130789020363331,3,1,1,1,0,0,0,0,3.2540192541419306,1
461763,tt7328556,Haikyu!! The Movie: Battle of Concepts,ハイキュー!! コンセプトの戦い,A recap film depicting the match against Shiratorizawa Academy in the third season of the anime series.,2017-09-29,Released,"Animation, Drama","high school, sports, competition, volleyball, high school sports, compilation, based on manga, sport competition, shounen, anime",Susumu Mitsunaka,"Ayumu Murase, Kaito Ishikawa, Yoshimasa Hosoya, Toshiki Masuda, Nobuhiko Okamoto",0,0,88,8.0,75,2.0734,ja,JP,False,False,OMDb request failed: 401 Client Error: Unauthorized for url: https://www.omdbapi.com/?i=tt7328556&plot=short&apikey=f87d98bd,0.0,1,2017,9,3,0,0.0,0.0,0.0,4.330733340286331,1.122784440639095,2,1,0,0,1,0,0,0,2.818027667138814,1
475946,tt7428594,Blade Runner: Black Out 2022,ブレードランナー ブラックアウト 2022,"This animated short revolves around the events causing an electrical systems failure on the west coast of the US. According to Blade Runner 2049’s official timeline, this failure leads to cities shutting down, financial and trade markets being thrown into chaos, and food supplies dwindling. There’s no proof as to what caused the blackouts, but Replicants — the bio-engineered robots featured in the original Blade Runner, are blamed.",2017-09-26,Released,"Animation, Science Fiction, Thriller","android, dystopia, blackout, slavery, prologue, cyberpunk, anime, emp, blade runner, short film",Shinichiro Watanabe,"Jovan Jackson, Luci Christian, Edward James Olmos, David Anthony Matranga, Joel McCrary",0,0,16,7.116,444,2.0595,en,US,False,False,OMDb request failed: 401 Client Error: Unauthorized for url: https://www.omdbapi.com/?i=tt7428594&plot=short&apikey=f87d98bd,0.0,1,2017,9,3,0,0.0,0.0,0.0,6.09807428216624,1.1182515039204581,3,1,0,0,0,0,0,0,2.861448867913005,1
283984,tt4054952,Fate/stay night: Heaven's Feel I. Presage Flower,劇場版「Fate/stay night [Heaven’s Feel]」Ⅰ.presage flower,"Ten years after the Fourth Holy Grail War, a devastating clash between Masters and Servants, another war erupts. Shirou Emiya, whose father fought in the first battle, was leading a peaceful life with the warmhearted Sakura Matou. But when hidden forces begin to stir, Shirou resolves to fulfill his father’s dying wish, protect Sakura, and fight for the Holy Grail.",2017-10-14,Released,"Action, Animation, Drama, Fantasy, Romance","japan, holy grail, fight, magic, supernatural, alternate version, based on video game, anime, based on visual novel, japanese high school",Tomonori Sudo,"Noriaki Sugiyama, Noriko Shitaya, Hiroshi Kamiya, Ayako Kawasumi, Kana Ueda",0,17422935,120,7.428,256,2.0206,ja,JP,False,False,OMDb request failed: 401 Client Error: Unauthorized for url: https://www.omdbapi.com/?i=tt4054952&plot=short&apikey=f87d98bd,0.0,1,2017,10,4,0,0.0,17.422935,17.422935,5.54907608489522,1.105455487150104,5,1,0,0,1,1,0,1,2.8551797358067983,1
455411,tt6803390,Tom and Jerry: Willy Wonka & the Chocolate Factory,Tom and Jerry: Willy Wonka & the Chocolate Factory,The classic Roald Dahl tale gets a modern twist when Tom and Jerry enter the amazing world of Willy Wonka's Chocolate Factory.,2017-06-28,Released,"Adventure, Animation, Comedy, Family, Fantasy",,Spike Brandt,"JP Karliak, Jess Harnell, Lincoln Melcher, Mick Wingert, Lori Alan",0,0,79,6.728,160,2.0042,en,US,False,False,OMDb request failed: 401 Client Error: Unauthorized for url: https://www.omdbapi.com/?i=tt6803390&plot=short&apikey=f87d98bd,0.0,1,2017,6,2,1,0.0,0.0,0.0,5.081404364984463,1.100011309581817,5,1,1,1,0,1,1,0,2.609212351184942,0
438747,tt5533228,Tangled: Before Ever After,Tangled: Before Ever After,"Rapunzel grapples with the responsibilities of being a princess and the overprotective ways of her father. While she wholeheartedly loves Eugene, Rapunzel does not share his immediate desire to get married and settle down within the castle walls. Determined to live life on her own terms, she and her tough-as-nails Lady-in-Waiting Cassandra embark on a secret adventure where they encounter mystical rocks that magically cause Rapunzel's long blonde hair to grow back. Impossible to break and difficult to hide, Rapunzel must learn to embrace her hair and all that it represents.",2017-03-10,Released,"Adventure, Animation, Comedy, Family, Fantasy, TV Movie","princess, marriage proposal, fairy tale, coronation, hair","Tom Caulfield, Stephen Sandoval","Mandy Moore, Zachary Levi, Eden Espinosa, Clancy Brown, Julie Bowen",0,0,55,6.811,392,1.9852,en,US,False,False,OMDb request failed: 401 Client Error: Unauthorized for url: https://www.omdbapi.com/?i=tt5533228&plot=short&apikey=f87d98bd,0.0,1,2017,3,1,0,0.0,0.0,0.0,5.973809611869261,1.0936667462750953,6,1,1,1,0,1,1,0,2.762871453721653,0
460790,tt6977240,Starship Troopers: Traitor of Mars,Starship Troopers: Traitor of Mars,"Federation trooper Johnny Rico is ordered to work with a group of new recruits on a satellite station on Mars, where giant bugs have decided to target their next attack.",2017-08-21,Released,"Action, Animation, Science Fiction","space marine, planet mars, creature, adult animation, anime, 3d animation","Shinji Aramaki, Masaru Matsumoto","Casper Van Dien, Dina Meyer, DeRay Davis, Justin Doran, Luci Christian",0,0,87,5.902,320,1.9782,en,US,False,False,OMDb request failed: 401 Client Error: Unauthorized for url: https://www.omdbapi.com/?i=tt6977240&plot=short&apikey=f87d98bd,0.0,1,2017,8,3,0,0.0,0.0,0.0,5.771441123130016,1.0913190911739676,3,1,0,0,0,0,0,1,2.5049140321455976,0
427564,tt6425560,Scooby-Doo! Shaggy's Showdown,Scooby-Doo! Shaggy's Showdown,"When the Scooby gang visits a dude ranch, they discover that it and the nearby town have been haunted by a ghostly cowboy, Dapper Jack, who fires real fire from his fire irons. The mystery only deepens when it’s discovered that the ghost is also the long lost relative of Shaggy Rogers!",2017-02-14,Released,"Animation, Comedy, Family, Mystery, Western","friendship, ranch, talking dog, cowboy, ghost, haunted, town",Matt Peters,"Frank Welker, Grey DeLisle, Matthew Lillard, Kate Micucci, Carlos Alazraqui",0,0,80,7.822,197,1.975,en,US,False,False,OMDb request failed: 401 Client Error: Unauthorized for url: https://www.omdbapi.com/?i=tt6425560&plot=short&apikey=f87d98bd,0.0,1,2017,2,1,0,0.0,0.0,0.0,5.288267030694535,1.0902440389975931,5,1,0,1,0,0,1,0,2.912276660453819,1
452773,tt3896102,"Tad, the Lost Explorer, and the Secret of King Midas",Tadeo Jones 2: El secreto del rey Midas,"Tad dreams of becoming an archaeologist traveling the world, uncovering hidden secrets and lost treasure, but his job working construction keeps him daydreaming instead of exploring. The chance of a lifetime comes when he is invited to attend archaeologist Sara Lavrof's presentation of her latest discovery - the papyrus that proves the existence of the Necklace of Midas, the legendary King who turned everything he touched into solid gold.",2017-03-25,Released,"Adventure, Animation, Comedy, Family","parrot, turkey, dog, explorer, granada, spain, construction worker, king midas","Enrique Gato, David Alonso","Óscar Barberán, Michelle Jenner, Adriana Ugarte, Luis Posada, Miguel Ángel Jenner",10778400,34156960,85,6.7,436,1.9023,es,ES,False,False,OMDb request failed: 401 Client Error: Unauthorized for url: https://www.omdbapi.com/?i=tt3896102&plot=short&apikey=f87d98bd,3.1690195205225264,1,2017,3,1,0,10.7784,34.15696,23.37856,6.07993319509559,1.0655035261003565,4,1,1,1,0,0,1,0,4.172874292414529,1
422347,tt5468016,Digimon Adventure tri. Part 4: Loss,デジモンアドベンチャー tri. 第4章「喪失」,"Upon arriving at the Digital World after the ""reboot"", the Digidestined are hunted by a new villain. Meanwhile, Sora is troubled by her partner Digimon's indifference towards her.",2017-02-25,Released,"Action, Adventure, Animation, Family, Fantasy, Science Fiction","monster, sequel, anime, based on anime, isekai, proxy battle, based on tv series",Keitaro Motonaga,"Natsuki Hanae, Yoshimasa Hosoya, Mao Ichimichi, Suzuko Mimori, Junya Enoki",0,59114,82,7.019,54,1.8374,ja,JP,False,False,OMDb request failed: 401 Client Error: Unauthorized for url: https://www.omdbapi.com/?i=tt5468016&plot=short&apikey=f87d98bd,0.0,1,2017,2,1,0,0.0,0.059114,0.059114,4.007333185232471,1.042888139895748,6,1,1,1,0,1,0,1,2.512283198769233,0
457249,tt6945882,Vixen: The Movie,Vixen: The Movie,"Originally from Africa, Mari McCabe grew up an orphan after her parents were killed by local greed, corruption and wanton violence. But Mari refuses to succumb to the terrors surrounding her. Inheriting her family's Anansi Totem, Mari can access the powers of animals - anything from the super-strength of a gorilla to the speed of a cheetah. As Vixen, she fights valiantly to protect the world from threats like those that claimed her family.",2017-05-08,Released,"Action, Animation","based on comic, edited from tv series, arrowverse","James Tucker, Curt Geda","Megalyn Echikunwoke, Stephen Amell, Grant Gustin, Emily Bett Rickards, Carlos Valdes",0,0,75,6.8,136,1.647,en,US,False,False,OMDb request failed: 401 Client Error: Unauthorized for url: https://www.omdbapi.com/?i=tt6945882&plot=short&apikey=f87d98bd,0.0,1,2017,5,2,0,0.0,0.0,0.0,4.919980925828125,0.9734269232449643,2,1,0,0,0,0,0,1,2.584011177360963,0
423453,tt4466894,Sahara,Sahara,A young cobra and his scorpion best friend go on a journey across the Sahara desert to save a new-found love.,2017-02-01,Released,"Adventure, Animation, Comedy, Family","sahara desert, anthropomorphism, prejudice, desert, scorpion, cobra, cartoon snake",Pierre Coré,"Omar Sy, Louane, Franck Gastambide, Vincent Lacoste, Ramzy Bedia",0,8061843,86,5.992,296,1.5789,fr,CA,False,False,OMDb request failed: 401 Client Error: Unauthorized for url: https://www.omdbapi.com/?i=tt4466894&plot=short&apikey=f87d98bd,0.0,1,2017,2,1,0,0.0,8.061843,8.061843,5.6937321388027,0.9473629514285656,4,1,1,1,0,0,1,0,2.4941642635346897,0
265339,tt1183352,Ana and Bruno,Ana y Bruno,"Ana, a nine year old girl, arrives with her mother to an isolated beach with the intention to rest and to know the sea. There, she discovers that they are under a terrible threat, therefore she is obligated to look for help with her father in order to save her mother.",2017-09-01,Released,"Adventure, Animation, Family, Fantasy, Mystery",adult animation,Carlos Carrera,"Galia Mayer, Silverio Palacios, Marina de Tavira, Damián Alcázar, Héctor Bonilla",0,976967,96,7.6,96,1.5555,es,MX,False,False,OMDb request failed: 401 Client Error: Unauthorized for url: https://www.omdbapi.com/?i=tt1183352&plot=short&apikey=f87d98bd,0.0,1,2017,9,3,0,0.0,0.976967,0.976967,4.574710978503383,0.9382478992261972,5,1,1,1,0,1,0,0,2.7269438316594368,0
464882,tt6142314,Batman vs. Two-Face,Batman vs. Two-Face,"Former Gotham City District Attorney Harvey Dent, one side of his face scarred by acid, goes on a crime spree based on the number '2'. All of his actions are decided by the flip of a defaced, two-headed silver dollar.",2017-11-14,Released,"Action, Animation, Science Fiction","superhero, based on comic",Rick Morales,"Adam West, Burt Ward, William Shatner, Julie Newmar, Jeff Bergman",0,0,72,6.313,198,1.5296,en,US,False,False,OMDb request failed: 401 Client Error: Unauthorized for url: https://www.omdbapi.com/?i=tt6142314&plot=short&apikey=f87d98bd,0.0,1,2017,11,4,1,0.0,0.0,0.0,5.293304824724492,0.9280611874730705,3,1,0,0,0,0,0,1,2.511454901829634,0
378111,tt3823116,A Stork's Journey,"Überflieger - Kleine Vögel, großes Geklapper","Orphaned at birth and raised by storks, teenage sparrow Richard believes he is one of them. But when time comes to migrate to Africa, his stork family is forced to reveal his true identity and leave him behind in the forest, since he is not a migratory bird and would not survive the journey. Determined to prove he is a stork after all, Richard ventures south on his own. But only with the help of Olga, an eccentric owl with an imaginary friend and Kiki, a narcissistic, disco-singing parakeet, does he stand a chance to reach his goal and learn to accept who he really is.",2017-04-28,Released,"Adventure, Animation, Comedy, Family, Fantasy","imaginary friend, stork, journey",Toby Genkel,"Christian Gaul, Tilman Döbler, Nicolette Krebitz, Maud Ackermann, Schroeder Kacmar",0,14400000,85,6.0,156,1.5248,de,BE,False,False,OMDb request failed: 401 Client Error: Unauthorized for url: https://www.omdbapi.com/?i=tt3823116&plot=short&apikey=f87d98bd,0.0,1,2017,4,2,0,0.0,14.4,14.4,5.056245805348308,0.926161851669418,5,1,1,1,0,1,1,0,2.3973611485526587,0
453191,tt5851904,The Big Bad Fox and Other Tales,Le Grand Méchant Renard et autres contes...,"The countryside isn't always as calm and peaceful as it's made out to be, and the animals on this farm are particularly agitated: a fox who mothers a family of chicks, a rabbit who plays the stork, and a duck who wants to be Santa Claus.",2017-06-21,Released,"Animation, Comedy, Family","duck, santa claus, chimney, fireplace","Benjamin Renner, Patrick Imbert","Guillaume Darnault, Damien Witecka, Kamel Abdessadok, Antoine Schoumsky, Céline Ronté",3000000,19030780,83,7.7,313,1.5143,fr,FR,False,False,OMDb request failed: 401 Client Error: Unauthorized for url: https://www.omdbapi.com/?i=tt5851904&plot=short&apikey=f87d98bd,6.343593333333334,1,2017,6,2,1,3.0,19.03078,16.03078,5.749392985908253,0.9219944347908331,3,1,0,1,0,0,1,0,5.780325113104863,1
466876,tt5851786,Gnome Alone,Gnome Alone,"When Chloe discovers that her new home's garden gnomes are not what they seem, she must decide between the pursuit of a desired high school life and taking up the fight against the Troggs.",2017-11-02,Released,"Adventure, Animation, Comedy, Family, Fantasy","teenage crush, teenage girl, high school student, supernatural creature, popular girl, teenage protagonist, animate statue, moving, crush on girl",Peter Lepeniotis,"Becky G, Nash Grier, Tara Strong, Josh Peck, David Koechner",0,10800715,85,6.094,260,1.4988,en,CA,False,False,OMDb request failed: 401 Client Error: Unauthorized for url: https://www.omdbapi.com/?i=tt5851786&plot=short&apikey=f87d98bd,0.0,1,2017,11,4,1,0.0,10.800715,10.800715,5.564520407322694,0.9158106166372778,5,1,1,1,0,1,1,0,2.495549653593996,0
460135,tt7158814,LEGO DC Super Hero Girls: Brain Drain,LEGO DC Super Hero Girls: Brain Drain,"When Supergirl, Wonder Woman, Batgirl, Bumblebee and Katana suddenly realize they cannot remember a single moment from their Monday at Super Hero High, the young DC Super Heroes spring into sleuthing action! Suspecting foul-play, they band together to retrace their steps and uncover the mystery of who exactly stole their memories – and what nefarious plan might be afoot?",2017-07-12,Released,Animation,"superhero, lego",Todd Grimes,"Grey DeLisle, Tara Strong, Anais Fairweather, Teala Dunn, Stephanie Sheh",0,0,75,6.406,53,1.4414,en,US,False,False,OMDb request failed: 401 Client Error: Unauthorized for url: https://www.omdbapi.com/?i=tt7158814&plot=short&apikey=f87d98bd,0.0,1,2017,7,3,1,0.0,0.0,0.0,3.9889840465642745,0.8925716452535623,1,1,0,0,0,0,0,0,2.3337333537726757,0
432131,tt5476944,Black Butler: Book of the Atlantic,黒執事 Book of the Atlantic,"Ciel learns of a ""Aurora Society"", that is rumored to be researching how to bring the dead back to life. Their next meeting is scheduled to be conducted on the ship Campania, voyaging across the Atlantic Ocean. Much to Ciel's dismay, Elizabeth ""Lizzy"" Midford, is taking the same ship, thus leaving him with no choice but to get aboard as well.",2017-01-21,Released,"Action, Animation, Comedy, Fantasy, Mystery","ship, butler, supernatural, gore, victorian england, sequel, zombie, based on manga, demon, adult animation",Noriyuki Abe,"Daisuke Ono, Maaya Sakamoto, Yukari Tamura, Junichi Suwabe, Jun Fukuyama",0,511132,100,7.462,104,1.386,ja,JP,False,False,OMDb request failed: 401 Client Error: Unauthorized for url: https://www.omdbapi.com/?i=tt5476944&plot=short&apikey=f87d98bd,0.0,1,2017,1,1,0,0.0,0.511132,0.511132,4.653960350157523,0.8696183236757243,5,1,0,0,0,1,1,1,2.694036801074987,0
466980,tt7146054,Dahufa,大护法,"A warrior named Dahufa goes to save his prince from a dystopian village. He finds the dystopian village ruled by a fake god and his guards. In order to save the prince, Dahufa has to defeat the god and his men, and disclose the whole conspiracy.",2017-07-13,Released,"Action, Adventure, Animation, Fantasy","village, prince, gore, warrior, body horror, 3d, donghua, dystopian",Busifan,"Sheng Feng, King Shih-chieh, Zhang Youwu, Jiayi Li, Li Lanling",0,13006233,95,7.071,56,1.3738,zh,CN,False,False,OMDb request failed: 401 Client Error: Unauthorized for url: https://www.omdbapi.com/?i=tt7146054&plot=short&apikey=f87d98bd,0.0,1,2017,7,3,1,0.0,13.006233,13.006233,4.04305126783455,0.8644920466402677,4,1,1,0,0,1,0,1,2.5038814971712227,0
454699,tt6572702,Monster Family,Monster Family,"The Wishbone family are far from happy. In an attempt to reconnect as a family, they plan a fun night out. However, the plan backfires when they are cursed and all turned into Monsters.",2017-08-24,Released,"Animation, Comedy, Family, Fantasy","vampire, werewolf",Holger Tappe,"Emily Watson, Nick Frost, Jessica Brown Findlay, Ethan Rouse, Jason Isaacs",0,29230695,93,5.993,367,1.3735,en,GB,False,False,OMDb request failed: 401 Client Error: Unauthorized for url: https://www.omdbapi.com/?i=tt6572702&plot=short&apikey=f87d98bd,0.0,1,2017,8,3,0,0.0,29.230695,29.230695,5.908082938168931,0.8643656590092357,4,1,0,1,0,1,1,0,2.514117289576725,0
483165,tt6106526,The Fixies: Top Secret,Фиксики: Большой секрет,"The Fixies are little creatures that, unseen by humans, help them maintain their appliances – and generally make sure things don’t fall apart… Until an unexpected occurrence of gargantuan proportions threatens to reveal the Fixies’ existence!",2017-10-28,Released,"Adventure, Animation, Comedy, Family","fireworks, adventurer","Andrey Kolpin, Vasiko Bedoshvili, Ivan Pshonkin","Alexander Pushnoy, Dmitri Nazarov, Larisa Brokhman, Prokhor Chekhovskoy, Varvara Obidor",6000000,8220990,80,6.968,62,1.3293,ru,RU,False,False,OMDb request failed: 401 Client Error: Unauthorized for url: https://www.omdbapi.com/?i=tt6106526&plot=short&apikey=f87d98bd,1.370165,1,2017,10,4,0,6.0,8.22099,2.22099,4.143134726391533,0.8455677932551716,4,1,1,1,0,0,1,0,3.1068796279470057,1
442056,tt4729560,The Little Vampire 3D,The Little Vampire 3D,"Tony, a thirteen-year-old boy on vacation in rural Germany, is fascinated by the idea of vampires. Meanwhile Rudolph, a vampire of ""similar"" age (313!), encounters trouble when his clan is threatened by a dangerously obsessed hunter. Fate brings these two boys together, as Tony & Rudolph set off an action-packed battle to stop the villain, save Rudolph's family and learn the power of friendship.",2017-10-04,Released,"Animation, Comedy, Family, Fantasy","friendship, vampire","Richard Claus, Karsten Kiilerich","Rasmus Hardiker, Amy Saville, Jim Carter, Joseph Kloska, Phoebe Givron-Taylor",10000000,0,83,6.1,167,1.2787,en,NL,False,False,OMDb request failed: 401 Client Error: Unauthorized for url: https://www.omdbapi.com/?i=tt4729560&plot=short&apikey=f87d98bd,0.0,1,2017,10,4,0,10.0,0.0,-10.0,5.123963979403259,0.8236051049159231,4,1,0,1,0,1,1,0,2.417135362647877,0
469310,tt7006206,The Incredible Story of the Giant Pear,Den utrolige historie om den kæmpestore pære,"Life in Solby is nice and peaceful until one day Mitcho and Sebastian find a message in a bottle by the harbour. The bottle is from the missing mayor of Solby with a message that he is on a mysterious island and has made a great discovery. Now they must embark on a perilous journey to help save the mayor and bring him home, and in the process they uncover something that will bring great pleasure to the city of Solby – a giant pear.",2017-10-12,Released,"Adventure, Animation, Family","danish, woman director, børnefilm","Amalie Næsby Fick, Jørgen Lerdam, Philip Einstein Lipski","Alfred Bjerre Larsen, Liva Elvira Magnussen, Peter Frödin, Henrik Koefoed, Peter Plaugborg",0,0,80,6.5,65,1.1612,da,DK,False,False,OMDb request failed: 401 Client Error: Unauthorized for url: https://www.omdbapi.com/?i=tt7006206&plot=short&apikey=f87d98bd,0.0,1,2017,10,4,0,0.0,0.0,0.0,4.189654742026425,0.7706636229877737,3,1,1,1,0,0,0,0,2.36904775475213,0
484510,tt6645614,Trolls Holiday,Trolls Holiday,"When the eternally optimistic Poppy, queen of the Trolls, learns that the Bergens no longer have any holidays on their calendar, she enlists the help of Branch and the rest of the gang on a delightfully quirky mission to fix something that the Bergens don't think is broken.",2017-11-01,Released,"Adventure, Animation, Family, Fantasy","musical, troll, christmas, christmas special, short film, holiday special",Joel Crawford,"Anna Kendrick, Justin Timberlake, Zooey Deschanel, Christopher Mintz-Plasse, James Corden",0,0,26,6.692,508,1.1575,en,UN,False,False,OMDb request failed: 401 Client Error: Unauthorized for url: https://www.omdbapi.com/?i=tt6645614&plot=short&apikey=f87d98bd,0.0,1,2017,11,4,1,0.0,0.0,0.0,6.2324480165505225,0.7689501439754459,4,1,1,1,0,1,0,0,2.7232097240788953,0
461054,tt6946580,LEGO Scooby-Doo! Blowout Beach Bash,LEGO Scooby-Doo! Blowout Beach Bash,"Mystery, Inc. heads to Blowout Beach for a real swinging beach party when the Ghost Pirates threaten to harsh the good vibes.",2017-07-11,Released,"Animation, Comedy, Family, Mystery","friendship, secret passage, pirate, ghost, secret passageway, hidden loot",Ethan Spaulding,"Natalie Lander, Kate Micucci, Matthew Lillard, Grey DeLisle, Iqbal Theba",0,0,72,7.26,171,1.1231,en,US,False,False,OMDb request failed: 401 Client Error: Unauthorized for url: https://www.omdbapi.com/?i=tt6946580&plot=short&apikey=f87d98bd,0.0,1,2017,7,3,1,0.0,0.0,0.0,5.147494476813453,0.7528772847677117,4,1,0,1,0,0,1,0,2.7000557642371743,0
430162,tt10453434,Revolting Rhymes,Revolting Rhymes,Two half-hour animated films based on the much-loved rhymes written by Roald Dahl and illustrated by Quentin Blake.,2017-10-11,Released,"Animation, Comedy, Family, Fantasy",,"Jan Lachauer, Jakob Schuh","Dominic West, Gemma Chan, Rose Leslie, Tamsin Greig, Bertie Carvel",0,245300,60,6.775,60,1.0939,en,GB,False,False,OMDb request failed: 401 Client Error: Unauthorized for url: https://www.omdbapi.com/?i=tt10453434&plot=short&apikey=f87d98bd,0.0,1,2017,10,4,0,0.0,0.2453,0.2453,4.110873864173311,0.7390283558161338,4,1,0,1,0,1,1,0,2.421235332998417,0
434757,tt6185658,Barbie Video Game Hero,Barbie Video Game Hero,"When Barbie is accidentally pulled into her favourite game, she teams up with the roller skater Bella and her friend Cutie, to stop a mischievous emoji who is trying to take control of the game.",2017-02-01,Released,"Animation, Family, Science Fiction","video game, based on toy, female protagonist, virus, computer programmer, 3d animation","Ezekiel Norton, Conrad Helten","Erica Lindbeck, Sienna Bohn, Shannon Chan-Kent, Michael Dobson, Alyssya Swales",0,0,72,6.842,241,1.0064,en,CA,False,False,OMDb request failed: 401 Client Error: Unauthorized for url: https://www.omdbapi.com/?i=tt6185658&plot=short&apikey=f87d98bd,0.0,1,2017,2,1,0,0.0,0.0,0.0,5.488937726156687,0.6963420714564645,3,1,0,1,0,0,0,0,2.6382919696419727,0
474498,tt6678950,Mariah Carey's All I Want for Christmas Is You,Mariah Carey's All I Want for Christmas Is You,"When young Mariah sees a darling little puppy named ""Princess"" at the pet store, she suddenly knows exactly what she wants for Christmas. But before her Christmas wish can come true, she must prove that she can dog-sit her uncle's dog, Jack, a scraggly rascal; in fact, the worst dog in the county!",2017-09-11,Released,"Animation, Family","based on song, poem or rhyme, christmas",Guy Vasilovich,"Mariah Carey, Breanna Yde, Henry Winkler, Laya DeLeon Hayes, Montse Hernandez",0,0,91,5.579,76,0.9917,en,US,False,False,OMDb request failed: 401 Client Error: Unauthorized for url: https://www.omdbapi.com/?i=tt6678950&plot=short&apikey=f87d98bd,0.0,1,2017,9,3,0,0.0,0.0,0.0,4.343805421853684,0.6889885454110863,2,1,0,1,0,0,0,0,2.1496690950897155,0
509080,tt7387224,LEGO Marvel Super Heroes: Guardians of the Galaxy - The Thanos Threat,LEGO Marvel Super Heroes: Guardians of the Galaxy - The Thanos Threat,"The Guardians are on a mission to deliver the Build Stone to the Avengers before the Ravagers, Thanos and his underlings steal it from them.",2017-12-09,Released,"Animation, Family, Science Fiction","superhero, lego",Michael D. Black,"Trevor Devall, Jonathan Adams, Will Friedle, Jennifer Hale, Stan Lee",0,0,22,6.591,66,0.9761,en,US,False,False,OMDb request failed: 401 Client Error: Unauthorized for url: https://www.omdbapi.com/?i=tt7387224&plot=short&apikey=f87d98bd,0.0,1,2017,12,4,1,0.0,0.0,0.0,4.204692619390966,0.6811252053326199,3,1,0,1,0,0,0,0,2.3806226737085376,0
459159,tt6450752,Puppy!,Puppy!,The residents of Hotel Transylvania find their world turned upside-down when youngster Dennis gets a surprise monster-sized pet.,2017-07-28,Released,"Animation, Comedy, Family, Fantasy","dog, short film",Genndy Tartakovsky,"Asher Blinkoff, Adam Sandler, Andy Samberg, Selena Gomez, Joe Whyte",0,0,5,6.36,189,0.966,en,US,False,False,OMDb request failed: 401 Client Error: Unauthorized for url: https://www.omdbapi.com/?i=tt6450752&plot=short&apikey=f87d98bd,0.0,1,2017,7,3,1,0.0,0.0,0.0,5.247024072160486,0.6760010217249748,4,1,0,1,0,1,1,0,2.4784537640828193,0
453364,tt5584796,Tehran Taboo,Theran Taboo,"The lives of three strong-willed women and a young musician cross paths in Tehran’s schizophrenic society where sex, adultery, corruption, prostitution and drugs coexist with strict religious law. In this bustling modern metropolis, avoiding prohibition has become an everyday sport and breaking taboos can be a means of personal emancipation.",2017-10-04,Released,"Animation, Drama","teheran (tehran), iran, taboo",Ali Soozandeh,"Arash Marandi, Alireza Bayram, Şiir Eloğlu, Zar Amir Ebrahimi, Klaus Ofczarek",0,349886,96,7.064,102,0.9421,fa,DE,False,False,OMDb request failed: 401 Client Error: Unauthorized for url: https://www.omdbapi.com/?i=tt5584796&plot=short&apikey=f87d98bd,0.0,1,2017,10,4,0,0.0,0.349886,0.349886,4.634728988229636,0.6637698618492687,2,1,0,0,1,0,0,0,2.560774827511836,0
448779,tt6314690,The Jungle Bunch,Les As de la Jungle,"Maurice may look like a penguin - but he's a real tiger inside! Raised by a tigress, he's the clumsiest kung-fu master ever. Along with his friends, The Jungle Bunch, he intends to maintain order and justice in the jungle, as his mother did before he. But Igor, an evil koala, wants to destroy the jungle once and for all—helped by his army of silly baboons.",2017-07-26,Released,"Adventure, Animation, Comedy, Family","anthropomorphism, jungle, animals",David Alaux,"Philippe Bozo, Emmanuel Curtil, Laurent Morteau, Pascal Casanova, Céline Monsarrat",7300000,12400000,97,6.3,158,0.9091,fr,FR,False,False,OMDb request failed: 401 Client Error: Unauthorized for url: https://www.omdbapi.com/?i=tt6314690&plot=short&apikey=f87d98bd,1.6986301369863013,1,2017,7,3,1,7.3,12.4,5.1,5.0689042022202315,0.6466319268184766,4,1,1,1,0,0,1,0,3.196713980999642,1
455661,tt6969946,In a Heartbeat,In a Heartbeat,A closeted boy runs the risk of being outed by his own heart after it pops out of his chest to chase down the boy of his dreams.,2017-06-01,Released,"Animation, Comedy, Romance","love, lgbt, lgbt teen, gay theme, short film","Beth David, Esteban Bravo","Nick Ainsworth, Kelly Donohue",0,0,4,7.966,1024,0.8806,en,US,False,False,OMDb request failed: 401 Client Error: Unauthorized for url: https://www.omdbapi.com/?i=tt6969946&plot=short&apikey=f87d98bd,0.0,1,2017,6,2,1,0.0,0.0,0.0,6.932447891572509,0.6315908748608395,3,1,0,0,0,0,1,0,3.1261058149650025,1
563710,tt7829544,Angela's Christmas,Angela's Christmas,A trip to church with her family on Christmas Eve gives young Angela an extraordinary idea. A heartwarming tale based on a story by Frank McCourt.,2017-12-02,Released,"Animation, Family","ireland, christmas, 1900s, short film",Damien O'Connor,"Lucy O'Connell, Ruth Negga, Brian Gleeson, Pat Kinevane, Malachy McCourt",0,0,30,6.806,247,0.8432,en,IE,False,False,OMDb request failed: 401 Client Error: Unauthorized for url: https://www.omdbapi.com/?i=tt7829544&plot=short&apikey=f87d98bd,0.0,1,2017,12,4,1,0.0,0.0,0.0,5.5134287461649825,0.611503191519435,2,1,0,1,0,0,0,0,2.6202397906526627,0
450314,tt4494382,Condorito: The Movie,Condorito: la película,Condorito must find a way to rescue his mother in law from an ancient race of aliens which wants to enslave the universe once again.,2017-10-12,Released,"Adventure, Animation, Comedy","based on comic, football (soccer), alien invasion","Alex Orrelle, Eduardo Schuldt","Omar Chaparro, Jessica Cediel, Jey Mammon, Coco Legrand, Cristián de la Fuente",0,0,88,6.9,143,0.821,es,AR,False,False,OMDb request failed: 401 Client Error: Unauthorized for url: https://www.omdbapi.com/?i=tt4494382&plot=short&apikey=f87d98bd,0.0,1,2017,10,4,0,0.0,0.0,0.0,4.969813299576001,0.5993858007454709,3,1,1,0,0,0,1,0,2.560379865048221,0
431562,tt6110430,LEGO Frozen Northern Lights,LEGO Frozen Northern Lights,"Elsa, Anna and friends search for the Northern Lights.",2017-01-05,Released,"Animation, Family","frozen, lego",,"Kristen Bell, Ashlyn Faith Williams, Josh Gad, Jonathan Groff, Idina Menzel",0,0,22,6.485,100,0.8198,en,US,False,False,OMDb request failed: 401 Client Error: Unauthorized for url: https://www.omdbapi.com/?i=tt6110430&plot=short&apikey=f87d98bd,0.0,1,2017,1,1,0,0.0,0.0,0.0,4.61512051684126,0.5987266049404534,2,1,0,1,0,0,0,0,2.4033270682672567,0
433471,tt6267732,Lou,Lou,A Pixar short about a lost-and-found box and the unseen monster within.,2017-06-16,Released,"Animation, Comedy, Family, Fantasy",short film,Dave Mullins,,0,0,6,7.5,424,0.806,en,US,False,False,OMDb request failed: 401 Client Error: Unauthorized for url: https://www.omdbapi.com/?i=tt6267732&plot=short&apikey=f87d98bd,0.0,1,2017,6,2,1,0.0,0.0,0.0,6.052089168924417,0.5911144549947938,4,1,0,1,0,1,1,0,2.8714805435878814,1
476631,tt7130740,Barbie: Dolphin Magic,Barbie: Dolphin Magic,"Barbie and her sisters take off on another exciting, global adventure to visit their friend Ken at his summer internship at a beautiful and exotic coral reef.",2017-09-20,Released,"Adventure, Animation, Family, Fantasy","sea, dolphin, mermaid, based on toy, female protagonist, 3d animation","Conrad Helten, Michael Douglas","Erica Lindbeck, Shannon Chan-Kent, Kazumi Evans, Claire Margaret Corlett, Alyssya Swales",0,0,63,6.618,250,0.7944,en,CA,False,False,OMDb request failed: 401 Client Error: Unauthorized for url: https://www.omdbapi.com/?i=tt7130740&plot=short&apikey=f87d98bd,0.0,1,2017,9,3,0,0.0,0.0,0.0,5.5254529391317835,0.5846707042238615,4,1,1,1,0,1,0,0,2.5710185465033466,0
420279,tt6269658,Monster Island,Monster Island,"Young Lucas finds out he's not really a human after he surprisingly transforms into a monster in front of the most popular kids at school. His search for Monster Island and his real roots takes him on a fabulously scary journey that puts him face to face with more tentacles, fangs and far-out situations than he can shake one of his new wings at.",2017-07-21,Released,"Adventure, Animation, Comedy, Family","monster, transformation, school",Leopoldo Aguilar,"Phillip Adrian Vasquez, Nancy Sullivan, Katie Leigh, Fiona Hardingham, Wally Wingert",0,1913973,80,5.246,61,0.7408,en,IN,False,False,OMDb request failed: 401 Client Error: Unauthorized for url: https://www.omdbapi.com/?i=tt6269658&plot=short&apikey=f87d98bd,0.0,1,2017,7,3,1,0.0,1.913973,1.913973,4.127134385045092,0.5543447776794864,4,1,1,1,0,0,1,0,2.0137218744086867,0
411549,tt6131712,Kuso,Kuso,"Broadcasting through a makeshift network of discarded televisions, this story is tangled up in the aftermath of Los Angeles's worst earthquake nightmare. Travel between screens and aftershocks into the twisted lives of the survived.",2017-01-21,Released,"Animation, Comedy, Drama, Fantasy, Horror","dark comedy, earthquake, anthology, horror anthology, body horror, horror",Flying Lotus,"Iesha Rochelle, Oumi Zumi, David Firth, George Clinton, Byron Bowers",400000,0,94,5.5,65,0.7194,en,US,False,False,OMDb request failed: 401 Client Error: Unauthorized for url: https://www.omdbapi.com/?i=tt6131712&plot=short&apikey=f87d98bd,0.0,1,2017,1,1,0,0.4,0.0,-0.4,4.189654742026425,0.5419753927582067,5,1,0,0,1,1,1,0,2.084744520217695,0
444510,tt6415248,The Jetsons & WWE: Robo-WrestleMania,The Jetsons & WWE: Robo-WrestleMania,"Blast off to adventure in this animated feature where our favorite space-age family, The Jetsons, meet the superstars of WWE! When George unearths WWE’s Big Show, who has been frozen for 100 years, the futuristic face-off begins! Once thawed, Big Show wastes no time in taking the WWE belt from the current robot champ as well as taking total control of Orbit City. It’s up to The Jetsons to travel back in time and enlist help from WWE’s brightest stars: Sheamus, Alicia Fox, Roman Reigns, Seth Rollins and the Uso brothers. Can this cosmic tag-team prevail and set this twisted time-warp straight? Tune in and see with The Jetsons and WWE!",2017-02-28,Released,"Animation, Comedy, Family, Science Fiction",pro wrestling,Anthony Bell,"Jeff Bergman, Grey DeLisle, Trevor Devall, Tania Gunadi, Tress MacNeille",0,0,81,7.7,60,0.6663,en,US,False,False,OMDb request failed: 401 Client Error: Unauthorized for url: https://www.omdbapi.com/?i=tt6415248&plot=short&apikey=f87d98bd,0.0,1,2017,2,1,0,0.0,0.0,0.0,4.110873864173311,0.5106055995624408,4,1,0,1,0,0,1,0,2.618221919560363,0
454549,tt5313906,Zombillénium,Zombillénium,"Zombillenium, the Halloween theme park, happens to be the one place on earth where real monsters can hide in plain sight. When Hector, a human, threatens to disclose the true identity of his employees, the Vampire Park Manager has no other choice but to hire him. To see his daughter, Hector must escape from his zombie and werewolf co-workers.",2017-10-18,Released,"Animation, Comedy, Fantasy","witch, vampire, based on comic, zombie, werewolf, demon","Alexis Ducord, Arthur de Pins","Fily Keita, Emmanuel Curtil, Maelys Ricordeau, Alexis Tomassian, Arthur de Pins",0,0,78,7.0,241,0.6573,fr,BE,False,False,OMDb request failed: 401 Client Error: Unauthorized for url: https://www.omdbapi.com/?i=tt5313906&plot=short&apikey=f87d98bd,0.0,1,2017,10,4,0,0.0,0.0,0.0,5.488937726156687,0.5051897721473613,3,1,0,0,0,1,1,0,2.649119124745607,0
471880,tt5432712,Cinderella the Cat,Gatta Cenerentola,"Cenerentola struggles to escape the shadow and evil schemes of her stepmother and six stepsisters who all live aboard the Megaride, a ship stuck in the port of a decaying future Naples.",2017-09-14,Released,"Animation, Crime, Thriller","ship, father murder, cat, drug trafficking, investigation, naples, italy, mafia boss, camorra, drug dealing, gun fire","Marino Guarnieri, Alessandro Rak, Dario Sansone, Ivan Cappiello","Massimiliano Gallo, Maria Pia Calzone, Alessandro Gassmann, Daniele Bigliardo, Marino Guarnieri",0,0,86,7.0,225,0.6429,it,IT,False,False,OMDb request failed: 401 Client Error: Unauthorized for url: https://www.omdbapi.com/?i=tt5432712&plot=short&apikey=f87d98bd,0.0,1,2017,9,3,0,0.0,0.0,0.0,5.420534999272286,0.4964629729301541,3,1,0,0,0,0,0,0,2.637549695830366,0
447113,tt6536944,Monster High: Electrified,Monster High: Electrified,"When Clawdeen dreams of opening a salon made for monsters and normies, Frankie has the perfect place - an abandoned power station outside town. But the idea sparks negative voltage when Moanica plots to ruin the whole thing, and replace the celebration with something a little more... shocking! Luckily the ghouls have a secret weapon on their side...Twyla, the daughter of the Boogey Man, and the perfect ghoul to unearth any mystery. Along with the most voltageous salon ever! So catch every twist, turn, zap and blast...because the Monster High ghouls are about to get ELECTRIC!",2017-04-04,Released,"Animation, Family",,"Jun Falkenstein, Avgousta Zourelidi","Debi Derryberry, Cassandra Lee Morris, Salli Saffioti, Larissa Gallagher, Cristina Milizia",0,0,72,7.1,88,0.6197,en,US,False,False,OMDb request failed: 401 Client Error: Unauthorized for url: https://www.omdbapi.com/?i=tt6536944&plot=short&apikey=f87d98bd,0.0,1,2017,4,2,0,0.0,0.0,0.0,4.48863636973214,0.48224094691021396,2,1,0,1,0,0,0,0,2.5206315974963527,0
459788,tt6424768,Lino,Lino: Uma Aventura de Sete Vidas,"Lino works as an entertainer at children's parties, but he can't stand the way children treat him, making fun of him because he works in a cat's costume. Determined to change his life, he visits a wizard, but the magic doesn't work in the right way, and he wakes up as a big cat.",2017-09-07,Released,"Adventure, Animation, Family",,Rafael Ribas,"Selton Mello, Luiz Carlos de Moraes, Dira Paes, Paolla Oliveira, Guilherme Lopes",0,0,93,6.492,64,0.5863,pt,BR,False,False,OMDb request failed: 401 Client Error: Unauthorized for url: https://www.omdbapi.com/?i=tt6424768&plot=short&apikey=f87d98bd,0.0,1,2017,9,3,0,0.0,0.0,0.0,4.174387269895637,0.4614042604322725,3,1,1,1,0,0,0,0,2.3183687295491864,0
483306,tt6794476,Dear Basketball,Dear Basketball,"An animated telling of Kobe Bryant's titular poem, signaling his retirement from the sport that made his name.",2017-04-23,Released,"Animation, History","poem, basketball, autobiography, art",Glen Keane,"Kobe Bryant, Mike Breen",0,0,6,7.2,248,0.5516,en,US,False,False,OMDb request failed: 401 Client Error: Unauthorized for url: https://www.omdbapi.com/?i=tt6794476&plot=short&apikey=f87d98bd,0.0,1,2017,4,2,0,0.0,0.0,0.0,5.517452896464707,0.43928665658367505,2,1,0,0,0,0,0,0,2.6935109329572575,0
476719,tt6426140,Garden Party,Garden Party,"In a deserted rich house, a couple of amphibians explore their surroundings and follow their primal instincts.",2017-01-28,Released,"Animation, Comedy, Horror","dark comedy, swimming pool, mansion, corpse, toad, deserted house, amphibians, short film, frog, 3d animation","Vincent Bayoux, Gabriel Grapperon, Théophile Dufresne, Lucas Navarro, Florian Babikian, Victor Caire",,0,0,7,7.1,94,0.5255,fr,FR,False,False,OMDb request failed: 401 Client Error: Unauthorized for url: https://www.omdbapi.com/?i=tt6426140&plot=short&apikey=f87d98bd,0.0,1,2017,1,1,0,0.0,0.0,0.0,4.553876891600541,0.4223222251745873,3,1,0,0,0,0,1,0,2.521429867516269,0
479469,tt7597014,Adam: The Mirror,Adam: The Mirror,"Oats Studios brings to life the next chapter in the Adam story, made in real-time using Unity. Join our amnesiac hero as he discovers a clue about what and who he is.",2017-10-03,Released,"Animation, Science Fiction",,Neill Blomkamp,"Jason Cope, Coulton Jackson, Viv Leacock, Dalton Brownson",0,0,7,6.6,50,0.3179,en,CA,False,False,OMDb request failed: 401 Client Error: Unauthorized for url: https://www.omdbapi.com/?i=tt7597014&plot=short&apikey=f87d98bd,0.0,1,2017,10,4,0,0.0,0.0,0.0,3.9318256327243257,0.2760395606677065,2,1,0,0,0,0,0,0,2.281179779008805,0
506593,tt7375186,Weekends,Weekends,"Set in 1980s Toronto, a young boy shuffles between the homes of his recently divorced parents.",2017-10-18,Released,"Animation, Drama","parent child relationship, divorce, dream sequence, child of divorce, short film, no dialogue",Trevor Jimenez,,0,0,16,7.0,66,0.3143,en,US,False,False,OMDb request failed: 401 Client Error: Unauthorized for url: https://www.omdbapi.com/?i=tt7375186&plot=short&apikey=f87d98bd,0.0,1,2017,10,4,0,0.0,0.0,0.0,4.204692619390966,0.27330420450582543,2,1,0,0,1,0,0,0,2.4216995235845187,0
471495,tt7278178,World of Tomorrow Episode Two: The Burden of Other People's Thoughts,World of Tomorrow Episode Two: The Burden of Other People's Thoughts,Emily Prime is swept into the brain of an incomplete backup clone of her future self.,2017-09-22,Released,"Animation, Drama, Science Fiction",,Don Hertzfeldt,"Julia Pott, Winona Mae, Jesse Cilio",0,0,23,8.0,67,0.2987,en,US,False,False,OMDb request failed: 401 Client Error: Unauthorized for url: https://www.omdbapi.com/?i=tt7278178&plot=short&apikey=f87d98bd,0.0,1,2017,9,3,0,0.0,0.0,0.0,4.219507705176107,0.26136376413390755,3,1,0,0,1,0,0,0,2.672130720396502,0
461303,tt7090150,Negative Space,Negative Space,"Even though Sam's father is hardly ever home because he is often away on business trips, he is able to connect with his son by teaching him how to pack a suitcase.",2017-06-12,Released,"Animation, Drama","funeral, son, father, suitcase, stop motion, based on song, poem or rhyme, mourning, packing, eulogy, father son relationship","Ru Kuwahata, Max Porter",Albert Birney,0,0,6,7.4,125,0.2751,en,FR,False,False,OMDb request failed: 401 Client Error: Unauthorized for url: https://www.omdbapi.com/?i=tt7090150&plot=short&apikey=f87d98bd,0.0,1,2017,6,2,1,0.0,0.0,0.0,4.836281906951478,0.24302460690735922,2,1,0,0,1,0,0,0,2.6118959770788255,0
449621,tt6821222,Dante's Lunch,Dante's Lunch,"Every dog has his day, but poor Dante can't seem to catch a break.",2017-03-29,Released,"Animation, Comedy, Family",short film,"Lee Unkrich, Jason Katz",,0,0,2,6.8,70,0.2491,en,US,False,False,OMDb request failed: 401 Client Error: Unauthorized for url: https://www.omdbapi.com/?i=tt6821222&plot=short&apikey=f87d98bd,0.0,1,2017,3,1,0,0.0,0.0,0.0,4.2626798770413155,0.22242329198972652,3,1,0,1,0,0,1,0,2.3727654753546563,0
489533,tt7704920,Happiness,Happiness,The story of a rodent's unrelenting quest for happiness and fulfillment.,2017-06-12,Released,"Animation, Drama","short film, adults",Steve Cutts,,0,0,5,7.123,122,0.0985,en,GB,False,False,OMDb request failed: 401 Client Error: Unauthorized for url: https://www.omdbapi.com/?i=tt7704920&plot=short&apikey=f87d98bd,0.0,1,2017,6,2,1,0.0,0.0,0.0,4.812184355372417,0.09394561284252785,2,1,0,0,1,0,0,0,2.5166694952322417,0
446370,tt6690664,Hi Stranger,Hi Stranger,I made this film especially for you. I needed to check in with you. I needed to tell you how I feel.,2017-03-10,Released,Animation,"stop motion, short film",Kirsten Lepore,Garrett Davis,0,0,3,6.5,102,0.0793,en,US,False,False,OMDb request failed: 401 Client Error: Unauthorized for url: https://www.omdbapi.com/?i=tt6690664&plot=short&apikey=f87d98bd,0.0,1,2017,3,1,0,0.0,0.0,0.0,4.634728988229636,0.07631268284916357,1,1,0,0,0,0,0,0,2.33165625066182,0
457157,,Qwerty,Qwerty,A grieving young inventor finds solace in repairing an antique typewriter.,2017-05-05,Released,"Animation, Drama, Family","melancholy, contemplative cinema",John McAmis,,0,0,10,6.0,125,0.0614,en,US,False,False,,0.0,1,2017,5,2,0,0.0,0.0,0.0,4.836281906951478,0.05958879141165754,3,1,0,1,1,0,0,0,2.2343806047544703,0
324857,tt4633694,Spider-Man: Into the Spider-Verse,Spider-Man: Into the Spider-Verse,"Struggling to find his place in the world while juggling school and family, Brooklyn teenager Miles Morales is unexpectedly bitten by a radioactive spider and develops unfathomable powers just like the one and only Spider-Man. While wrestling with the implications of his new abilities, Miles discovers a super collider created by the madman Wilson ""Kingpin"" Fisk, causing others from across the Spider-Verse to be inadvertently transported to his dimension.",2018-12-06,Released,"Action, Adventure, Animation, Science Fiction","superhero, based on comic, aftercreditsstinger, alternate universe","Bob Persichetti, Peter Ramsey, Rodney Rothman","Shameik Moore, Jake Johnson, Hailee Steinfeld, Mahershala Ali, Brian Tyree Henry",90000000,394884133,117,8.393,17190,21.5227,en,US,False,False,OMDb request failed: 401 Client Error: Unauthorized for url: https://www.omdbapi.com/?i=tt4633694&plot=short&apikey=f87d98bd,4.387601477777777,1,2018,12,4,1,90.0,394.884133,304.884133,9.752141270041493,3.114523689512911,4,1,1,0,0,0,0,1,6.002670408933161,1
260513,tt3606756,Incredibles 2,Incredibles 2,"Elastigirl springs into action to save the day, while Mr. Incredible faces his greatest challenge yet – taking care of the problems of his three children.",2018-06-14,Released,"Action, Adventure, Animation, Family","married couple, superhero, cartoon, villain, sequel, parenting, family, super power, female villain, supervillain",Brad Bird,"Craig T. Nelson, Holly Hunter, Sarah Vowell, Huck Milner, Catherine Keener",200000000,1243225667,118,7.451,13658,11.0582,en,US,False,False,OMDb request failed: 401 Client Error: Unauthorized for url: https://www.omdbapi.com/?i=tt3606756&plot=short&apikey=f87d98bd,6.216128335,1,2018,6,2,1,200.0,1243.225667,1043.225667,9.522153924002891,2.4897449264282496,4,1,1,1,0,0,0,1,6.461792578314671,1
400155,tt5220122,Hotel Transylvania 3: Summer Vacation,Hotel Transylvania 3: Summer Vacation,"Dracula, Mavis, Johnny and the rest of the Drac Pack take a vacation on a luxury Monster Cruise Ship, where Dracula falls in love with the ship’s captain, Ericka, who’s secretly a descendant of Abraham Van Helsing, the notorious monster slayer.",2018-06-28,Released,"Animation, Comedy, Family, Fantasy","monster, vampire, vacation, romance, cruise ship, summer vacation, dracula",Genndy Tartakovsky,"Adam Sandler, Andy Samberg, Selena Gomez, Kathryn Hahn, Jim Gaffigan",80000000,528600000,97,6.852,4694,8.4378,en,US,False,False,OMDb request failed: 401 Client Error: Unauthorized for url: https://www.omdbapi.com/?i=tt5220122&plot=short&apikey=f87d98bd,6.6075,1,2018,6,2,1,80.0,528.6,448.6,8.454253391642363,2.244722902149383,4,1,0,1,0,1,1,0,6.2912214440687615,1
404368,tt5848272,Ralph Breaks the Internet,Ralph Breaks the Internet,"Video game bad guy Ralph and fellow misfit Vanellope von Schweetz must risk it all by traveling to the World Wide Web in search of a replacement part to save Vanellope's video game, Sugar Rush. In way over their heads, Ralph and Vanellope rely on the citizens of the internet — the netizens — to help navigate their way, including an entrepreneur named Yesss, who is the head algorithm and the heart and soul of trend-making site BuzzzTube.",2018-11-20,Released,"Action, Adventure, Animation, Comedy, Family, Science Fiction","video game, cartoon, sequel, internet, lethal virus, aftercreditsstinger, duringcreditsstinger, online gaming, admiring","Phil Johnston, Rich Moore","John C. Reilly, Sarah Silverman, Gal Gadot, Taraji P. Henson, Bill Hader",175000000,529323962,112,7.16,8085,8.1627,en,US,False,False,OMDb request failed: 401 Client Error: Unauthorized for url: https://www.omdbapi.com/?i=tt5848272&plot=short&apikey=f87d98bd,3.0247083542857145,1,2018,11,4,1,175.0,529.323962,354.323962,8.997889450200717,2.215140895078224,6,1,1,1,0,0,1,1,4.833073311220413,1
360920,tt2709692,The Grinch,The Grinch,The Grinch hatches a scheme to ruin Christmas when the residents of Whoville plan their annual holiday celebration.,2018-11-08,Released,"Animation, Comedy, Family, Fantasy","holiday, surrealism, remake, based on children's book, christmas, cheerful","Yarrow Cheney, Scott Mosier","Benedict Cumberbatch, Rashida Jones, Kenan Thompson, Cameron Seely, Angela Lansbury",75000000,552976825,85,6.867,4430,7.4447,en,US,False,False,OMDb request failed: 401 Client Error: Unauthorized for url: https://www.omdbapi.com/?i=tt2709692&plot=short&apikey=f87d98bd,7.373024333333333,1,2018,11,4,1,75.0,552.976825,477.976825,8.39638057119949,2.1335390256500864,4,1,0,1,0,1,1,0,6.614098889527437,1
399174,tt5104604,Isle of Dogs,Isle of Dogs,"In the future, an outbreak of canine flu leads the mayor of a Japanese city to banish all dogs to an island used as a garbage dump. The outcasts must soon embark on an epic journey when a 12-year-old boy arrives on the island to find his beloved pet.",2018-03-23,Released,"Adventure, Animation, Comedy","island, japan, stop motion, dog, garbage dump, pets, witty, vibrant",Wes Anderson,"Bryan Cranston, Koyu Rankin, Bob Balaban, Edward Norton, Bill Murray",35000000,72991435,101,7.848,5399,7.2161,en,US,False,False,OMDb request failed: 401 Client Error: Unauthorized for url: https://www.omdbapi.com/?i=tt5104604&plot=short&apikey=f87d98bd,2.0854695714285714,1,2018,3,1,0,35.0,72.991435,37.991435,8.594154232552366,2.1060956439251175,3,1,1,0,0,0,1,0,4.50549878861448,1
504253,tt7236034,I Want to Eat Your Pancreas,君の膵臓をたべたい,"After his classmate and crush is diagnosed with a pancreatic disease, an average high schooler sets out to make the most of her final days.",2018-09-01,Released,"Animation, Drama, Romance","dying and death, diary, terminal illness, tragedy, hospital, high school student, shocking, anime, bucket list, japanese high school",Shinichiro Ushijima,"Mahiro Takasugi, Lynn, Yukiyo Fujii, Yuma Uchida, Jun Fukushima",0,33748006,108,8.228,1774,6.1789,ja,JP,False,False,OMDb request failed: 401 Client Error: Unauthorized for url: https://www.omdbapi.com/?i=tt7236034&plot=short&apikey=f87d98bd,0.0,1,2018,9,3,0,0.0,33.748006,33.748006,7.4815557019095165,1.9711461679806834,3,1,0,0,1,0,0,0,3.47490528048353,1
505262,tt7745068,My Hero Academia: Two Heroes,僕のヒーローアカデミア THE MOVIE ～2人の英雄～,"All Might and Deku accept an invitation to go abroad to a floating and mobile manmade city, called 'I-Island', where they research quirks as well as hero supplemental items at the special 'I-Expo' convention that is currently being held on the island. During that time, suddenly, despite an iron wall of security surrounding the island, the system is breached by a villain, and the only ones able to stop him are the students of Class 1-A.",2018-08-03,Released,"Action, Adventure, Animation, Fantasy","japan, hero, superhero, school, fighting, hostage situation, super power, shounen, anime",Kenji Nagasaki,"Daiki Yamashita, Kenta Miyake, Mirai Shida, Katsuhisa Namase, Nobuhiko Okamoto",12000000,27507549,96,7.882,1105,5.4085,ja,JP,False,False,OMDb request failed: 401 Client Error: Unauthorized for url: https://www.omdbapi.com/?i=tt7745068&plot=short&apikey=f87d98bd,2.29229575,1,2018,8,3,0,12.0,27.507549,15.507549,7.00850518208228,1.8576252341877417,4,1,1,0,0,1,0,1,4.331952649940503,1
476292,tt7339826,Maquia: When the Promised Flower Blooms,さよならの朝に約束の花をかざろう,"Fleeing the war, the immortal Machia, graced with eternal youth, finds a baby abandoned in the forest and decides to raise it as her own child, sparking a moving story between a mortal and a being who does not age.",2018-02-24,Released,"Animation, Drama, Fantasy","family relationships, coming of age, tragedy, dragon, military, anime, high fantasy, josei, hand drawn animation, family life",Mari Okada,"Manaka Iwami, Miyu Irino, Yuuki Sakurai, Ai Kayano, Yuki Kaji",0,4345395,115,8.144,703,5.2877,ja,JP,False,False,OMDb request failed: 401 Client Error: Unauthorized for url: https://www.omdbapi.com/?i=tt7339826&plot=short&apikey=f87d98bd,0.0,1,2018,2,1,0,0.0,4.345395,4.345395,6.556778356158042,1.8385953440650866,3,1,0,0,1,1,0,0,3.2953060550334694,1
485942,tt7451284,Batman Ninja,ニンジャバットマン,"Batman, along with many of his allies and adversaries, finds himself transported to feudal Japan by Gorilla Grodd's time displacement machine.",2018-03-24,Released,"Action, Animation, Science Fiction","cartoon, based on comic, ninja, adult animation, anime",Jumpei Mizusaki,"Koichi Yamadera, Wataru Takagi, Rie Kugimiya, Ai Kakuma, Hochu Otsuka",0,0,85,5.857,1067,4.3222,ja,JP,False,False,OMDb request failed: 401 Client Error: Unauthorized for url: https://www.omdbapi.com/?i=tt7451284&plot=short&apikey=f87d98bd,0.0,1,2018,3,1,0,0.0,0.0,0.0,6.97354301952014,1.6718867517065887,3,1,0,0,0,0,0,1,2.7610644656840093,0
495925,tt8098546,Doraemon: Nobita's Treasure Island,映画ドラえもん のび太の宝島,"Upon hearing about the story of Treasure Island, Nobita dreams of discovering and exploring his own treasure island, despite the fact all of the Earth has been mapped already.",2018-03-03,Released,"Adventure, Animation, Comedy, Family, Fantasy, Science Fiction","pirate, anime, treasure island",Kazuaki Imai,"Wasabi Mizuta, Megumi Oohara, Yumi Kakazu, Subaru Kimura, Tomokazu Seki",0,80900000,108,7.03,101,4.0773,ja,JP,False,False,OMDb request failed: 401 Client Error: Unauthorized for url: https://www.omdbapi.com/?i=tt8098546&plot=short&apikey=f87d98bd,0.0,1,2018,3,1,0,0.0,80.9,80.9,4.624972813284271,1.6247796242332988,6,1,1,1,0,1,1,0,2.6949628656276357,0
381719,tt5117670,Peter Rabbit,Peter Rabbit,Peter Rabbit's feud with Mr. McGregor escalates to greater heights than ever before as they rival for the affections of the warm-hearted animal lover who lives next door.,2018-02-07,Released,"Adventure, Animation, Family","human animal relationship, based on children's book, rabbit, duringcreditsstinger, live action and animation, food allergies",Will Gluck,"James Corden, Rose Byrne, Domhnall Gleeson, Margot Robbie, Elizabeth Debicki",50000000,351266433,93,6.696,1913,3.799,en,AU,False,False,OMDb request failed: 401 Client Error: Unauthorized for url: https://www.omdbapi.com/?i=tt5117670&plot=short&apikey=f87d98bd,7.02532866,1,2018,2,1,0,50.0,351.266433,301.266433,7.5569505720129,1.5684075628761085,3,1,1,1,0,0,0,0,6.204201617233352,1
475215,tt6900448,Mirai,未来のミライ,"Unhappy after his new baby sister displaces him, four-year-old Kun begins meeting people and pets from his family's history in their unique house in order to help him become the big brother he was meant to be.",2018-07-20,Released,"Adventure, Animation, Drama, Family, Fantasy","time travel, family relationships, train, adult animation, railway station, anime",Mamoru Hosoda,"Moka Kamishiraishi, Haru Kuroki, Gen Hoshino, Kumiko Aso, Mitsuo Yoshihara",0,29863754,98,7.15,853,3.6232,ja,JP,False,False,OMDb request failed: 401 Client Error: Unauthorized for url: https://www.omdbapi.com/?i=tt6900448&plot=short&apikey=f87d98bd,0.0,1,2018,7,3,1,0.0,29.863754,29.863754,6.74993119378857,1.5310871060214313,5,1,1,1,1,1,0,0,3.0296527449715005,1
482150,tt7089878,Liz and the Blue Bird,リズと青い鳥,"In their last year of high school, two girls in the brass band club perform a song inspired by a fairy tale that parallels their friendship.",2018-04-21,Released,"Animation, Drama, Music","japan, based on novel or book, fairy tale, brass band, one-sided love, female friendship, spin off, high school friends, anime, school club",Naoko Yamada,"Atsumi Tanezaki, Nao Toyama, Ayaka Asai, Tomoyo Kurosawa, Chika Anzai",0,737286,91,7.542,155,3.4412,ja,JP,False,False,OMDb request failed: 401 Client Error: Unauthorized for url: https://www.omdbapi.com/?i=tt7089878&plot=short&apikey=f87d98bd,0.0,1,2018,4,2,0,0.0,0.737286,0.737286,5.049856007249537,1.4909246101979734,3,1,0,0,1,0,0,0,2.8666170926171266,1
536115,tt8478602,Godzilla: The Planet Eater,GODZILLA 星を喰う者,"With no means for defeating Godzilla Earth, mankind watches as King Ghidorah, clad in a golden light, descends on the planet. The heavens and earth shake once again as the war moves to a higher dimension.",2018-11-09,Released,"Action, Adventure, Animation, Science Fiction","kaiju, adult animation, aftercreditsstinger, anime, king ghidorah, godzilla","Hiroyuki Seshita, Kobun Shizuno","Mamoru Miyano, Takahiro Sakurai, Kana Hanazawa, Tomokazu Sugita, Yuki Kaji",0,1500000,91,6.51,400,3.4129,ja,JP,False,False,OMDb request failed: 401 Client Error: Unauthorized for url: https://www.omdbapi.com/?i=tt8478602&plot=short&apikey=f87d98bd,0.0,1,2018,11,4,1,0.0,1.5,1.5,5.993961427306569,1.4845320697088846,4,1,1,0,0,0,0,1,2.749274024552318,0
494407,tt8108230,Pokémon the Movie: The Power of Us,劇場版ポケットモンスター みんなの物語,"A young athlete whose running days might be behind her, a compulsive liar, a shy researcher, a bitter old woman, and a little girl with a big secret—the only thing they have in common is the annual Wind Festival in Fula City.  The festival celebrates the Legendary Pokémon Lugia, who brings the wind that powers this seaside city. When a series of threats endangers not just the festival, but all the people and Pokémon of Fula City, it’ll take more than just Satoshi and Pikachu to save the day! Can everyone put aside their differences and work together—or will it all end in destruction?",2018-07-13,Released,"Adventure, Animation, Family, Fantasy","friendship, based on video game, festival, coastal town, anime, based on anime, based on tv series, adventure",Tetsuo Yajima,"Rica Matsumoto, Ikue Otani, Megumi Hayashibara, Shin-ichiro Miki, Inuko Inuyama",0,23740788,98,7.177,229,3.3417,ja,JP,False,False,OMDb request failed: 401 Client Error: Unauthorized for url: https://www.omdbapi.com/?i=tt8108230&plot=short&apikey=f87d98bd,0.0,1,2018,7,3,1,0.0,23.740788,23.740788,5.438079308923196,1.468265976485035,4,1,1,1,0,1,0,0,2.8302017928112346,1
532321,tt8565186,Re:ZERO -Starting Life in Another World- Memory Snow,Re:ゼロから始める異世界生活 Memory Snow,"Subaru finally gets to take a breather, but he does not waste any time as he prepares for a date with his beloved Emilia. He scouts the nearby village for the right dating spot, and with the help of the village children, he finds a wonderful location. With that, he is well prepared for his date! Unfortunately for Subaru, cold weather suddenly sweeps across Roswaal's mansion on his important day, leaving him with no choice but to postpone the date. Overnight, it becomes even colder and unbearable. Subaru must get to the bottom of this because, at this rate, his date will be the least of his worries.",2018-10-06,Released,"Adventure, Animation, Fantasy","cold, magic, village, time loop, dating, nature, parallel world, drunk, festival, ice sculpture","Tatsuya Koyanagi, Masaharu Watanabe","Yusuke Kobayashi, Rie Takahashi, Inori Minase, Yumi Uchiyama, Rie Murakawa",0,1725339,60,7.226,292,3.0466,ja,JP,False,False,OMDb request failed: 401 Client Error: Unauthorized for url: https://www.omdbapi.com/?i=tt8565186&plot=short&apikey=f87d98bd,0.0,1,2018,10,4,0,0.0,1.725339,1.725339,5.680172609017068,1.397877022362957,3,1,1,0,0,1,0,0,2.8682074447070036,1
508422,tt8076344,Penguin Highway,ペンギン・ハイウェイ,"A fourth-grader investigates the mysterious reason behind the sudden appearance of penguins in his village, which is somehow related to a power from a young woman working at a dental clinic.",2018-08-17,Released,"Adventure, Animation, Comedy, Fantasy","based on novel or book, penguin, coming of age, school, anime",Hiroyasu Ishida,"Kana Kita, Rie Kugimiya, Yu Aoi, Miki Fukui, Misaki Kuno",0,3902796,118,7.17,253,2.8659,ja,JP,False,False,OMDb request failed: 401 Client Error: Unauthorized for url: https://www.omdbapi.com/?i=tt8076344&plot=short&apikey=f87d98bd,0.0,1,2018,8,3,0,0.0,3.902796,3.902796,5.537334267018537,1.3521945139228828,4,1,1,0,0,1,1,0,2.825929317141213,1
474395,tt7424200,Teen Titans Go! To the Movies,Teen Titans Go! To the Movies,"All the major DC superheroes are starring in their own films, all but the Teen Titans, so Robin is determined to remedy this situation by getting over his role as a sidekick and becoming a movie star. Thus, with a few madcap ideas and an inspirational song in their hearts, the Teen Titans head to Hollywood to fulfill their dreams.",2018-07-27,Released,"Action, Animation, Comedy, Science Fiction","movie business, superhero, time travel, slapstick comedy, hollywood, super power, aftercreditsstinger, duringcreditsstinger, based on tv series","Aaron Horvath, Peter Rida Michail","Greg Cipes, Scott Menville, Khary Payton, Tara Strong, Hynden Walch",10000000,52390236,84,7.167,1172,2.8406,en,US,False,False,OMDb request failed: 401 Client Error: Unauthorized for url: https://www.omdbapi.com/?i=tt7424200&plot=short&apikey=f87d98bd,5.2390236,1,2018,7,3,1,10.0,52.390236,42.390236,7.067319848653476,1.3456286043938757,4,1,0,0,0,0,1,1,5.411252887957102,1
539517,tt9177882,Constantine: City of Demons - The Movie,Constantine: City of Demons - The Movie,"A decade after a tragic mistake, family man Chas Chandler and occult detective John Constantine set out to cure his daughter Trish from a mysterious supernatural coma.",2018-10-04,Released,"Action, Animation, Fantasy, Horror","magic, vertigo, supernatural, exorcism, possession, based on comic, exorcist, dark fantasy, demon hunter, edited from tv series",Doug Murphy,"Matt Ryan, Robin Atkin Downes, Laura Bailey, Rachel Kimsey, Jim Meskimen",0,0,90,7.7,659,2.7806,en,US,False,False,OMDb request failed: 401 Client Error: Unauthorized for url: https://www.omdbapi.com/?i=tt9177882&plot=short&apikey=f87d98bd,0.0,1,2018,10,4,0,0.0,0.0,0.0,6.492239835020471,1.3298827271939277,4,1,0,0,0,1,0,1,3.09831838433216,1
492719,tt8015080,Godzilla: City on the Edge of Battle,GODZILLA 決戦機動増殖都市,"Humanity's desperate battle to reclaim the Earth from Godzilla continues. The key to defeating the King of the Monsters may be Mechagodzilla, a robotic weapon thought to have been lost nearly 20,000 years ago.",2018-05-18,Released,"Animation, Science Fiction","mechagodzilla, alien, adult animation, based on movie, aftercreditsstinger, anime, godzilla","Kobun Shizuno, Hiroyuki Seshita","Mamoru Miyano, Yuki Kaji, Tomokazu Sugita, Takahiro Sakurai, Junichi Suwabe",0,876000,101,6.561,401,2.6737,ja,JP,False,False,OMDb request failed: 401 Client Error: Unauthorized for url: https://www.omdbapi.com/?i=tt8015080&plot=short&apikey=f87d98bd,0.0,1,2018,5,2,0,0.0,0.876,0.876,5.996452088619021,1.3011993285869194,2,1,0,0,0,0,0,0,2.734897712580891,0
521296,tt8328740,Okko's Inn,若おかみは小学生！,"12-year-old Oriko Seki, who lost her parents in a car accident, ended up living in her grandmother's Onsen Ryokan ""Haru no Ya."" With the ghost ""Uribou"" cohabitating with her and all the other odds, she ended up training to be a young female innkeeper. At first, she didn't like the training, but gradually felt her admiration for her title and began to train seriously. Thus, the growth of the young warrior Oriko begins.",2018-09-12,Released,"Animation, Drama, Family, Fantasy","based on novel or book, supernatural, slice of life, ghost, yurei, anime, onsen, elementary school student, ryokan",Kitaro Kosaka,"Seiran Kobayashi, Nana Mizuki, Satsumi Matsuda, Rina Endou, Etsuko Kozakura",0,293385,94,7.205,122,2.6247,ja,JP,False,False,OMDb request failed: 401 Client Error: Unauthorized for url: https://www.omdbapi.com/?i=tt8328740&plot=short&apikey=f87d98bd,0.0,1,2018,9,3,0,0.0,0.293385,0.293385,4.812184355372417,1.2877715262612648,4,1,0,1,1,1,0,0,2.716243382245052,0
545742,tt11744496,One Piece: Episode of Skypiea,ONE PIECE エピソードオブ空島,"The Straw Hats embark on a dangerous trip to the sky where their destination comes straight out of a fairytale. The island of Skypiea and its grand city of gold await among the clouds, but a clash of winged clans and a man who calls himself God won’t make things easy! Only Luffy can resist this God’s mighty power and light the mysteries of the past.",2018-08-25,Released,"Action, Adventure, Animation, Comedy, TV Movie","friendship, friends, remake, compilation, pirate, based on manga, shounen, anime, tv special","Konosuke Uda, Tetsuya Endo","Mayumi Tanaka, Kazuya Nakai, Akemi Okamura, Kappei Yamaguchi, Hiroaki Hirata",0,0,104,7.172,93,2.6053,ja,JP,False,False,OMDb request failed: 401 Client Error: Unauthorized for url: https://www.omdbapi.com/?i=tt11744496&plot=short&apikey=f87d98bd,0.0,1,2018,8,3,0,0.0,0.0,0.0,4.543294782270004,1.282404985027628,5,1,1,0,0,0,1,1,2.666854965094645,0
527729,tt8001346,Asterix: The Secret of the Magic Potion,Astérix: Le Secret de la potion magique,"Following a fall during mistletoe picking, Druid Getafix decides that it is time to secure the future of the village. Accompanied by Asterix and Obelix, he undertakes to travel the Gallic world in search of a talented young druid to transmit the Secret of the Magic Potion.",2018-05-12,Released,"Adventure, Animation, Comedy, Family","roman empire, based on comic","Alexandre Astier, Louis Clichy","Christian Clavier, Guillaume Briat, Alex Lutz, Alexandre Astier, Élie Semoun",36000000,74488686,85,6.848,1321,2.5972,fr,FR,False,False,OMDb request failed: 401 Client Error: Unauthorized for url: https://www.omdbapi.com/?i=tt8001346&plot=short&apikey=f87d98bd,2.0691301666666666,1,2018,5,2,0,36.0,74.488686,38.488686,7.186901020411631,1.2801557650582234,4,1,1,1,0,0,1,0,3.913167092820478,1
446894,tt6182908,Smallfoot,Smallfoot,A bright young yeti finds something he thought didn't exist—a human. News of this “smallfoot” throws the simple yeti community into an uproar over what else might be out there in the big world beyond their snowy village.,2018-09-20,Released,"Adventure, Animation, Comedy, Family, Fantasy","nepal, himalaya mountain range, musical, yeti, anthropomorphism, snow, creature, based on children's book, aftercreditsstinger, duringcreditsstinger",Karey Kirkpatrick,"Channing Tatum, James Corden, Zendaya, Common, LeBron James",80000000,214115531,96,6.819,1619,2.584,en,US,False,False,OMDb request failed: 401 Client Error: Unauthorized for url: https://www.omdbapi.com/?i=tt6182908&plot=short&apikey=f87d98bd,2.6764441375,1,2018,9,3,0,80.0,214.115531,134.115531,7.3901814282264295,1.276479495112684,5,1,1,1,0,1,1,0,4.2091490003758665,1
387592,tt4701724,Early Man,Early Man,"Dug, along with his sidekick Hognob, unite a cavemen tribe to save their hidden valley from being spoiled and, all together as a team, to face the menace of a mysterious and mighty enemy, on the turf of an ancient and sacred sport.",2018-01-26,Released,"Adventure, Animation, Comedy, Family","sports, stone age, mining, stop motion, prehistory, cavemen, claymation, plasticine, football (soccer) match, bronze age",Nick Park,"Eddie Redmayne, Tom Hiddleston, Maisie Williams, Timothy Spall, Miriam Margolyes",50000000,53431158,89,6.14,873,2.5524,en,GB,False,False,OMDb request failed: 401 Client Error: Unauthorized for url: https://www.omdbapi.com/?i=tt4701724&plot=short&apikey=f87d98bd,1.06862316,1,2018,1,1,0,50.0,53.431158,3.431158,6.773080375655535,1.267623431402212,4,1,1,1,0,0,1,0,3.221985993058662,1
487670,tt7167658,The Death of Superman,The Death of Superman,"When a hulking monster arrives on Earth and begins a mindless rampage, the Justice League is quickly called in to stop it. But it soon becomes apparent that only Superman can stand against the monstrosity.",2018-07-24,Released,"Action, Animation, Drama, Science Fiction","superhero, based on comic, death of hero, alien abomination, dc animated movie universe (dcamu)","Jake Castorena, Sam Liu","Jerry O'Connell, Rebecca Romijn, Rainn Wilson, Rosario Dawson, Nathan Fillion",0,0,81,7.4,825,2.5455,en,US,False,False,OMDb request failed: 401 Client Error: Unauthorized for url: https://www.omdbapi.com/?i=tt7167658&plot=short&apikey=f87d98bd,0.0,1,2018,7,3,1,0.0,0.0,0.0,6.716594773520978,1.2656791937619143,4,1,0,0,1,0,0,1,3.047341095092434,1
552095,tt6889128,PAW Patrol: Mighty Pups,PAW Patrol: Mighty Pups,"When their latest scheme goes awry, Mayor Humdinger and his nephew Harold accidentally divert a meteor towards Adventure Bay. The meteor's golden energy grants the PAW Patrol superpowers. The heroic Mighty Pups are on a roll to super-save the day.",2018-10-04,Released,"Action, Adventure, Animation, Family","dog, super power",,"Max Calinescu, Devan Cohen, Drew Davis, Samuel Faraci, Kallan Holley",0,0,44,7.518,588,2.4557,en,CA,False,False,OMDb request failed: 401 Client Error: Unauthorized for url: https://www.omdbapi.com/?i=tt6889128&plot=short&apikey=f87d98bd,0.0,1,2018,10,4,0,0.0,0.0,0.0,6.3784261836515865,1.2400250416184335,4,1,1,1,0,0,0,1,3.0222676837905027,1
493006,tt7880466,Case Closed: Zero the Enforcer,名探偵コナン ゼロの執行人,"After a sudden explosion at Edge of Ocean island in Tokyo, Tōru Amuro, codename Zero, begins to investigate. Meanwhile, private eye Kogorō is arrested as a suspect, so Conan Edogawa conducts his own investigation to prove his innocence, but Amuro stands in his way.",2018-04-13,Released,"Action, Animation, Crime, Mystery","falsely accused, detective, satellite, secret agent, tokyo, japan, woman lawyer, shounen, anime, cyber terrorism, drone operators",Yuzuru Tachikawa,"Minami Takayama, Kappei Yamaguchi, Wakana Yamazaki, Rikiya Koyama, Toru Furuya",0,101860359,110,6.2,174,2.4425,ja,JP,False,False,OMDb request failed: 401 Client Error: Unauthorized for url: https://www.omdbapi.com/?i=tt7880466&plot=short&apikey=f87d98bd,0.0,1,2018,4,2,0,0.0,101.860359,101.860359,5.1647859739235145,1.236197951620673,4,1,0,0,0,0,0,1,2.5101475888316283,0
483455,tt8391976,Bungo Stray Dogs: Dead Apple,文豪ストレイドッグス DEAD APPLE,"A large scale catastrophe is occurring across the planet. Ability users are discovered after the appearance of a mysterious fog, apparently having committed suicide, so the Armed Detective Agency sets out to investigate these mysterious deaths. The case seems to involve an unknown ability user referred to as ""Collector,"" a man who could be the mastermind behind the incident. Trust and courage are put to the test in order to save the city of Yokohama and ability users across the world from the grip of Collector where the Armed Detective Agency forms an unlikely partnership with the dangerous Port Mafia.",2018-03-03,Released,"Action, Animation, Comedy, Mystery","supernatural, mafia, based on manga, super power, seinen, anime, urban fantasy",Takuya Igarashi,"Kensho Ono, Mamoru Miyano, Kisho Taniyama, Yuto Uemura, Akira Ishida",0,2373203,90,8.11,191,2.4259,ja,JP,False,False,OMDb request failed: 401 Client Error: Unauthorized for url: https://www.omdbapi.com/?i=tt8391976&plot=short&apikey=f87d98bd,0.0,1,2018,3,1,0,0.0,2.373203,2.373203,5.2574953720277815,1.2313642109178486,4,1,0,0,0,0,1,1,3.0008289374418444,1
513347,tt8176578,Flavors of Youth,肆式青春,"The rigorous city life of China, while bustling and unforgiving, contains the everlasting memories of days past. Three stories told in three different cities, follow the loss of youth and the daunting realization of adulthood. Though reality may seem ever changing, unchangeable are the short-lived moments of one's childhood days. A plentiful bowl of noodles, the beauty of family and the trials of first love endure the inevitable flow of time, as three different characters explore the strength of bonds and the warmth of cherished memories. Within the disorder of the present world, witness these quaint stories recognize the comfort of the past, and attempt to revive the neglected flavors of youth.",2018-08-04,Released,"Animation, Drama, Romance","friendship, anthology, coming of age, modern china, young love, anime, guangzhou, working life, shanghai, package film","Joshua, Li Haoling, Yoshitaka Takeuchi","Taito Ban, Mariya Ise, Minako Kotobuki, Haruka Shiraishi, Hiroki Yasumoto",0,496334,74,6.9,583,2.3062,zh,CN,False,False,OMDb request failed: 401 Client Error: Unauthorized for url: https://www.omdbapi.com/?i=tt8176578&plot=short&apikey=f87d98bd,0.0,1,2018,8,3,0,0.0,0.496334,0.496334,6.369900982828227,1.1957994936367746,3,1,0,0,1,0,0,0,2.8598550714697506,1
370567,tt2296777,Sherlock Gnomes,Sherlock Gnomes,Garden gnomes Gnomeo & Juliet recruit renown detective Sherlock Gnomes to investigate the mysterious disappearance of other garden ornaments.,2018-03-15,Released,"Adventure, Animation, Comedy, Family, Fantasy, Mystery","villain, sequel, missing person, animate statue, sherlock holmes",John Stevenson,"Johnny Depp, Emily Blunt, James McAvoy, Chiwetel Ejiofor, Mary J. Blige",59000000,90497778,86,5.756,773,2.2776,en,GB,False,False,OMDb request failed: 401 Client Error: Unauthorized for url: https://www.omdbapi.com/?i=tt2296777&plot=short&apikey=f87d98bd,1.5338606440677969,1,2018,3,1,0,59.0,90.497778,31.497778,6.651571873589727,1.1871114472505242,6,1,1,1,0,1,1,0,3.305039787956546,1
487242,tt7167602,Suicide Squad: Hell to Pay,Suicide Squad: Hell to Pay,"Amanda Waller's top-secret ""Task Force X"" — consisting of Deadshot, Bronze Tiger, Killer Frost, Captain Boomerang, Harley Quinn, and Copperhead — is on a mission to retrieve a mystical object so powerful that they're willing to risk their lives to steal it. However, the Suicide Squad isn't the only group of villains seeking to possess the object. It's a race for the golden prize, and second place isn't an option if they want to stay alive.",2018-03-23,Released,"Action, Animation, Fantasy, Science Fiction","based on comic, adult animation, supervillain, dc animated movie universe (dcamu)",Sam Liu,"Christian Slater, Billy Brown, Kristin Bauer, Gideon Emery, Liam McIntyre",0,0,86,7.093,715,2.2654,en,US,False,False,OMDb request failed: 401 Client Error: Unauthorized for url: https://www.omdbapi.com/?i=tt7167602&plot=short&apikey=f87d98bd,0.0,1,2018,3,1,0,0.0,0.0,0.0,6.573680166960646,1.183382266709927,4,1,0,0,0,1,0,1,2.936809365050586,1
514710,tt8223844,Modest Heroes,ちいさな英雄－カニとタマゴと透明人間－,"Two tiny, aquatic humanoids search for their missing father, a boy battles a lethal allergy to eggs, and an invisible salaryman tries to become a hero.",2018-08-24,Released,"Adventure, Animation, Drama, Fantasy","anthology, anime","Hiromasa Yonebayashi, Yoshiyuki Momose, Akihiko Yamashita, Takuya Okada","Min Tanaka, Kentaro Sakaguchi, Joe Odagiri, Fumino Kimura, Rio Suzuki",0,0,54,6.641,191,2.1165,ja,JP,False,False,OMDb request failed: 401 Client Error: Unauthorized for url: https://www.omdbapi.com/?i=tt8223844&plot=short&apikey=f87d98bd,0.0,1,2018,8,3,0,0.0,0.0,0.0,5.2574953720277815,1.1367105772667683,4,1,1,0,1,1,0,0,2.6193808923941826,0
523777,tt7133686,Next Gen,Next Gen,"A friendship with a top-secret robot turns a lonely girl's life into a thrilling adventure as they take on bullies, evil bots and a scheming madman.",2018-09-07,Released,"Action, Adventure, Animation, Comedy, Family, Science Fiction","friendship, protection, bully, memory, female protagonist, robot, buddy comedy, 3d animation, based on webcomic or webtoon, based on manhua","Kevin R. Adams, Joe Ksander","John Krasinski, Lo Mutuc, Jason Sudeikis, Michael Peña, David Cross",22000000,0,105,6.982,843,2.0853,en,CA,False,False,OMDb request failed: 401 Client Error: Unauthorized for url: https://www.omdbapi.com/?i=tt7133686&plot=short&apikey=f87d98bd,0.0,1,2018,9,3,0,22.0,0.0,-22.0,6.738152494595957,1.1266488973619657,6,1,1,1,0,0,1,1,2.9252202087936885,1
503314,tt7961060,Dragon Ball Super: Broly,ドラゴンボール超 ブロリー,"Earth is peaceful following the Tournament of Power. Realizing that the universes still hold many more strong people yet to see, Goku spends all his days training to reach even greater heights. Then one day, Goku and Vegeta are faced by a Saiyan called 'Broly' who they've never seen before. The Saiyans were supposed to have been almost completely wiped out in the destruction of Planet Vegeta, so what's this one doing on Earth? This encounter between the three Saiyans who have followed completely different destinies turns into a stupendous battle, with even Frieza (back from Hell) getting caught up in the mix.",2018-12-14,Released,"Action, Animation, Science Fiction","martial arts, fight, transformation, space battle, alien, alien race, shounen, anime, based on anime, adventure",Tatsuya Nagamine,"Masako Nozawa, Aya Hisakawa, Ryo Horikawa, Toshio Furukawa, Takeshi Kusao",1000000,125002821,101,7.916,3132,2.026,ja,JP,False,False,OMDb request failed: 401 Client Error: Unauthorized for url: https://www.omdbapi.com/?i=tt7961060&plot=short&apikey=f87d98bd,125.002821,1,2018,12,4,1,1.0,125.002821,124.002821,8.049746290952191,1.1072416153661642,3,1,0,0,0,0,0,1,59.603817635947756,1
354279,tt4086018,Charming,Charming,"Three fairy tale princesses find themselves engaged to the same guy, Prince Charming.",2018-03-26,Released,"Adventure, Animation, Comedy, Family, Fantasy, Music, Romance","princess, fairy tale, prince",Ross Venokur,"Demi Lovato, Wilmer Valderrama, Sia, Nia Vardalos, Ashley French",20000000,8751856,90,6.372,277,1.9531,en,CA,False,False,OMDb request failed: 401 Client Error: Unauthorized for url: https://www.omdbapi.com/?i=tt4086018&plot=short&apikey=f87d98bd,0.4375928,1,2018,3,1,0,20.0,8.751856,-11.248144,5.627621113690637,1.0828554660556715,7,1,1,1,0,1,1,0,2.796488246961946,1
494656,tt6772418,The Legend of the Black Charro,La leyenda del Charro Negro,"After releasing the Chupacabras, Leo San Juan decides that it is time to return together with his brother Nando to his grandmother's house. Halfway down the road, Charro Negro manages to confuse Leo and because of him, an innocent girl is dragged into the underworld. Leo is forced to repair the damage. His friends will come to try to help him and get out of there as soon as possible. But it is no coincidence that the Charro has chosen to involve Leo, his intentions go beyond getting a new soul.",2018-01-19,Released,"Action, Animation, Family, Fantasy, Horror",,Alberto Rodríguez,"Benny Emmanuel, Annie Rojas, Emilio Treviño, Mayté Cordero, Erick Elías",0,5300000,85,8.127,197,1.926,es,MX,False,False,OMDb request failed: 401 Client Error: Unauthorized for url: https://www.omdbapi.com/?i=tt6772418&plot=short&apikey=f87d98bd,0.0,1,2018,1,1,0,0.0,5.3,5.3,5.288267030694535,1.0736363025979325,5,1,0,1,0,1,0,1,2.98603549999387,1
375107,tt4940416,Duck Duck Goose,Duck Duck Goose,"After he’s grounded by an injury, a high-flying bachelor is saddled with two wide-eyed orphans as they come face-to-face with the dangers and beauty of the outside world.",2018-03-09,Released,"Adventure, Animation, Comedy, Family","duck, migration, goose",Christopher Jenkins,"Jim Gaffigan, Zendaya, Lance Lim, Greg Proops, Natasha Leggero",0,0,91,6.242,182,1.8838,en,CN,False,False,OMDb request failed: 401 Client Error: Unauthorized for url: https://www.omdbapi.com/?i=tt4940416&plot=short&apikey=f87d98bd,0.0,1,2018,3,1,0,0.0,0.0,0.0,5.209486152841421,1.0591088688904096,4,1,1,1,0,0,1,0,2.5007892532597746,0
463116,tt5378092,The Stolen Princess,Викрадена принцеса: Руслан і Людмила,"This wonderful story happened in the age of valiant knights, beautiful princesses, and battling sorcerers. Ruslan, a wandering artist dreaming to become a knight, met beautiful Mila and fell in love with her; he didn’t even suspect that she is the King’s daughter. However, the lovers’ happiness wasn’t meant to last too long. Chernomor, the evil sorcerer, appeared in a magic vortex and stole Mila right before Ruslan’s eyes to transform her power of love into his own magic power. Without further ado, Ruslan sets out on a chase after the stolen princess to overcome all obstacles and to prove that real love is stronger than magic.",2018-03-07,Released,"Adventure, Animation, Comedy, Family","princess, rescue, magic, artist, rescue mission, knight, sorcerer, king, based on song, poem or rhyme",Oleh Malamuzh,"Nadya Dorofeeva, Oleksii Zavgorodnii, Yevhen Malukha, Oleh Mykhailiuta, Mykola Boklan",0,6914017,85,6.772,189,1.8627,uk,UA,False,False,OMDb request failed: 401 Client Error: Unauthorized for url: https://www.omdbapi.com/?i=tt5378092&plot=short&apikey=f87d98bd,0.0,1,2018,3,1,0,0.0,6.914017,6.914017,5.247024072160486,1.0517652354352667,4,1,1,1,0,0,1,0,2.637818396139363,0
523536,tt7367960,Checkered Ninja,Ternet Ninja,A possessed Ninja doll teams up with a teenage boy to avenge the murder of a poor child factory worker.,2018-12-25,Released,"Adventure, Animation, Comedy, Fantasy","ninja, adult animation","Anders Matthesen, Thorbjørn Christoffersen","Anders Matthesen, Emma Sehested Høeg, Alfred Bjerre Larsen, Ava Connolly, Aloïs Agaësse-Mahieu",0,0,83,7.4,260,1.7466,da,DK,False,False,OMDb request failed: 401 Client Error: Unauthorized for url: https://www.omdbapi.com/?i=tt7367960&plot=short&apikey=f87d98bd,0.0,1,2018,12,4,1,0.0,0.0,0.0,5.564520407322694,1.0103637831140444,4,1,1,0,0,1,1,0,2.8362326285655106,1
433694,tt5314190,Sgt. Stubby: An American Hero,Sgt. Stubby: An American Hero,The true story of the most decorated dog in American military history - Sgt. Stubby - and the enduring bonds he forged with his brothers-in-arms in the trenches of World War I.,2018-04-13,Released,"Adventure, Animation, Family, History, War","rescue, paris, france, chase, world war i, baseball, cooking, based on true story, soldier, dog, animals",Richard Lanni,"Logan Lerman, Helena Bonham Carter, Gérard Depardieu, Jim Pharr, Jordan Beck",25000000,4900000,85,7.893,214,1.6713,en,CA,False,False,OMDb request failed: 401 Client Error: Unauthorized for url: https://www.omdbapi.com/?i=tt5314190&plot=short&apikey=f87d98bd,0.196,1,2018,4,2,0,25.0,4.9,-20.1,5.3706380281276624,0.9825652453047758,5,1,1,1,0,0,0,0,3.0144304910148656,1
471474,tt7167630,Batman: Gotham by Gaslight,Batman: Gotham by Gaslight,"In an alternative Victorian Age Gotham City, Batman begins his war on crime while he investigates a new series of murders by Jack the Ripper.",2018-01-12,Released,"Action, Animation, Science Fiction, Thriller","jack the ripper, based on comic, adult animation",Sam Liu,"Bruce Greenwood, Jennifer Carpenter, Anthony Stewart Head, Scott Patterson, John DiMaggio",1000000,3469151,78,6.701,759,1.6443,en,US,False,False,OMDb request failed: 401 Client Error: Unauthorized for url: https://www.omdbapi.com/?i=tt7167630&plot=short&apikey=f87d98bd,3.469151,1,2018,1,1,0,1.0,3.469151,2.469151,6.633318433280377,0.9724063800006426,4,1,0,0,0,0,0,1,4.377226671992153,1
484862,tt7578566,Scooby-Doo! & Batman: The Brave and the Bold,Scooby-Doo! & Batman: The Brave and the Bold,Scooby-Doo and the Mystery Inc. gang meet up with Batman and other friends to defeat evil villains and save the day.,2018-01-31,Released,"Action, Animation, Comedy, Family, Science Fiction","friendship, hero, based on comic, talking dog",Jake Castorena,"Frank Welker, Grey DeLisle, Matthew Lillard, Kate Micucci, Diedrich Bader",0,0,76,7.215,265,1.6346,en,US,False,False,OMDb request failed: 401 Client Error: Unauthorized for url: https://www.omdbapi.com/?i=tt7578566&plot=short&apikey=f87d98bd,0.0,1,2018,1,1,0,0.0,0.0,0.0,5.583496308781699,0.9687313678135897,5,1,0,1,0,0,1,1,2.7865841514892935,1
506596,tt2766104,Ploey: You Never Fly Alone,Ploey: You Never Fly Alone,"A plover chick has not learned to fly when his family migrates in the fall. He must survive the arctic winter, vicious enemies and himself in order to be reunited with his beloved one next spring.",2018-03-30,Released,"Animation, Family",,Árni Ólafur Ásgeirsson,"Jamie Oram, Harriet Perring, Richard Cotton, Sean Astin, John Stamos",0,6110461,83,6.1,93,1.6204,en,BE,False,False,OMDb request failed: 401 Client Error: Unauthorized for url: https://www.omdbapi.com/?i=tt2766104&plot=short&apikey=f87d98bd,0.0,1,2018,3,1,0,0.0,6.110461,6.110461,4.543294782270004,0.9633269778755843,2,1,0,1,0,0,0,0,2.350993264021838,0
514754,tt8075496,Bao,Bao,"An aging Chinese mother suffering from empty nest syndrome gets another chance at motherhood when one of her dumplings springs to life as a lively, giggly dumpling boy.",2018-06-15,Released,"Animation, Comedy, Drama, Family, Fantasy","cooking, cartoon, coming of age, chinese, woman director, mother son relationship, dumpling, short film, empty nest, chinese cuisine",Domee Shi,"Daniel Kailin, Sindy Lau, Sharmaine Yeoh, Tim Zhang",0,0,8,7.554,1305,1.6189,en,US,False,False,OMDb request failed: 401 Client Error: Unauthorized for url: https://www.omdbapi.com/?i=tt8075496&plot=short&apikey=f87d98bd,0.0,1,2018,6,2,1,0.0,0.0,0.0,7.174724309836376,0.9627543822841949,5,1,0,1,1,1,1,0,3.109121803818086,1
315064,tt4155534,Animal Crackers,Animal Crackers,A family must use a magical box of Animal Crackers to save a rundown circus from being taken over by their evil uncle Horatio P. Huntington.,2018-07-21,Released,"Adventure, Animation, Comedy, Family","magic, circus, animals","Tony Bancroft, Scott Christian Sava, Jaime Maestro","Emily Blunt, John Krasinski, Lydia Rose Taylor, Ian McKellen, Sylvester Stallone",17000000,13285512,104,6.282,202,1.6098,en,US,False,False,OMDb request failed: 401 Client Error: Unauthorized for url: https://www.omdbapi.com/?i=tt4155534&plot=short&apikey=f87d98bd,0.781500705882353,1,2018,7,3,1,17.0,13.285512,-3.714488,5.313205979041787,0.9592735900460094,4,1,1,1,0,0,1,0,2.863047253010228,1
504997,tt7877382,LEGO DC Comics Super Heroes: The Flash,LEGO DC Comics Super Heroes: The Flash,"Reverse-Flash manipulates the Speed Force to put the Flash into a time loop that forces him to relive the same day over and over again—with progressively disastrous results, including losing his powers and being fired by the Justice League. The Flash must find a way to restore time to its original path and finally apprehend his worst enemy before all is lost for the Flash…and the world!",2018-02-13,Released,"Adventure, Animation, Comedy, Family, Science Fiction",,Ethan Spaulding,"James Arnold Taylor, Troy Baker, Nolan North, Dwight Schultz, Grey DeLisle",10000000,0,78,6.843,235,1.6021,en,US,False,False,OMDb request failed: 401 Client Error: Unauthorized for url: https://www.omdbapi.com/?i=tt7877382&plot=short&apikey=f87d98bd,0.0,1,2018,2,1,0,10.0,0.0,-10.0,5.4638318050256105,0.9563188113272276,5,1,1,1,0,0,1,0,2.673772592452926,0
439058,tt5257726,Hey Arnold! The Jungle Movie,Hey Arnold! The Jungle Movie,"When their trip to San Lorenzo takes a turn for the worst, Arnold and his classmate’s only hope of getting home is retracing the dangerous path that led to Arnold's parents' disappearance.",2018-04-26,Released,"Adventure, Animation, Comedy, Family, Fantasy, TV Movie","sequel, based on cartoon, series finale, based on tv series",Raymie Muzquiz,"Mason Cotton, Benjamin Flores Jr., Francesca Marie Smith, Anndi McAfee, Carlos Alazraqui",0,0,81,7.645,197,1.5535,en,US,False,False,OMDb request failed: 401 Client Error: Unauthorized for url: https://www.omdbapi.com/?i=tt5257726&plot=short&apikey=f87d98bd,0.0,1,2018,4,2,0,0.0,0.0,0.0,5.288267030694535,0.9374649671055616,6,1,1,1,0,1,1,0,2.8451097996700145,1
460399,tt6915208,"Love, Chunibyo & Other Delusions! Take On Me",映画 中二病でも恋がしたい! -Take On Me-,"Yuuta and Rikka are in their third year of high school. One day in Spring, Touka declares that she will take Rikka to Italy with her, as her job has stabilized there and thinks they should migrate together as a family. Touka is also worried about Rikka not being competent enough to advance to universities in Japan. The gangs from the club suggested Yuuta, who doesn't want to be separated, to elope with Rikka!! A runaway drama throughout Japan begins.",2018-01-06,Released,"Animation, Comedy, Fantasy","sequel, romance, slice of life, school, anime, based on light novel",Tatsuya Ishihara,"Jun Fukuyama, Maaya Uchida, Chinatsu Akasaki, Azumi Asakura, Sumire Uesaka",0,1822043,94,7.74,125,1.5371,ja,JP,False,False,OMDb request failed: 401 Client Error: Unauthorized for url: https://www.omdbapi.com/?i=tt6915208&plot=short&apikey=f87d98bd,0.0,1,2018,1,1,0,0.0,1.822043,1.822043,4.836281906951478,0.9310216964741491,3,1,0,0,0,1,1,0,2.800095540513844,1
564145,tt8255452,The Snow Queen: Mirror Lands,Снежная Королева: Зазеркалье,"A mighty king has lost his family because of the Snow Queen. He finds a way to expel all magic creatures from his world to Mirrorlands. Gerda and Snow Queen, along with all wizards and magicians, have to forget their offenses and disputes to defend their right to exist and not to allow fairytales to disappear from our lives.",2018-12-21,Released,"Adventure, Animation, Comedy, Family, Fantasy","magic, kingdom, snow, troll, witchcraft, wizard, based on fairy tale, scandinavian folklore, snow queen, 3d","Robert Lence, Alexey Tsitsilin","Lina Ivanova, Nikolay Bystrov, Vladimir Zaytsev, Olga Zubkova, Nikita Prozorovsky",5125000,10063938,87,7.6,96,1.537,ru,RU,False,False,OMDb request failed: 401 Client Error: Unauthorized for url: https://www.omdbapi.com/?i=tt8255452&plot=short&apikey=f87d98bd,1.963695219512195,1,2018,12,4,1,5.125,10.063938,4.938938,4.574710978503383,0.9309822806171448,5,1,1,1,0,1,1,0,3.6095168376485667,1
513736,tt8457394,LEGO DC Comics Super Heroes: Aquaman - Rage of Atlantis,LEGO DC Comics Super Heroes: Aquaman - Rage of Atlantis,"Aquaman must battle foes in the air, on land and in the depths of the Seven Seas, along with some help from The Justice League, to save the day.",2018-12-21,Released,"Action, Animation, Comedy, Family",,Matt Peters,"Dee Bradley Baker, Susan Eisenberg, Trevor Devall, Jonathan Adams, Troy Baker",0,0,77,6.184,117,1.5323,en,US,False,False,OMDb request failed: 401 Client Error: Unauthorized for url: https://www.omdbapi.com/?i=tt8457394&plot=short&apikey=f87d98bd,0.0,1,2018,12,4,1,0.0,0.0,0.0,4.770684624465665,0.929127980675647,4,1,0,1,0,0,1,1,2.400971890771197,0
513386,tt7886614,Cats,猫与桃花源,"A cat named Blanket lives in the city with his son, Cape. One day, Cape decides to leave home and embarks on an adventure to find the legendary cat's paradise. To find his son, Blanket must overcome his fear and reconcile with his past.",2018-04-05,Released,"Adventure, Animation, Family","escape, cat",Gary Wang,"Li Yufeng, Yang Yanduo, Emil Chau, Zhang Zhe, Chen Linsheng",0,16828814,105,6.65,133,1.5188,zh,CN,False,False,OMDb request failed: 401 Client Error: Unauthorized for url: https://www.omdbapi.com/?i=tt7886614&plot=short&apikey=f87d98bd,0.0,1,2018,4,2,0,0.0,16.828814,16.828814,4.897839799950911,0.9237825976324505,3,1,1,1,0,0,0,0,2.5357433596375043,0
499088,tt6685596,Maya the Bee: The Honey Games,Maya the Bee: The Honey Games,"Following an unproductive harvest season, it’s up to Maya and her brave friends to save their hive by competing in a series of games.",2018-02-02,Released,"Adventure, Animation, Comedy, Family","friendship, anthropomorphism, european, 3d animation, cartoon bee, australian","Noel Cleary, Sergio Delfino","Coco Jack Gillies, Benson Jack Anthony, Sam Haft, Justine Clarke, Jimmy James Eaton",0,10800000,85,6.632,68,1.4642,en,AU,False,False,OMDb request failed: 401 Client Error: Unauthorized for url: https://www.omdbapi.com/?i=tt6685596&plot=short&apikey=f87d98bd,0.0,1,2018,2,1,0,0.0,10.8,10.8,4.23410650459726,0.9018672112084308,4,1,1,1,0,0,1,0,2.4283960573708536,0
546728,tt8952294,Auntie Edna,Auntie Edna,"Taking place during the events of Incredibles 2, Edna Mode babysits Jack-Jack.",2018-10-23,Released,"Animation, Comedy, Family, Science Fiction","superhero, cartoon, babysitter, super power, short film",Ted Mathot,"Brad Bird, Craig T. Nelson, Eli Fucile, Nicholas Bird, Maeve Andrews",0,0,5,7.169,270,1.4365,en,US,False,False,OMDb request failed: 401 Client Error: Unauthorized for url: https://www.omdbapi.com/?i=tt8952294&plot=short&apikey=f87d98bd,0.0,1,2018,10,4,0,0.0,0.0,0.0,5.602118820879701,0.8905625833014239,4,1,0,1,0,0,1,0,2.7661522106271685,0
456154,tt5222768,White Fang,Croc-Blanc,A loyal wolfdog’s curiosity leads him on the adventure of a lifetime while serving a series of three distinctly different masters.,2018-03-28,Released,"Animation, Family","based on novel or book, wolf, remake, dog, half breed, native american tribe",Alexandre Espigares,"Raphaël Personnaz, Virginie Efira, Dominique Pinon, Frantz Confiac, Gilles Morvan",0,0,87,7.35,233,1.3761,fr,US,False,False,OMDb request failed: 401 Client Error: Unauthorized for url: https://www.omdbapi.com/?i=tt5222768&plot=short&apikey=f87d98bd,0.0,1,2018,3,1,0,0.0,0.0,0.0,5.455321115357702,0.8654604881568303,2,1,0,1,0,0,0,0,2.7856172405271797,1
533592,tt8660492,Scooby-Doo! and the Gourmet Ghost,Scooby-Doo! and the Gourmet Ghost,"The Scooby gang visits a culinary resort run by Fred's uncle, Bobby Flay. While enjoying the sights, a ghost attacks the guests and destroys the resort, leaving the gang to put a stop to its threat.",2018-08-28,Released,"Adventure, Animation, Comedy, Family","friendship, talking dog, resort, ghost",Doug Murphy,"Audrey Wasilewski, Frank Welker, Giada De Laurentiis, Salli Saffioti, Matthew Lillard",0,0,77,8.0,174,1.3368,en,US,False,False,OMDb request failed: 401 Client Error: Unauthorized for url: https://www.omdbapi.com/?i=tt8660492&plot=short&apikey=f87d98bd,0.0,1,2018,8,3,0,0.0,0.0,0.0,5.1647859739235145,0.8487824720913941,4,1,1,1,0,0,1,0,2.9020352669022365,1
432383,tt4410000,Luis and the Aliens,Luis und die Aliens,"11-year-old Luis makes friends with three loveable little aliens, who crash their UFO into his house. In return for Luis' help in finding the home-shopping channel stuff they came for, they save Luis from boarding school - and an exciting adventure follows.",2018-05-09,Released,"Animation, Family","boarding school, alien","Wolfgang Lauenstein, Christoph Lauenstein","Callum Maloney, Dermot Magennis, Ian Coppinger, Paul Tylak, Lucy Carolan",0,0,86,6.497,189,1.3322,de,BE,False,False,OMDb request failed: 401 Client Error: Unauthorized for url: https://www.omdbapi.com/?i=tt4410000&plot=short&apikey=f87d98bd,0.0,1,2018,5,2,0,0.0,0.0,0.0,5.247024072160486,0.8468120281040955,2,1,0,1,0,0,0,0,2.5383254150396874,0
543583,tt6241270,Cinderella and the Secret Prince,Cinderella and the Secret Prince,Cinderella discovers a secret that could shake their world: an evil witch turned the prince into a mouse and replaced him with a look-alike. Cinderella and her friends must save the real prince and help him defeat the evil witch.,2018-09-30,Released,"Adventure, Animation, Family, Fantasy","princess, mouse, fairy, prince, evil witch, turned into animal",Lynne Southerland,"Cassandra Lee Morris, Stephen Mendel, R. Martin Klein, Stephanie Sanditz, Terrence Stone",20000000,0,90,6.3,69,1.3264,en,CN,False,False,OMDb request failed: 401 Client Error: Unauthorized for url: https://www.omdbapi.com/?i=tt6241270&plot=short&apikey=f87d98bd,0.0,1,2018,9,3,0,20.0,0.0,-20.0,4.248495242049359,0.8443220083570632,4,1,1,1,0,1,0,0,2.3389225875609636,0
455842,tt4177856,Elliot: The Littlest Reindeer,Elliot: The Littlest Reindeer,"When Blitzen announces his retirement on December 21st, a miniature horse has 3 days to fulfill his lifelong dream of earning a spot on Santa's team at the North Pole try-outs.",2018-11-08,Released,"Adventure, Animation, Family","holiday, santa claus, horse, retirement, reindeer, north pole, christmas",Jennifer Westcott,"Josh Hutcherson, Samantha Bee, Morena Baccarin, John Cleese, Martin Short",0,0,89,5.7,85,1.2852,en,CA,False,False,OMDb request failed: 401 Client Error: Unauthorized for url: https://www.omdbapi.com/?i=tt4177856&plot=short&apikey=f87d98bd,0.0,1,2018,11,4,1,0.0,0.0,0.0,4.454347296253507,0.8264535478681704,3,1,1,1,0,0,0,0,2.2171201266182514,0
461615,tt4717402,MFKZ,Mutafukaz,"Angelino is just one of thousands of deadbeats living in Dark Meat City. But an otherwise unremarkable scooter accident caused by a beautiful, mysterious stranger is about to transform his life... into a waking nightmare! He starts seeing monstrous forms prowling around all over the city... Is Angelino losing his mind, or could an alien invasion really be happening this quietly...?",2018-05-23,Released,"Action, Animation, Comedy, Crime, Science Fiction, Thriller","adult animation, mutafukaz","Shojiro Nishimi, Guillaume Renard","Orelsan, Gringe, Redouanne Harjane, Féodor Atkine, Kelly Marot",0,461724,95,7.152,351,1.2229,fr,FR,False,False,OMDb request failed: 401 Client Error: Unauthorized for url: https://www.omdbapi.com/?i=tt4717402&plot=short&apikey=f87d98bd,0.0,1,2018,5,2,0,0.0,0.461724,0.461724,5.863631175598097,0.798812649714727,6,1,0,0,0,0,1,1,2.7873665737969233,1
537170,tt8717590,My Little Pony: Equestria Girls - Rollercoaster of Friendship,My Little Pony: Equestria Girls - Rollercoaster of Friendship,Rarity's friendship with Applejack is tested when Vignette Valencia hires her as her new designer for a theme park parade.,2018-07-06,Released,"Animation, Family, Music","friendship, fashion designer, theme park, social media",Ishi Rudell,"Rebecca Shoichet, Tabitha St. Germain, Ashleigh Ball, Andrea Libman, Tara Strong",0,0,44,8.153,95,1.0728,en,US,False,False,OMDb request failed: 401 Client Error: Unauthorized for url: https://www.omdbapi.com/?i=tt8717590&plot=short&apikey=f87d98bd,0.0,1,2018,7,3,1,0.0,0.0,0.0,4.564348191467836,0.7289003502657632,3,1,0,1,0,0,0,0,2.8322372812600403,1
528644,tt8013970,Bilby,Bilby,"Threatened daily by the deadly residents and harsh environment of Australia’s Outback, a lonesome bilby finds himself an unwitting protector, and unexpected friend, to a helpless (and quite adorable) baby bird.",2018-06-06,Released,"Adventure, Animation, Comedy, Family","rescue, cartoon, animals, australian outback, marsupial, short film, anthropomorphic animal","Pierre Perifel, JP Sans, Liron Topaz","Dee Bradley Baker, David P. Smith",0,0,8,8.015,206,1.0308,en,US,False,False,OMDb request failed: 401 Client Error: Unauthorized for url: https://www.omdbapi.com/?i=tt8013970&plot=short&apikey=f87d98bd,0.0,1,2018,6,2,1,0.0,0.0,0.0,5.332718793265369,0.7084298040911022,4,1,1,1,0,0,1,0,2.909922289603471,1
506752,tt7050476,Kikoriki. Deja Vu,Смешарики: Дежавю,"Krash decides to throw his best buddy Barry an unforgettable birthday party. He contacts the DejaVu Agency, which organizes exciting time travel adventures. A cataclysmic accident occurs after the Kikoriki crew fail to follow the rules and scatter the group across time. Krash has to find and retrieve his friends through the ages with the help of his alter ego from another time and place, who materializes out of the rupture in the space-time continuum. Just when you thought the Kikoriki adventures couldn't get wilder, along comes this thrilling time travel adventure suitable for all ages across the globe.",2018-04-26,Released,"Animation, Comedy, Family",time travel,Denis Chernov,"Pavel Derevyanko, Anton Vinogradov, Sergey Mardar, Mikhail Chernyak, Vladimir Postnikov",0,0,85,7.0,50,1.023,ru,RU,False,False,OMDb request failed: 401 Client Error: Unauthorized for url: https://www.omdbapi.com/?i=tt7050476&plot=short&apikey=f87d98bd,0.0,1,2018,4,2,0,0.0,0.0,0.0,3.9318256327243257,0.7045815581856084,3,1,0,1,0,0,1,0,2.44546107863649,0
491633,tt7728344,Marvel Rising: Secret Warriors,Marvel Rising: Secret Warriors,"When a threat no one could have expected bears down on the Marvel Universe, this ragtag, untrained band of teens have no choice but to rise together and prove to the world that sometimes the difference between a 'hero' and 'misfit' is just in the name.",2018-09-30,Released,"Action, Adventure, Animation, Comedy, Family, Science Fiction, TV Movie","dual identity, superhero, coming of age, alien abduction, anime, teen superhero",Alfred Gimeno,"Kim Raver, Chloe Bennet, Milana Vayntrub, Kathreen Khavari, Cierra Ramirez",0,0,80,6.379,124,0.9954,en,US,False,False,OMDb request failed: 401 Client Error: Unauthorized for url: https://www.omdbapi.com/?i=tt7728344&plot=short&apikey=f87d98bd,0.0,1,2018,9,3,0,0.0,0.0,0.0,4.8283137373023015,0.6908445314972697,7,1,1,1,0,0,1,1,2.4226237403199353,0
499537,tt8173728,The Wolf House,La casa lobo,"After escaping from a religious colony in Chile, Maria seeks shelter in a mansion where she’s taken in by two pigs, its only inhabitants. Like in a stop-motion dream, the universe of the house reacts to her feelings. The animals slowly morph into humans and the house into a dark, menacing world.",2018-09-26,Released,"Animation, Drama, Horror","germany, chile, pinochet regime, stop motion, military dictatorship, adult animation, colonia dignidad","Joaquín Cociña, Cristóbal León","Amalia Kassai, Rainer Krause, Karina Hyland, Carlos Cociña, Natalia Geisse",245000,0,74,7.574,188,0.9793,es,CL,False,False,OMDb request failed: 401 Client Error: Unauthorized for url: https://www.omdbapi.com/?i=tt8173728&plot=short&apikey=f87d98bd,0.0,1,2018,9,3,0,0.245,0.0,-0.245,5.241747015059643,0.6827432468445523,3,1,0,0,1,0,0,0,2.7821735392856293,1
387836,tt7941612,Martians vs Mexicans,Marcianos vs Mexicanos,"A group of martian aliens invade earth, but they never expected mexicans to be immune to their multiple attacks.",2018-03-09,Released,"Animation, Comedy, Science Fiction",adult animation,"Rodolfo Riva Palacio Alatriste, Gabriel Riva Palacio Alatriste","Adal Ramones, Omar Chaparro, Martha Higareda, Angélica Vale, Eduardo Manzano",900000,1180000,90,7.901,91,0.9489,es,MX,False,False,OMDb request failed: 401 Client Error: Unauthorized for url: https://www.omdbapi.com/?i=tt7941612&plot=short&apikey=f87d98bd,1.3111111111111111,1,2018,3,1,0,0.9,1.18,0.28,4.5217885770490405,0.6672651108458414,3,1,0,0,0,0,1,0,3.3436080531842323,1
507569,tt9089294,The Seven Deadly Sins: Prisoners of the Sky,劇場版 七つの大罪 天空の囚われ人,"Traveling in search of the rare ingredient, “sky fish”  Meliodas and Hawk arrive at a palace that floats above the clouds. The people there are busy preparing a ceremony, meant to protect their home from a ferocious beast that awakens once every 3,000 years. But before the ritual is complete, the Six Knights of Black—a Demon Clan army—removes the seal on the beast, threatening the lives of everyone in the Sky Palace.",2018-08-18,Released,"Action, Adventure, Animation, Fantasy","magic, supernatural, betrayal, demon, super power, seven deadly sins, journey, shounen, anime, isekai","Noriyuki Abe, Yasuto Nishikata","Yuki Kaji, Sora Amamiya, Misaki Kuno, Tatsuhisa Suzuki, Jun Fukuyama",0,3914227,99,7.532,1076,0.9173,ja,JP,False,False,OMDb request failed: 401 Client Error: Unauthorized for url: https://www.omdbapi.com/?i=tt9089294&plot=short&apikey=f87d98bd,0.0,1,2018,8,3,0,0.0,3.914227,3.914227,6.981934677156389,0.6509179463422087,4,1,1,0,0,1,0,1,3.0279278935247893,1
502259,tt6494344,A Wizard's Tale,A Wizard's Tale,"Balloon kingdoms, dopey police dragons and happy wizards are exactly how Terry remembered his Grandmother's whacky fairy tales. Except they are real and it's definitely not as 'cheerful.'",2018-03-01,Released,"Adventure, Animation, Comedy, Family, Fantasy","princess, kingdom, change, creature, amusement park, evil, wizard, mystical land, gloom",Andrés Couturier,"Toby Kebbell, Lily Collins, Ian McShane, Keith Wickham, David Holt",0,0,97,5.8,62,0.8961,en,MX,False,False,OMDb request failed: 401 Client Error: Unauthorized for url: https://www.omdbapi.com/?i=tt6494344&plot=short&apikey=f87d98bd,0.0,1,2018,3,1,0,0.0,0.0,0.0,4.143134726391533,0.6397991450580209,5,1,1,1,0,1,1,0,2.1674400807174328,0
543033,tt6241872,"Ruben Brandt, Collector",Ruben Brandt: A Gyűjtő,Psychotherapist Ruben Brandt becomes the most wanted criminal in the world when he and four of his patients steal paintings from the world's most renowned museums and art collections.,2018-06-22,Released,"Action, Animation, Crime, Thriller",adult animation,Milorad Krstić,"Iván Kamarás, Csaba Márton, Gabriella Hámori, Matt Devere, Henry Grant",0,218184,94,7.142,176,0.8614,hu,HU,False,False,OMDb request failed: 401 Client Error: Unauthorized for url: https://www.omdbapi.com/?i=tt6241872&plot=short&apikey=f87d98bd,0.0,1,2018,6,2,1,0.0,0.218184,0.218184,5.176149732573829,0.6213288927694731,4,1,0,0,0,0,0,1,2.655121793801495,0
505832,tt7869818,My Little Pony: Equestria Girls - Forgotten Friendship,My Little Pony: Equestria Girls - Forgotten Friendship,"The story follows Sunset Shimmer, who (using her powers) finds out that her friends' memories of her have been mysteriously erased, resulting in them getting amnesia. Determined to set things straight, she'll need Princess Twilight's help from Equestria in order to find out the source of what caused her friends' memory loss.",2018-02-17,Released,"Animation, Family, Fantasy",pony,Ishi Rudell,"Rebecca Shoichet, Ashleigh Ball, Andrea Libman, Tabitha St. Germain, Tara Strong",0,0,44,7.812,93,0.8359,en,US,False,False,OMDb request failed: 401 Client Error: Unauthorized for url: https://www.omdbapi.com/?i=tt7869818&plot=short&apikey=f87d98bd,0.0,1,2018,2,1,0,0.0,0.0,0.0,4.543294782270004,0.6075348244840229,3,1,0,1,0,1,0,0,2.725624441013104,0
510096,tt7966994,The Swan Princess: A Royal Myztery,The Swan Princess: A Royal Myztery,"Your favorite characters are back in an all-new royal adventure! It seems that a mysterious “Z” is appearing as a mark on the palace residents. Who is behind the mark and what does it mean? Princess Odette, Derek, Scully and all the Swan Princess friends work as a team to uncover the secret.",2018-03-27,Released,"Adventure, Animation, Comedy, Family","princess, kingdom, musical, sequel",Richard Rich,"Nina Herzog, Yuri Lowenthal, Joseph Medrano, Grant Durazzo, Kellen Goff",0,0,79,6.577,52,0.8335,en,US,False,False,OMDb request failed: 401 Client Error: Unauthorized for url: https://www.omdbapi.com/?i=tt7966994&plot=short&apikey=f87d98bd,0.0,1,2018,3,1,0,0.0,0.0,0.0,3.970291913552122,0.6062267085292437,4,1,1,1,0,0,1,0,2.330727793312205,0
486072,tt7139246,Leo Da Vinci: Mission Mona Lisa,Leo Da Vinci: Mission Mona Lisa,"Life flows peacefully in Vinci: Leonardo is struggling with his incredible inventions, Lorenzo helps him and Gioconda observes them mockingly. When A mysterious storyteller comes to town and speaks of a hidden treasure, an adventure begins.",2018-01-11,Released,"Adventure, Animation, Family",,Sergio Manfio,"Alex Polidori, Emanuela Gabriela Ionică, Gabriele Patriarca, Arianna Vignoli, Giulio Bartolomei",10000000,2635349,85,5.8,71,0.7709,it,IT,False,False,OMDb request failed: 401 Client Error: Unauthorized for url: https://www.omdbapi.com/?i=tt7139246&plot=short&apikey=f87d98bd,0.2635349,1,2018,1,1,0,10.0,2.635349,-7.364651,4.276666119016055,0.5714878919326163,3,1,1,1,0,0,0,0,2.2958138066423004,0
539626,tt9293522,Freedom Fighters: The Ray,Freedom Fighters: The Ray,"Earth-X is one of many realities in the multiverse, with one glaring difference from our Earth: The Nazis won World War II. Led by The Ray, a group of heroes known as the Freedom Fighters battle selflessly against tyranny. But when The Ray is transported to our Earth to save his life, he passes his powers to his unsuspecting counterpart, Ray Terrill. Charged with superhuman abilities, Terrill is newly christened The Ray and must adapt and overcome the challenges of crime-fighting with a little help from The Flash and Green Arrow. Seasoned and ready to fight, The Ray now faces his biggest battle: a return to Earth-X to lead the Freedom Fighters against Overgirl and her evil Nazi henchmen!",2018-08-28,Released,"Action, Animation, Fantasy","based on comic, edited from tv series, arrowverse",Ethan Spaulding,"Russell Tovey, Megalyn Echikunwoke, Echo Kellum, Iddo Goldberg, Sunil Malhotra",0,0,73,6.1,91,0.7475,en,US,False,False,OMDb request failed: 401 Client Error: Unauthorized for url: https://www.omdbapi.com/?i=tt9293522&plot=short&apikey=f87d98bd,0.0,1,2018,8,3,0,0.0,0.0,0.0,4.5217885770490405,0.5581861951258283,3,1,0,0,0,1,0,1,2.28699621582623,0
421456,tt7169514,Dilili in Paris,Dilili à Paris,"With the help of her delivery-boy friend, Dilili, a young Kanak, investigates a spate of mysterious kidnappings of young girls that is plaguing Belle Epoque Paris.  In the course of her investigation she encounters a series of extraordinary characters, each of whom provides her with clues that will help her in her quest.",2018-10-10,Released,"Adventure, Animation","paris, france, computer animation, belle epoque, inquiry, kanak, mysterious disappearance",Michel Ocelot,"Elisabeth Duda, Liliane Rovère, Prunelle Charles-Ambron, Thissa d'Avila Bensalah, Enzo Ratsito",0,0,95,6.7,148,0.7216,fr,FR,False,False,OMDb request failed: 401 Client Error: Unauthorized for url: https://www.omdbapi.com/?i=tt7169514&plot=short&apikey=f87d98bd,0.0,1,2018,10,4,0,0.0,0.0,0.0,5.003946305945459,0.5432540909853283,2,1,1,0,0,0,0,0,2.507080059539618,0
378107,tt2967856,Another Day of Life,Another Day of Life,"In 1975, Ryszard Kapuściński, a veteran Polish journalist, embarked on a seemingly suicidal road trip into the heart of the Angola's civil war. There, he witnessed once again the dirty reality of war and discovered a sense of helplessness previously unknown to him. Angola changed him forever: it was a reporter who left Poland, but it was a writer who returned…",2018-10-26,Released,"Animation, Documentary, History","civil war, cuba, africa, portugal, south africa, independence movement, rotoscoping, docudrama, poland, colonialism","Raúl de la Fuente, Damian Nenow","Artur Queiroz, Luis Alberto Ferreira, Joaquim António Lopes Farrusco, Kerry Shale, Daniel Flynn",5000000,134801,86,7.4,114,0.7185,en,BE,False,False,OMDb request failed: 401 Client Error: Unauthorized for url: https://www.omdbapi.com/?i=tt2967856&plot=short&apikey=f87d98bd,0.0269602,1,2018,10,4,0,5.0,0.134801,-4.865199,4.74493212836325,0.5414518173077515,3,1,0,0,0,0,0,0,2.65508968185065,0
529790,tt5541002,Pachamama,Pachamama,A young boy living in a remote village in the Andes Mountains dreams of becoming shaman.,2018-10-20,Released,"Adventure, Animation, Family, Fantasy",,Juan Antín,"Andrea Santamaria, India Coenen, Saïd Amadis, Marie-Christine Darah, Alex Harrouch",0,0,72,7.219,80,0.6462,fr,CA,False,False,OMDb request failed: 401 Client Error: Unauthorized for url: https://www.omdbapi.com/?i=tt5541002&plot=short&apikey=f87d98bd,0.0,1,2018,10,4,0,0.0,0.0,0.0,4.394449154672439,0.49846960155640657,4,1,1,1,0,1,0,0,2.538687813434327,0
528222,tt8205250,LEGO Marvel Super Heroes: Black Panther - Trouble in Wakanda,LEGO Marvel Super Heroes: Black Panther - Trouble in Wakanda,"After speaking at the Wakanda Embassy, Black Panther fights Thanos and fends him off with the help of fellow Avengers Captain America, Thor, Iron Man, Hulk, and Black Widow. After regaining conscious, Thanos is approached by Erik Killmonger and Ulysses Klaue in a plot where they will obtain the Vibranium in Wakanda to empower Thanos. When Black Panther discovers this plot, he must work with Shuri, Okoye, and the Avengers to defeat them.",2018-06-04,Released,"Animation, Family, Fantasy",,Michael D. Black,"James C. Mathis III, Keston John, Yvette Nicole Brown, Daisy Lightfoot, Isaac C. Singleton, Jr.",0,0,22,5.951,71,0.6375,en,US,False,False,OMDb request failed: 401 Client Error: Unauthorized for url: https://www.omdbapi.com/?i=tt8205250&plot=short&apikey=f87d98bd,0.0,1,2018,6,2,1,0.0,0.0,0.0,4.276666119016055,0.4931706885272699,3,1,0,1,0,1,0,0,2.2032255211314986,0
553903,tt9227936,Yellow Is the New Black,Yellow Is the New Black,"An adventure about two Minions who make a daring (though temporary) escape from jail. As they navigate the chaos of their breakout, their antics showcase the Minions' signature blend of resourcefulness and mischief, resulting in a short filled with hilariously unpredictable moments.",2018-11-09,Released,"Animation, Comedy, Crime, Family",short film,"Serguei Kouchnerov, Fabien Polack","Pierre Coffin, Brian T. Delaney, Carlos Alazraqui",0,0,4,6.5,75,0.6015,en,US,False,False,OMDb request failed: 401 Client Error: Unauthorized for url: https://www.omdbapi.com/?i=tt9227936&plot=short&apikey=f87d98bd,0.0,1,2018,11,4,1,0.0,0.0,0.0,4.330733340286331,0.4709406900670758,4,1,0,1,0,0,1,0,2.345251104553011,0
564638,tt8734822,My Little Pony: Best Gift Ever,My Little Pony: Best Gift Ever,"As the ponies prepare for another Hearth's Warming, families come together to celebrate the holiday; Pinkie Pie, Fluttershy, Applejack, Rarity, and Rainbow Dash are ready for the big day, but Princess Twilight Sparkle doesn't have time to celebrate.",2018-12-05,Released,"Animation, Comedy, Fantasy, Music",,"Jim Miller, Denny Lu, Mike Myhre","Tara Strong, Andrea Libman, Ashleigh Ball, Cathy Weseluck, Tabitha St. Germain",0,0,44,7.534,87,0.5234,en,US,False,False,OMDb request failed: 401 Client Error: Unauthorized for url: https://www.omdbapi.com/?i=tt8734822&plot=short&apikey=f87d98bd,0.0,1,2018,12,4,1,0.0,0.0,0.0,4.477336814478207,0.4209446789565507,4,1,0,0,0,1,1,0,2.6182422240152134,0
477042,tt7013830,Virus Tropical,Virus tropical,"Paola grows up in a Colombian family full of appearances: her father is a priest, her mother a psychic, and her sisters don’t live up to their parents’ expectations. She seeks independence in a world full of stereotypes and learns to live on her own terms, as a series of experiences gradually shape her personality.",2018-05-17,Released,"Animation, Drama","biography, adult animation",Santiago Caicedo,"María Cecilia Sánchez, Martina Toro, Alejandra Borrero, Diego León Hoyos, Mara Gutiérrez",0,0,97,6.74,50,0.3346,es,CO,False,False,OMDb request failed: 401 Client Error: Unauthorized for url: https://www.omdbapi.com/?i=tt7013830&plot=short&apikey=f87d98bd,0.0,1,2018,5,2,0,0.0,0.0,0.0,3.9318256327243257,0.28863162148736915,2,1,0,0,1,0,0,0,2.318068588131754,0
437220,tt6451304,Have a Nice Day,大世界,Three parties pursue the million dollars that driver Xiao Zhang stole to help out his girlfriend.,2018-01-12,Released,"Animation, Crime","stolen money, adult animation",Liu Jian,"Yang Siming, Cao Kou, Ma Xiaofeng, Zhu Changlong, Zheng Yi",0,0,77,5.6,58,0.3124,zh,CN,False,False,OMDb request failed: 401 Client Error: Unauthorized for url: https://www.omdbapi.com/?i=tt6451304&plot=short&apikey=f87d98bd,0.0,1,2018,1,1,0,0.0,0.0,0.0,4.07753744390572,0.2718575221048095,2,1,0,0,0,0,0,0,2.0524092449015794,0
569529,tt9032798,Sister,妹妹,A man remembers his childhood memory of growing up with an annoying little sister in 1990s China. How would his life have been if things had gone differently?,2018-06-15,Released,"Animation, Drama",,Siqi Song,Bingyang Liu,0,0,8,7.3,53,0.3032,zh,CN,False,False,OMDb request failed: 401 Client Error: Unauthorized for url: https://www.omdbapi.com/?i=tt9032798&plot=short&apikey=f87d98bd,0.0,1,2018,6,2,1,0.0,0.0,0.0,3.9889840465642745,0.26482277830569834,2,1,0,0,1,0,0,0,2.463071023730496,0
549484,tt8783042,One Small Step,One Small Step,"​Luna is a vibrant young Chinese-American girl who dreams of becoming an astronaut. From the day she witnesses a rocket launching into space on TV, Luna is driven to reach for the stars. In the big city, Luna lives with her loving father Chu, who supports her with a humble shoe repair business he runs out of his garage. As Luna grows up, she enters college, facing adversity of all kinds in pursuit of her dreams.",2018-06-25,Released,"Adventure, Animation, Family, Fantasy","adolescence, dreams, cartoon, growing up, space, astronaut, fatherhood, father daughter relationship, short film","Andrew Chesworth, Bobby Pontillas",,0,0,8,7.597,155,0.2941,xx,CN,False,False,OMDb request failed: 401 Client Error: Unauthorized for url: https://www.omdbapi.com/?i=tt8783042&plot=short&apikey=f87d98bd,0.0,1,2018,6,2,1,0.0,0.0,0.0,5.049856007249537,0.25781547284548734,4,1,1,1,0,1,0,0,2.695400722014254,0
511138,tt8615478,Animal Behaviour,Animal Behaviour,"Five animals meet regularly to discuss their inner angst in a group therapy session led by Dr. Clement, a canine psychotherapist.  The group includes Lorraine, a leech who suffers from separation anxiety; Cheryl, a praying mantis who can’t seem to keep a man; Todd, a pig with an eating disorder; Jeffrey, a bird with guilt issues; and Linda, an obsessive-compulsive cat.",2018-06-04,Released,"Animation, Comedy",short film,"David Fine, Alison Snowden","Ryan Beil, Taz Van Rassel, Leah Juel, Andrea Libman, James Kirk",0,0,14,6.4,91,0.2783,en,CA,False,False,OMDb request failed: 401 Client Error: Unauthorized for url: https://www.omdbapi.com/?i=tt8615478&plot=short&apikey=f87d98bd,0.0,1,2018,6,2,1,0.0,0.0,0.0,4.5217885770490405,0.24553107019183898,2,1,0,0,0,0,1,0,2.315097947086132,0
523246,tt8589236,Lost & Found,Lost & Found,A bumbling knitted dinosaur must completely unravel itself to save the love of its life.,2018-06-15,Released,"Animation, Drama","stop motion, tragic love, short film","Andrew Goldsmith, Bradley Slabe","Maria Angelico, Marc Gallagher",0,0,8,7.9,64,0.1982,en,AU,False,False,OMDb request failed: 401 Client Error: Unauthorized for url: https://www.omdbapi.com/?i=tt8589236&plot=short&apikey=f87d98bd,0.0,1,2018,6,2,1,0.0,0.0,0.0,4.174387269895637,0.18082043066768747,2,1,0,0,1,0,0,0,2.628281155084499,0
1137928,,Bat,Bat,"Since some bird chicks hatched in the neighborhood, the bat hasn't got any sleep.",2018-04-24,Released,Animation,,Julia Ocker,,0,0,4,6.9,60,0.0703,en,DE,False,False,,0.0,1,2018,4,2,0,0.0,0.0,0.0,4.110873864173311,0.06793898300819287,1,1,0,0,0,0,0,0,2.351821927077226,0
301528,tt1979376,Toy Story 4,Toy Story 4,"Woody has always been confident about his place in the world, devoted to taking care of his kid—whether that's Andy or Bonnie. But after Bonnie creates a reluctant new toy called ""Forky"", a road trip adventure alongside old and new friends challenges everything Woody believes about loyalty, purpose, and what it truly means to be a toy.",2019-06-19,Released,"Adventure, Animation, Comedy, Family","friendship, cartoon, rescue mission, sequel, anti villain, buddy, cowboy, duringcreditsstinger, toy comes to life, dedication",Josh Cooley,"Tom Hanks, Tim Allen, Annie Potts, Tony Hale, Keegan-Michael Key",175000000,1073841394,100,7.466,10494,14.9123,en,US,False,False,OMDb request failed: 401 Client Error: Unauthorized for url: https://www.omdbapi.com/?i=tt1979376&plot=short&apikey=f87d98bd,6.1362365371428576,1,2019,6,2,1,175.0,1073.841394,898.841394,9.258654232254733,2.7670923950692665,4,1,1,1,0,0,1,0,6.431668435812886,1
615453,tt10627720,Ne Zha,哪吒之魔童降世,"A young boy is born as the reincarnation of a demonic power, into a society that hates and fears him. Destined by prophecy to bring destruction to the world, Nezha must choose between good and evil to see if he can change his fate.",2019-07-26,Released,"Adventure, Animation, Fantasy","fight, magic, dragon, demon, dark fantasy, based on myths, legends or folklore, 3d animation, nezha, donghua",Jiao Zi,"Lu Yanting, Joseph, Han Mo, Chen Hao, Lu Qi",22000000,742718496,110,7.895,856,11.794,zh,CN,False,False,OMDb request failed: 401 Client Error: Unauthorized for url: https://www.omdbapi.com/?i=tt10627720&plot=short&apikey=f87d98bd,33.75993163636364,1,2019,7,3,1,22.0,742.718496,720.718496,6.75343791859778,2.5489763110279458,3,1,1,0,0,1,0,0,18.5610813708075,1
412117,tt5113040,The Secret Life of Pets 2,The Secret Life of Pets 2,"Max the terrier must cope with some major life changes when his owner gets married and has a baby. When the family takes a trip to the countryside, nervous Max has numerous run-ins with canine-intolerant cows, hostile foxes and a scary turkey. Luckily for Max, he soon catches a break when he meets Rooster, a gruff farm dog who tries to cure the lovable pooch of his neuroses.",2019-05-24,Released,"Adventure, Animation, Comedy, Family","new york city, friendship, villain, sequel, dog, talking animal, 3d animation",Chris Renaud,"Patton Oswalt, Kevin Hart, Eric Stonestreet, Jenny Slate, Tiffany Haddish",80000000,429434163,86,6.947,3323,11.3807,en,US,False,False,OMDb request failed: 401 Client Error: Unauthorized for url: https://www.omdbapi.com/?i=tt5113040&plot=short&apikey=f87d98bd,5.3679270375,1,2019,5,2,0,80.0,429.434163,349.434163,8.10892415597534,2.516138808468951,4,1,1,1,0,0,1,0,5.7460766115416435,1
330457,tt4520988,Frozen II,Frozen II,"Elsa, Anna, Kristoff and Olaf head far into the forest to learn the truth about an ancient mystery of their kingdom.",2019-11-20,Released,"Adventure, Animation, Comedy, Family, Fantasy","princess, magic, kingdom, winter, queen, castle, musical, sequel, dam, spirit","Jennifer Lee, Chris Buck","Idina Menzel, Kristen Bell, Josh Gad, Jonathan Groff, Evan Rachel Wood",150000000,1453683476,103,7.231,10266,11.3653,en,US,False,False,OMDb request failed: 401 Client Error: Unauthorized for url: https://www.omdbapi.com/?i=tt4520988&plot=short&apikey=f87d98bd,9.691223173333332,1,2019,11,4,1,150.0,1453.683476,1303.683476,9.236690147298965,2.5148941627089845,5,1,1,1,0,1,1,0,7.931538074501192,1
420818,tt6105098,The Lion King,The Lion King,"Simba idolizes his father, King Mufasa, and takes to heart his own royal destiny. But not everyone in the kingdom celebrates the new cub's arrival. Scar, Mufasa's brother—and former heir to the throne—has plans of his own. The battle for Pride Rock is ravaged with betrayal, tragedy and drama, ultimately resulting in Simba's exile. With help from a curious pair of newfound friends, Simba will have to figure out how to grow up and take back what is rightfully his.",2019-07-12,Released,"Adventure, Animation, Drama, Family","africa, lion, prince, redemption, musical, uncle, remake, grief, king, family",Jon Favreau,"Chiwetel Ejiofor, John Oliver, Donald Glover, James Earl Jones, John Kani",260000000,1662020819,118,7.098,10731,11.2636,en,US,False,False,OMDb request failed: 401 Client Error: Unauthorized for url: https://www.omdbapi.com/?i=tt6105098&plot=short&apikey=f87d98bd,6.3923877653846155,1,2019,7,3,1,260.0,1662.020819,1402.020819,9.280985211545515,2.5066355252515664,4,1,1,1,1,0,0,0,6.41921760494264,1
568160,tt9426210,Weathering with You,天気の子,"The summer of his high school freshman year, Hodaka runs away from his remote island home to Tokyo, and quickly finds himself pushed to his financial and personal limits. The weather is unusually gloomy and rainy every day, as if taking its cue from his life. After many days of solitude, he finally finds work as a freelance writer for a mysterious occult magazine. Then, one day, Hodaka meets Hina on a busy street corner. This bright and strong-willed girl possesses a strange and wonderful ability: the power to stop the rain and clear the sky.",2019-07-19,Released,"Animation, Drama, Fantasy, Romance","japan, magic, climate change, rain, surrealism, weather, weather manipulation, romance, slice of life, tokyo, japan",Makoto Shinkai,"Kotaro Daigo, Nana Mori, Tsubasa Honda, Sakura Kiryu, Sei Hiraizumi",11100000,192729404,112,7.977,2625,9.4356,ja,JP,False,False,OMDb request failed: 401 Client Error: Unauthorized for url: https://www.omdbapi.com/?i=tt9426210&plot=short&apikey=f87d98bd,17.36300936936937,1,2019,7,3,1,11.1,192.729404,181.629404,7.873217054862741,2.34522303767828,4,1,0,0,1,1,0,0,11.340370230097369,1
166428,tt2386490,How to Train Your Dragon: The Hidden World,How to Train Your Dragon: The Hidden World,"As Hiccup fulfills his dream of creating a peaceful dragon utopia, Toothless’ discovery of an untamed, elusive mate draws the Night Fury away. When danger mounts at home and Hiccup’s reign as village chief is tested, both dragon and rider must make impossible decisions to save their kind.",2019-01-03,Released,"Adventure, Animation, Family","based on novel or book, flying, villain, melancholy, vikings (norsemen), sequel, overpopulation, dragon, love interest, based on children's book",Dean DeBlois,"Jay Baruchel, America Ferrera, F. Murray Abraham, Cate Blanchett, Gerard Butler",129000000,539987993,104,7.751,7082,8.6296,en,US,False,False,OMDb request failed: 401 Client Error: Unauthorized for url: https://www.omdbapi.com/?i=tt2386490&plot=short&apikey=f87d98bd,4.185953434108527,1,2019,1,1,0,129.0,539.987993,410.987993,8.865452825753623,2.264841688083388,3,1,1,1,0,0,0,0,5.4909732224243895,1
454640,tt6095472,The Angry Birds Movie 2,The Angry Birds Movie 2,"Red, Chuck, Bomb and the rest of their feathered friends are surprised when a green pig suggests that they put aside their differences and unite to fight a common threat. Aggressive birds from an island covered in ice are planning to use an elaborate weapon to destroy the fowl and swine.",2019-08-02,Released,"Adventure, Animation, Comedy, Family","island, rivalry, sequel, family, based on video game, animal kingdom, unassuming, irreverent, cliché, embarrassed",Thurop Van Orman,"Jason Sudeikis, Josh Gad, Danny McBride, Leslie Jones, Bill Hader",65000000,137792047,97,7.05,1877,8.0421,en,FI,False,False,OMDb request failed: 401 Client Error: Unauthorized for url: https://www.omdbapi.com/?i=tt6095472&plot=short&apikey=f87d98bd,2.119877646153846,1,2019,8,3,0,65.0,137.792047,72.792047,7.537962659768208,2.2018914483113683,4,1,1,1,0,0,1,0,4.1774230569811674,1
620249,tt10734928,The Legend of Hei,罗小黑战记,"When cat spirit Luo Xiaohei's home is deforested by humans, he must find a new one. He runs into a group of other spirit creatures who take him under their wing with dreams of reconquering the land they say is rightfully theirs. However, they run into a human known as Wuxian who separates Luo Xiaohei from the other spirits and the two go on a journey, with the cat spirit learning to control his abilities as well as forming his own thoughts on whether or not he should ally with the spirits or the humans.",2019-08-27,Released,"Action, Animation, Fantasy","monster, magic, cat, shapeshifting, dilemma, betrayal, animals, environmental, journey, anime",MTJJ,"Shan Xin, Liu Mingyue, Hao Xianghai, Ding Dang, Yuntu Cao",0,48045728,102,8.301,462,7.9848,zh,CN,False,False,OMDb request failed: 401 Client Error: Unauthorized for url: https://www.omdbapi.com/?i=tt10734928&plot=short&apikey=f87d98bd,0.0,1,2019,8,3,0,0.0,48.045728,48.045728,6.137727054086234,2.1955342606666894,3,1,0,0,0,1,0,1,3.3252391972129387,1
572154,tt9881586,Rascal Does Not Dream of a Dreaming Girl,青春ブタ野郎はゆめみる少女の夢を見ない,"In Fujisawa, Sakuta Azusagawa is in his second year of high school. Blissful days with his girlfriend and upperclassman, Mai Sakurajima, are interrupted by the appearance of his first crush, Shoko Makinohara.",2019-06-15,Released,"Animation, Drama, Fantasy, Romance","afterlife, supernatural, sequel, tragedy, school, school life, seinen, anime, time-manipulation, japanese high school",Soichi Masui,"Kaito Ishikawa, Asami Seto, Inori Minase, Nao Toyama, Atsumi Tanezaki",0,0,90,8.253,590,6.5162,ja,JP,False,False,OMDb request failed: 401 Client Error: Unauthorized for url: https://www.omdbapi.com/?i=tt9881586&plot=short&apikey=f87d98bd,0.0,1,2019,6,2,1,0.0,0.0,0.0,6.3818160174060985,2.0170606910960642,4,1,0,0,1,1,0,0,3.323081506275324,1
431580,tt6324278,Abominable,Abominable,"A group of misfits encounter a young Yeti named Everest, and they set off to reunite the magical creature with his family on the mountain of his namesake.",2019-09-19,Released,"Adventure, Animation, Comedy, Family, Fantasy","villain, yeti, family relationships, reunion, snow, female villain, aftercreditsstinger, duringcreditsstinger, mount everest, quest",Jill Culton,"Chloe Bennet, Albert Tsai, Eddie Izzard, Tenzing Norgay Trainor, Joseph Izzo",75000000,190304772,97,7.451,2171,5.9753,en,CN,False,False,OMDb request failed: 401 Client Error: Unauthorized for url: https://www.omdbapi.com/?i=tt6324278&plot=short&apikey=f87d98bd,2.53739696,1,2019,9,3,0,75.0,190.304772,115.304772,7.683403681053826,1.9423753375351815,5,1,1,1,0,1,1,0,4.448445484788351,1
481084,tt1620981,The Addams Family,The Addams Family,"The Addams family's lives begin to unravel when they face-off against a treacherous, greedy crafty reality-TV host while also preparing for their extended family to arrive for a major celebration.",2019-10-10,Released,"Animation, Comedy, Family, Fantasy","cartoon, black humor, family","Conrad Vernon, Greg Tiernan","Oscar Isaac, Charlize Theron, Chloë Grace Moretz, Finn Wolfhard, Nick Kroll",40000000,204394183,87,6.6,2486,5.7429,en,CA,False,False,OMDb request failed: 401 Client Error: Unauthorized for url: https://www.omdbapi.com/?i=tt1620981&plot=short&apikey=f87d98bd,5.109854575,1,2019,10,4,0,40.0,204.394183,164.394183,7.818832443803404,1.9084900994482008,4,1,0,1,0,1,1,0,5.408532940237741,1
431693,tt5814534,Spies in Disguise,Spies in Disguise,"Super spy Lance Sterling and scientist Walter Beckett are almost exact opposites. Lance is smooth, suave and debonair. Walter is… not. But what Walter lacks in social skills he makes up for in smarts and invention, creating the awesome gadgets Lance uses on his epic missions. But when events take an unexpected turn, Walter and Lance suddenly have to rely on each other in a whole new way.",2019-12-04,Released,"Action, Adventure, Animation, Comedy, Family","inventor, spy, villain, agent, pigeon, aftercreditsstinger, special agent, human becoming an animal, save the planet","Nick Bruno, Troy Quane","Will Smith, Tom Holland, Ben Mendelsohn, Rashida Jones, Karen Gillan",100000000,171616764,102,7.554,2966,5.5345,en,US,False,False,OMDb request failed: 401 Client Error: Unauthorized for url: https://www.omdbapi.com/?i=tt5814534&plot=short&apikey=f87d98bd,1.71616764,1,2019,12,4,1,100.0,171.616764,71.616764,7.995306620290822,1.8770958330549536,5,1,1,1,0,0,1,1,4.141635806001866,1
508965,tt4729430,Klaus,Klaus,"A selfish postman and a reclusive toymaker form an unlikely friendship, delivering joy to a cold, dark town that desperately needs it.",2019-11-08,Released,"Animation, Comedy, Family","friendship, small town, island, holiday, santa claus, cartoon, letter, postman, reindeer, toy maker",Sergio Pablos,"Jason Schwartzman, J.K. Simmons, Rashida Jones, Joan Cusack, Norm Macdonald",0,0,97,8.224,4656,5.3388,en,ES,False,False,OMDb request failed: 401 Client Error: Unauthorized for url: https://www.omdbapi.com/?i=tt4729430&plot=short&apikey=f87d98bd,0.0,1,2019,11,4,1,0.0,0.0,0.0,8.446126742982377,1.8466894760865162,3,1,0,1,0,0,1,0,3.599922432860334,1
592350,tt11107074,My Hero Academia: Heroes Rising,僕のヒーローアカデミア THE MOVIE ヒーローズ：ライジング,"Class 1-A visits Nabu Island where they finally get to do some real hero work. The place is so peaceful that it's more like a vacation... until they're attacked by a villain with an unfathomable Quirk! His power is eerily familiar, and it looks like Shigaraki had a hand in the plan. But with All Might retired and citizens' lives on the line, there's no time for questions. Deku and his friends are the next generation of heroes, and they're the island's only hope.",2019-12-20,Released,"Action, Adventure, Animation, Fantasy","japan, hero, superhero, fighting, super power, shounen, anime",Kenji Nagasaki,"Daiki Yamashita, Nobuhiko Okamoto, Yoshio Inoue, Mio Imada, Yuka Terasaki",0,30017163,104,8.139,1275,5.3051,ja,JP,False,False,OMDb request failed: 401 Client Error: Unauthorized for url: https://www.omdbapi.com/?i=tt11107074&plot=short&apikey=f87d98bd,0.0,1,2019,12,4,1,0.0,30.017163,30.017163,7.151485463904735,1.8413588297193393,4,1,1,0,0,1,0,1,3.383676644043611,1
638507,tt11112140,How to Train Your Dragon: Homecoming,How to Train Your Dragon: Homecoming,"It's been ten years since the dragons moved to the Hidden World, and even though Toothless doesn't live in New Berk anymore, Hiccup continues the holiday traditions he once shared with his best friend. But the Vikings of New Berk were beginning to forget about their friendship with dragons. Hiccup, Astrid, and Gobber know just what to do to keep the dragons in the villagers' hearts. And across the sea, the dragons have a plan of their own...",2019-12-03,Released,"Adventure, Animation, Family, Fantasy","dragon, short film",Tim Johnson,"Jay Baruchel, America Ferrera, Craig Ferguson, Madalyn Gonzalez, Christopher Mintz-Plasse",0,0,22,8.039,1102,4.6947,en,US,False,False,OMDb request failed: 401 Client Error: Unauthorized for url: https://www.omdbapi.com/?i=tt11112140&plot=short&apikey=f87d98bd,0.0,1,2019,12,4,1,0.0,0.0,0.0,7.005789019253503,1.7395359177240892,4,1,1,1,0,1,0,0,3.3215487405466386,1
532067,tt9239552,KONOSUBA – God's blessing on this wonderful world! Legend of Crimson,映画 この素晴らしい世界に祝福を！紅伝説,"After receiving a warning that Yunyun's hometown is in danger, Kazuma's party is relieved to discover it's only a joke...until it isn't. The Demon King's general has just arrived to obtain The Mage Killer, a weapon with world-ending power.",2019-08-30,Released,"Adventure, Animation, Comedy, Fantasy","magic, supernatural, parody, sequel, parallel world, fantasy world, seinen, anime, isekai, based on light novel",Takaomi Kanasaki,"Jun Fukushima, Rie Takahashi, Sora Amamiya, Ai Kayano, Yui Horie",0,5078942,90,8.034,614,4.4707,ja,JP,False,False,OMDb request failed: 401 Client Error: Unauthorized for url: https://www.omdbapi.com/?i=tt9239552&plot=short&apikey=f87d98bd,0.0,1,2019,8,3,0,0.0,5.078942,5.078942,6.421622267806518,1.699406578995875,4,1,1,0,0,1,1,0,3.2266543270203587,1
280217,tt3513498,The Lego Movie 2: The Second Part,The Lego Movie 2: The Second Part,"It's been five years since everything was awesome and the citizens are facing a huge new threat: LEGO DUPLO® invaders from outer space, wrecking everything faster than they can rebuild.",2019-02-06,Released,"Action, Adventure, Animation, Comedy, Family","villain, time travel, sequel, based on toy, live action and animation, lego",Mike Mitchell,"Chris Pratt, Elizabeth Banks, Will Arnett, Tiffany Haddish, Stephanie Beatriz",99000000,199603202,107,6.659,2415,4.256,en,CA,False,False,OMDb request failed: 401 Client Error: Unauthorized for url: https://www.omdbapi.com/?i=tt3513498&plot=short&apikey=f87d98bd,2.0161939595959595,1,2019,2,1,0,99.0,199.603202,100.603202,7.789868559054706,1.6593702811823094,5,1,1,1,0,0,1,1,3.9894231078537334,1
575222,tt9735672,Doraemon: Nobita's Chronicle of the Moon Exploration,映画ドラえもん のび太の月面探査記,"When Nobita's class makes fun of him for believing in the moon rabbit, he embarks on an adventure with Doraemon to create a civilisation of rabbits on the moon.",2019-03-01,Released,"Adventure, Animation, Comedy, Family, Fantasy, Science Fiction","moon, space travel, hot air balloon, space invasion, elementary school, space, school, robot, parallel world, extrasensory perception",Shinnosuke Yakuwa,"Wasabi Mizuta, Megumi Oohara, Yumi Kakazu, Tomokazu Seki, Subaru Kimura",0,65406606,111,7.356,73,4.1341,ja,JP,False,False,OMDb request failed: 401 Client Error: Unauthorized for url: https://www.omdbapi.com/?i=tt9735672&plot=short&apikey=f87d98bd,0.0,1,2019,3,1,0,0.0,65.406606,65.406606,4.30406509320417,1.6359045602491264,6,1,1,1,0,1,1,0,2.729995448017995,0
610892,tt10477558,Violet Evergarden: Eternity and the Auto Memory Doll,ヴァイオレット・エヴァーガーデン 外伝 - 永遠と自動手記人形 -,"Violet Evergarden, a former soldier returned from war, comes to teach at a women's academy and changes a young girl's life.",2019-09-06,Released,"Animation, Drama, Fantasy","friendship, work, writing, adoption, letter, girls' boarding school, slice of life, steampunk, post war, seinen",Haruka Fujita,"Yui Ishikawa, Minako Kotobuki, Aoi Yuuki, Koki Uchiyama, Takehito Koyasu",0,10841702,90,8.081,457,4.0859,ja,JP,False,False,OMDb request failed: 401 Client Error: Unauthorized for url: https://www.omdbapi.com/?i=tt10477558&plot=short&apikey=f87d98bd,0.0,1,2019,9,3,0,0.0,10.841702,10.841702,6.126869184114185,1.62647200498988,3,1,0,0,1,1,0,0,3.1832511783656097,1
553600,tt9116358,Promare,プロメア,"Galo and the Burning Rescue Fire Department face off against BURNISH, a group of mutants who are able to control and wield flames, and the fire disaster they have unleashed on Earth.",2019-05-24,Released,"Action, Animation, Science Fiction","mutant, supernatural, mecha, firefighting, super power, adult animation, firefighter, anime, super robot, elemental powers",Hiroyuki Imaishi,"Kenichi Matsuyama, Taichi Saotome, Ayane Sakura, Hiroyuki Yoshino, Tetsu Inada",0,9869306,111,7.075,313,3.7231,ja,JP,False,False,OMDb request failed: 401 Client Error: Unauthorized for url: https://www.omdbapi.com/?i=tt9116358&plot=short&apikey=f87d98bd,0.0,1,2019,5,2,0,0.0,9.869306,9.869306,5.749392985908253,1.552465363673109,3,1,0,0,0,0,0,1,2.8640287524372043,1
530079,tt9193612,Ride Your Wave,きみと、波にのれたら,"Hinako is a surf-loving college student who has just moved to a small seaside town. When a sudden fire breaks out at her apartment building, she is rescued by Minato, a handsome firefighter, and the two soon fall in love.",2019-06-21,Released,"Animation, Comedy, Drama, Fantasy, Romance","surfing, beach, afterlife, coming of age, slice of life, tragedy, accidental death, mourning, firefighter, shoujo",Masaaki Yuasa,"Ryota Katayose, Rina Kawaei, Honoka Matsumoto, Kentaro Ito, Mami Horikoshi",0,0,95,7.569,369,3.6104,ja,JP,False,False,OMDb request failed: 401 Client Error: Unauthorized for url: https://www.omdbapi.com/?i=tt9193612&plot=short&apikey=f87d98bd,0.0,1,2019,6,2,1,0.0,0.0,0.0,5.91350300563827,1.5283146211403196,5,1,0,0,1,1,1,0,3.0085226440167885,1
820232,tt14888860,Demon Slayer: Kimetsu no Yaiba - Sibling's Bond,鬼滅の刃 兄妹の絆,"Tanjiro Kamado returns home to find his family slaughtered and the lone survivor, his sister Nezuko, turned into a Demon. To his surprise, however, Nezuko still shows signs of human emotion and thought. Thus begins Tanjiro's journey to seek out the Demon who killed their family and turn his sister human again. A recap of Kimetsu no Yaiba episodes 1–5, with new footage and special end credits.",2019-03-29,Released,"Action, Animation, Fantasy, Thriller","supernatural, gore, compilation, demon, edited from tv series, shounen, anime, based on anime, brother sister relationship, taisho period",Haruo Sotozaki,"Natsuki Hanae, Akari Kito, Takahiro Sakurai, Hochu Otsuka, Yuki Kaji",0,480522,105,7.877,248,3.586,ja,JP,False,False,OMDb request failed: 401 Client Error: Unauthorized for url: https://www.omdbapi.com/?i=tt14888860&plot=short&apikey=f87d98bd,0.0,1,2019,3,1,0,0.0,0.480522,0.480522,5.517452896464707,1.5230081844357126,4,1,0,0,0,1,0,1,3.025319162135063,1
615165,tt10981202,Her Blue Sky,空の青さを知る人よ,"High school student Aoi Aioi lives with her elder sister, Akane, after a tragic accident took their parents away 13 years ago. Because Akane has since been taking care of her single-handedly, Aoi wants to move to Tokyo after her graduation to relieve her sister's burden and pursue a musical career, inspired by Akane's ex-boyfriend Shinnosuke ""Shinno"" Kanamuro. Shinno was part of a band until he left for Tokyo to become a professional guitarist after the sisters' parents passed away, and he was never to be seen again.",2019-10-11,Released,"Animation, Romance","supernatural, time travel, romance, coming of age, slice of life, school, art, anime, time-manipulation, rural",Tatsuyuki Nagai,"Ryo Yoshizawa, Riho Yoshioka, Shion Wakayama, Ken Matsudaira, Fukushi Ochiai",0,4736031,108,7.302,167,3.5855,ja,JP,False,False,OMDb request failed: 401 Client Error: Unauthorized for url: https://www.omdbapi.com/?i=tt10981202&plot=short&apikey=f87d98bd,0.0,1,2019,10,4,0,0.0,4.736031,4.736031,5.123963979403259,1.522899151016862,2,1,0,0,0,0,0,0,2.822529469563018,1
571891,tt8856470,Pokémon the Movie: Mewtwo Strikes Back - Evolution,ミュウツーの逆襲 EVOLUTION,"After accepting an invitation from a mysterious trainer, Ash, Misty and Brock meet Mewtwo, an artificially created Pokémon who wants to do battle.",2019-07-12,Released,"Action, Adventure, Animation, Family, Fantasy","remake, anime, kodomo, antagonistic","Motonori Sakakibara, Kunihiko Yuyama","Rica Matsumoto, Ikue Otani, Mayumi Izuka, Satomi Korogi, Yuji Ueda",0,26654184,98,6.7,566,3.5703,ja,JP,False,False,OMDb request failed: 401 Client Error: Unauthorized for url: https://www.omdbapi.com/?i=tt8856470&plot=short&apikey=f87d98bd,0.0,1,2019,7,3,1,0.0,26.654184,26.654184,6.340359303727752,1.519578848265764,5,1,1,1,0,1,0,1,2.8539907227990273,1
400157,tt6428676,Wonder Park,Wonder Park,"A young girl named June with a big imagination makes an incredible discovery -- the amusement park of her dreams has come to life. Filled with the world's wildest rides operated by fun-loving animals, the excitement never ends. But when trouble hits, June and her misfit team of furry friends begin an unforgettable journey to save the park.",2019-03-13,Released,"Adventure, Animation, Comedy, Family, Fantasy","animals, amusement park, wonder, imagination",Dylan Brown,"Brianna Denski, Norbert Leo Butz, Ken Hudson Campbell, Mila Kunis, John Oliver",100000000,119559110,86,6.556,751,3.482,en,ES,False,False,OMDb request failed: 401 Client Error: Unauthorized for url: https://www.omdbapi.com/?i=tt6428676&plot=short&apikey=f87d98bd,1.1955911,1,2019,3,1,0,100.0,119.55911,19.55911,6.62273632394984,1.5000693753787353,5,1,1,1,0,1,1,0,3.395436849899286,1
486589,tt4429160,Red Shoes and the Seven Dwarfs,레드슈즈,"Princes who have been turned into Dwarfs seek the red shoes of a lady in order to break the spell, although it will not be easy.",2019-07-25,Released,"Adventure, Animation, Comedy, Family, Fantasy, Romance","shoe, calm, candid, red shoes, casual, animation, didactic, whimsical, admiring, amused",Hong Sung-ho,"Ahn So-yi, Shin Yong-woo, Jun Jin-ah, Jeong Jae-heon, Choi Han",20000000,10054356,92,7.689,1135,3.2639,ko,KR,False,False,OMDb request failed: 401 Client Error: Unauthorized for url: https://www.omdbapi.com/?i=tt4429160&plot=short&apikey=f87d98bd,0.5027178,1,2019,7,3,1,20.0,10.054356,-9.945644,7.035268599281097,1.4501842344309388,6,1,1,1,0,1,1,0,3.4212909350568053,1
566451,tt10112232,Re:ZERO -Starting Life in Another World- The Frozen Bond,Re:ゼロから始める異世界生活 氷結の絆,"A prequel story set seven years before the beginning of the Re:ZERO series. Emilia lives in a secluded forest covered in snow with the spirit Puck. The forest holds a secret: the elves who once lived there have been frozen into ice. Emilia is feared by the people living on the outskirts of the forest, but makes a humble living selling magic stones and warding off Magic Beasts. One day, however, her peaceful life is disrupted when the Great Spirit of Fire Melakuera decides to lay his judgment upon her.",2019-11-08,Released,"Animation, Drama, Fantasy","elves, magic, winter, forest, prequel, snow, anime, suspense, based on light novel, sympathetic","Masaharu Watanabe, Kenichi Kawamura","Rie Takahashi, Yumi Uchiyama, Yusuke Kobayashi, Inori Minase, Satomi Arai",0,2300000,76,7.328,203,3.2596,ja,JP,False,False,OMDb request failed: 401 Client Error: Unauthorized for url: https://www.omdbapi.com/?i=tt10112232&plot=short&apikey=f87d98bd,0.0,1,2019,11,4,1,0.0,2.3,2.3,5.318119993844216,1.4491752591590916,3,1,0,0,1,1,0,0,2.8470942879504966,1
537061,tt10515852,Steven Universe: The Movie,Steven Universe: The Movie,"Two years after bringing peace to the galaxy, Steven Universe sees his past come back to haunt him in the form of a deranged Gem who wants to destroy the Earth.",2019-10-07,Released,"Adventure, Animation, Family, Fantasy, TV Movie","musical, memory loss, abandonment, vengeance, abandonment issues",Rebecca Sugar,"Zach Callison, Deedee Magno Hall, Estelle, Michaela Dietz, Sarah Stiles",0,0,83,8.175,851,3.2343,en,US,False,False,OMDb request failed: 401 Client Error: Unauthorized for url: https://www.omdbapi.com/?i=tt10515852&plot=short&apikey=f87d98bd,0.0,1,2019,10,4,0,0.0,0.0,0.0,6.747586526829315,1.443218025186045,5,1,1,1,0,1,0,0,3.272370682802304,1
596302,tt10208548,Crayon Shin-chan: Honeymoon Hurricane ~The Lost Hiroshi~,クレヨンしんちゃん 新婚旅行ハリケーン～失われたひろし～,"Hiroshi and Misae have never been to a honeymoon trip to a foreign country. One day, Misae discovered an inexpensive and family-friendly holiday package to Australia and the Nohara family decided to make it their first honeymoon vacation.  Hiroshi gets kidnapped upon arrival to Australia, leaving Shinnosuke, Misae and others on a dangerous journey. It turns out that Hiroshi is the key to a secret treasure. The remaining members of the Nohara Family must rescue Hiroshi, while a mysterious masked man and treasure hunters from all over the world are after him. The struggle is among three different groups in this action-filled treasure hunting adventure.",2019-04-19,Released,"Adventure, Animation, Family",anime,Masakazu Hashimoto,"Yumiko Kobayashi, Miki Narahashi, Toshiyuki Morikawa, Satomi Korogi, Mari Mashiba",0,18321683,100,7.08,50,3.2214,ja,JP,False,False,OMDb request failed: 401 Client Error: Unauthorized for url: https://www.omdbapi.com/?i=tt10208548&plot=short&apikey=f87d98bd,0.0,1,2019,4,2,0,0.0,18.321683,18.321683,3.9318256327243257,1.4401668265843803,3,1,1,1,0,0,0,0,2.575798868896306,0
585077,tt9850064,Children of the Sea,海獣の子供,"Ruka is a young girl whose parents are separated and whose father works in an aquarium. When two boys, Umi and Sora, who were raised in the sea by dugongs, are brought to the aquarium, Ruka feels drawn to them and begins to realize that she has the same sort of supernatural connection to the ocean that they do. Umi and Sora's special power seems to be connected to strange events that have been occurring more and more frequently, such as the appearance of sea creatures far from their home territory and the disappearance of aquarium animals around the world. However, the exact nature of the boys' power and of the abnormal events is unknown, and Ruka gets drawn into investigating the mystery that surrounds her new friends.",2019-06-07,Released,"Adventure, Animation, Fantasy, Mystery","friendship, aquarium, philosophy, supernatural, based on manga, seinen, anime",Ayumu Watanabe,"Mana Ashida, Hiiro Ishibashi, Seishu Uragami, Win Morisaki, Goro Inagaki",0,0,111,7.082,341,3.2053,ja,CN,False,False,OMDb request failed: 401 Client Error: Unauthorized for url: https://www.omdbapi.com/?i=tt9850064&plot=short&apikey=f87d98bd,0.0,1,2019,6,2,1,0.0,0.0,0.0,5.834810737062605,1.4363456345186005,4,1,1,0,0,1,0,0,2.861173455737181,1
567006,tt10253816,Kabaneri of the Iron Fortress: The Battle of Unato,甲鉄城のカバネリ 海門決戦,"In the midst of an industrial revolution, the people of Hinomoto fight hordes of undead creatures, known as Kabane, using powerful armored trains. Half a year after the events of the original TV series, the heroes of the Iron Fortress attempt to take back Unato Castle.",2019-05-10,Released,"Action, Animation, Drama, Science Fiction","samurai, post-apocalyptic future, sequel, survival, steampunk, zombie, train, zombification, zombie apocalypse, epic battle",Tetsuro Araki,"Tasuku Hatanaka, Sayaka Senbongi, Maaya Uchida, Toshiki Masuda, Kanae Oki",0,0,82,7.1,94,3.1859,ja,JP,False,False,OMDb request failed: 401 Client Error: Unauthorized for url: https://www.omdbapi.com/?i=tt10253816&plot=short&apikey=f87d98bd,0.0,1,2019,5,2,0,0.0,0.0,0.0,4.553876891600541,1.4317217345841338,4,1,0,0,1,0,0,1,2.672839793927701,0
573699,tt9288776,White Snake,白蛇：缘起,"One day a young woman named Blanca is saved by Xuan, a snake catcher from a nearby village. As they set off an a journey to discover her real identity, the pair develop feelings for each other.",2019-01-11,Released,"Animation, Fantasy, Romance","assassin, china, emperor, love, dragon, poverty, ancient, 3d animation, donghua, cartoon snake","Amp Wong, Zhao Ji","Zhang Zhe, Yang Tianxiang, Tang Xiaoxi, Liu Ziling, Zhang Yaohan",11936735,62098770,99,7.692,553,3.181,zh,CN,False,False,OMDb request failed: 401 Client Error: Unauthorized for url: https://www.omdbapi.com/?i=tt9288776&plot=short&apikey=f87d98bd,5.202324588758986,1,2019,1,1,0,11.936735,62.09877,50.162035,6.317164686747284,1.430550452374428,3,1,0,0,0,1,0,0,5.4262033358098005,1
553835,tt9526152,Is It Wrong to Try to Pick Up Girls in a Dungeon?: Arrow of the Orion,劇場版 ダンジョンに出会いを求めるのは間違っているだろうか -オリオンの矢-,"The goddess Artemis has sworn to destroy a powerful monster lurking in a distant, ancient city, and she needs Bell’s help to do it. But there is more to Artemis’ quest than meets the eye, and victory will not come easily for Bell and all his friends!",2019-02-15,Released,"Action, Adventure, Animation, Comedy, Fantasy, Romance","monster, magic, mythology, harem, greek mythology, god, dungeon, adventurer, norse mythology, shounen",Katsushi Sakurabi,"Yoshitsugu Matsuoka, Inori Minase, Maaya Sakamoto, Saori Onishi, Maaya Uchida",0,338632,82,7.685,286,3.1404,ja,JP,False,False,OMDb request failed: 401 Client Error: Unauthorized for url: https://www.omdbapi.com/?i=tt9526152&plot=short&apikey=f87d98bd,0.0,1,2019,2,1,0,0.0,0.338632,0.338632,5.659482215759621,1.420792401527458,6,1,1,0,0,1,1,1,2.983291192593062,1
553837,tt6344664,Code Geass: Lelouch of the Re;surrection,コードギアス 復活のルルーシュ,"The story takes place several years after Lelouch's ""Zero Requiem"" plan. He gave up his life to save the world and protect the ones he loved. The day Lelouch vi Brittannia fell was the day this war-torn world found peace. Now, as his friends work to keep the peace, a terrorist attack could risk everything. Can the brilliant tactician outwit death and save them all? Or will Lelouch’s legacy fall here?",2019-02-09,Released,"Animation, Crime, Mystery, Science Fiction, War","sequel, mecha, giant robot, piloted robot, military, anime",Goro Taniguchi,"Jun Fukuyama, Yukana, Takahiro Sakurai, Ayumu Murase, Nobunaga Shimazaki",0,9982083,112,7.2,120,3.0279,ja,JP,False,False,OMDb request failed: 401 Client Error: Unauthorized for url: https://www.omdbapi.com/?i=tt6344664&plot=short&apikey=f87d98bd,0.0,1,2019,2,1,0,0.0,9.982083,9.982083,4.795790545596741,1.3932451483316557,5,1,0,0,0,0,0,0,2.7283553540892593,0
540141,tt8161914,City Hunter: Shinjuku Private Eyes,劇場版シティーハンター ＜新宿プライベート・アイズ＞,"Ryo Saeba works the streets of Tokyo as the City Hunter. He's a ""sweeper"" and with his sidekick Kaori Makimura, he keeps the city clean. People hire the City Hunter to solve their dangerous problems, which he does with a Colt Python. When Ryo's not working on a case, he's working on getting the ladies, and Kaori must keep him in check with her trusty 10 kg hammer.",2019-02-08,Released,"Action, Animation, Comedy, Crime, Mystery","based on manga, shounen, anime",Kenji Kodama,"Akira Kamiya, Kazue Ikura, Marie Iitoyo, Koichi Yamadera, Yoko Asagami",0,11962753,95,6.398,88,2.9962,ja,JP,False,False,OMDb request failed: 401 Client Error: Unauthorized for url: https://www.omdbapi.com/?i=tt8161914&plot=short&apikey=f87d98bd,0.0,1,2019,2,1,0,0.0,11.962753,11.962753,4.48863636973214,1.385343909583895,5,1,0,0,0,0,1,1,2.480597041897405,0
454458,tt1946502,UglyDolls,UglyDolls,"In the adorably different town of Uglyville, weirdness is celebrated, strangeness is special and beauty is embraced as more than meets the eye. After traveling to the other side of a mountain, Moxy and her UglyDoll friends discover Perfection -- a town where more conventional dolls receive training before entering the real world to find the love of a child.",2019-05-01,Released,"Animation, Comedy, Family, Music","musical, based on toy, self image, imperfection",Kelly Asbury,"Kelly Clarkson, Janelle Monáe, Blake Shelton, Wanda Sykes, Gabriel Iglesias",45000000,32500000,88,6.641,468,2.9568,en,CA,False,False,OMDb request failed: 401 Client Error: Unauthorized for url: https://www.omdbapi.com/?i=tt1946502&plot=short&apikey=f87d98bd,0.7222222222222222,1,2019,5,2,0,45.0,32.5,-12.5,6.150602768446279,1.3754356177850147,4,1,0,1,0,0,1,0,3.114155757934694,1
594188,tt9760504,NiNoKuni,二ノ国,"Adapted from the video game series of the same name, NiNoKuni follows high school peers Yuu and Haru who must travel between two separate yet parallel worlds to help save their childhood friend, Kotona, whose life is in danger. In this magical quest complicated by love, the three teens will be tasked with making the ultimate choice.",2019-08-23,Released,"Action, Adventure, Animation, Family, Fantasy, Romance","princess, friendship, magic, kingdom, despair, wheelchair, wheelchair user   , love, friends, unrequited love",Yoshiyuki Momose,"Kento Yamazaki, Mackenyu, Mei Nagano, Koichi Yamadera, Yuki Kaji",0,2858846,106,6.587,271,2.8494,ja,JP,False,False,OMDb request failed: 401 Client Error: Unauthorized for url: https://www.omdbapi.com/?i=tt9760504&plot=short&apikey=f87d98bd,0.0,1,2019,8,3,0,0.0,2.858846,2.858846,5.605802066295998,1.3479172919988864,6,1,1,1,0,1,0,1,2.6898079037442324,0
458253,tt6348138,Missing Link,Missing Link,"The charismatic Sir Lionel Frost considers himself to be the world's foremost investigator of myths and monsters. Trouble is, none of his small-minded, high-society peers seems to recognize this. Hoping to finally gain acceptance from these fellow adventurers, Sir Lionel travels to the Pacific Northwest to prove the existence of a legendary creature known as the missing link.",2019-04-04,Released,"Action, Adventure, Animation, Comedy, Family","himalaya mountain range, bigfoot, yeti, stop motion, cryptozoology, loch ness monster, shangri la, 19th century, sasquatch, amused",Chris Butler,"Hugh Jackman, Zoe Saldaña, Zach Galifianakis, Stephen Fry, Timothy Olyphant",100000000,26565710,94,6.916,925,2.7757,en,US,False,False,OMDb request failed: 401 Client Error: Unauthorized for url: https://www.omdbapi.com/?i=tt6348138&plot=short&apikey=f87d98bd,0.2656571,1,2019,4,2,0,100.0,26.56571,-73.43429,6.8308742346461795,1.3285857959744607,5,1,1,1,0,0,1,1,3.072464699593096,1
553839,tt9507276,Saga of Tanya the Evil: The Movie,劇場版 幼女戦記,"The time is UC 1926. The Imperial Army's 203rd Air Mage Battalion led by Major Tanya Degurechaff has won the battle to the south against the Republic's stragglers. They expected to be given a vacation after returning victorious, but instead receive special orders from Staff HQ as soon as they get home. They are told that there were signs of a large-scale deployment near the Empire-Federation border. Faced with the prospect of a new major enemy, the desperate Empire fans the flame of war. Meanwhile, an international volunteer army spearheaded by the Commonwealth set foot in Federation territory. As they say, the enemy of an enemy is your friend. They suffer through misfortune purely out of national interest, and among them is a young girl. She is Warrant Officer Mary Sue, and she takes up arms hoping to bring the Empire, who killed her father, to justice.",2019-02-08,Released,"Action, Animation, Fantasy, War","magic, sequel, revenge, political intrigue , military, anime, another world, isekai, war, based on light novel",Yutaka Uemura,"Aoi Yuuki, Saori Hayami, Shin-ichiro Miki, Tessyo Genda, Hochu Otsuka",0,288460,98,8.025,198,2.7249,ja,JP,False,False,OMDb request failed: 401 Client Error: Unauthorized for url: https://www.omdbapi.com/?i=tt9507276&plot=short&apikey=f87d98bd,0.0,1,2019,2,1,0,0.0,0.28846,0.28846,5.293304824724492,1.3150400058335883,4,1,0,0,0,1,0,1,2.997501724583712,1
581997,tt9775360,Batman vs Teenage Mutant Ninja Turtles,Batman vs Teenage Mutant Ninja Turtles,"Batman, Batgirl, and Robin forge an alliance with the Teenage Mutant Ninja Turtles to fight against the Turtles' sworn enemy, The Shredder, who has apparently teamed up with Ra's Al Ghul and The League of Assassins.",2019-03-31,Released,"Action, Adventure, Animation, Comedy, Crime, Science Fiction","cartoon, based on comic, aftercreditsstinger",Jake Castorena,"Troy Baker, Eric Bauza, Darren Criss, Kyle Mooney, Baron Vaughn",0,0,87,7.147,551,2.6277,en,US,False,False,OMDb request failed: 401 Client Error: Unauthorized for url: https://www.omdbapi.com/?i=tt9775360&plot=short&apikey=f87d98bd,0.0,1,2019,3,1,0,0.0,0.0,0.0,6.313548046277095,1.288598838646437,6,1,1,0,0,0,1,1,2.92707203273853,1
526426,tt10068158,Made in Abyss: Journey's Dawn,劇場版総集編【前編】メイドインアビス 旅立ちの夜明け,"First compilation movie of the TV series which covers episodes 1-8 with new scenes added for the introduction. It covers the period from when Riko descends into the Abyss with her robot companion Reg, reaching the second layer where they meet the White Whistle Ozen who reveals information about Riko's mother.",2019-01-04,Released,"Adventure, Animation, Fantasy, Mystery, Science Fiction","child abuse, immortality, underground, exploration, survival, tragedy, compilation, based on manga, robot, mature",Masayuki Kojima,"Miyu Tomita, Mariya Ise, Taishi Murata, Mutsumi Tamura, Manami Numakura",0,135821,119,7.574,81,2.5509,ja,JP,False,False,OMDb request failed: 401 Client Error: Unauthorized for url: https://www.omdbapi.com/?i=tt10068158&plot=short&apikey=f87d98bd,0.0,1,2019,1,1,0,0.0,0.135821,0.135821,4.406719247264253,1.2672010924830346,5,1,1,0,0,1,0,0,2.744588050962093,0
422803,tt6193408,A Shaun the Sheep Movie: Farmageddon,A Shaun the Sheep Movie: Farmageddon,"When an alien with amazing powers crash-lands near Mossy Bottom Farm, Shaun the Sheep goes on a mission to shepherd the intergalactic visitor home before a sinister organization can capture her.",2019-09-26,Released,"Adventure, Animation, Comedy, Family, Science Fiction","sheep, sequel, stop motion, aftercreditsstinger, claymation, sheep farm, plasticine","Will Becher, Richard Phelan","Justin Fletcher, John Sparkes, Amalia Vitale, Kate Harbour, David Holt",0,43133089,87,6.907,588,2.5065,en,FR,False,False,OMDb request failed: 401 Client Error: Unauthorized for url: https://www.omdbapi.com/?i=tt6193408&plot=short&apikey=f87d98bd,0.0,1,2019,9,3,0,0.0,43.133089,43.133089,6.3784261836515865,1.2546183889948281,5,1,1,1,0,0,1,0,2.871706685896962,1
537056,tt8752440,Batman: Hush,Batman: Hush,"A mysterious new villain known only as Hush uses a gallery of villains to destroy Batman's crime-fighting career as well as Bruce Wayne's personal life, which has been further complicated by a relationship with Selina Kyle/Catwoman.",2019-07-19,Released,"Action, Animation, Crime, Mystery","superhero, cartoon, based on comic, adult animation",Justin Copeland,"Jason O'Mara, Jennifer Morrison, Maury Sterling, Sean Maher, Geoffrey Arend",0,0,82,7.164,958,2.5008,en,US,False,False,OMDb request failed: 401 Client Error: Unauthorized for url: https://www.omdbapi.com/?i=tt8752440&plot=short&apikey=f87d98bd,0.0,1,2019,7,3,1,0.0,0.0,0.0,6.8658910748834385,1.2529915138054704,4,1,0,0,0,0,0,1,3.008832388303336,1
604605,tt9418812,Hello World,HELLO WORLD,"A shy high schooler in Kyoto meets a man claiming to be his future self, who tells him he’s hacked into the past to save their first love.",2019-09-20,Released,"Animation, Drama, Romance, Science Fiction","japan, video game, rehabilitation, time travel, futuristic, anime, virtual world, antagonistic, enchant",Tomohiko Ito,"Takumi Kitamura, Tori Matsuzaka, Minami Hamabe, Haruka Fukuhara, Minako Kotobuki",0,0,98,7.3,402,2.4872,ja,JP,False,False,OMDb request failed: 401 Client Error: Unauthorized for url: https://www.omdbapi.com/?i=tt9418812&plot=short&apikey=f87d98bd,0.0,1,2019,9,3,0,0.0,0.0,0.0,5.998936561946683,1.2490991219420458,4,1,0,0,1,0,0,0,2.912205352583309,1
556901,tt10548944,Teen Titans Go! vs. Teen Titans,Teen Titans Go! vs. Teen Titans,"The comedic modern-day quintet takes on their 2003 counterparts when villains from each of their worlds join forces to pit the two Titan teams against each other. They'll need to set aside their differences and work together to combat Trigon, Hexagon, Santa Claus (that's right, Santa!) and time itself in order to save the multiverse.",2019-07-21,Released,"Action, Animation, Comedy, Family, Fantasy, Science Fiction","hero, superhero, superhero team, absurd",Jeff Mednikow,"Greg Cipes, Scott Menville, Khary Payton, Tara Strong, Hynden Walch",0,0,77,7.527,517,2.376,en,US,False,False,OMDb request failed: 401 Client Error: Unauthorized for url: https://www.omdbapi.com/?i=tt10548944&plot=short&apikey=f87d98bd,0.0,1,2019,7,3,1,0.0,0.0,0.0,6.249975242259483,1.2166915767337108,6,1,0,1,0,1,1,1,3.001750022848979,1
570269,tt9826484,Trinity Seven: Heaven's Library & Crimson Lord,劇場版 トリニティセブン -天空図書館と真紅の魔王-,"The series focuses on the adventures of Arata Kasuga, a high school student, who is targeted by Lilith, a teacher at a mystical school. Given three choices in an effort to help save the breakdown phenomenon of the world by evil forces and while attempting to solve the mystery of his beloved cousin and childhood friend, Hijiri, who disappeared to a difference space.",2019-03-29,Released,"Action, Animation, Comedy, Fantasy","magic, harem, sword fight, end of the world, dragon, parallel world, ecchi, shounen, anime",Hiroshi Nishikiori,"Aya Uchida, Ayane Sakura, Yumi Hara, Ryoka Yuzuki, Yoshitsugu Matsuoka",0,15712,63,7.6,61,2.2966,ja,JP,False,False,OMDb request failed: 401 Client Error: Unauthorized for url: https://www.omdbapi.com/?i=tt9826484&plot=short&apikey=f87d98bd,0.0,1,2019,3,1,0,0.0,0.015712,0.015712,4.127134385045092,1.1928916343151186,4,1,0,0,0,1,1,1,2.6980039029040315,0
568012,tt9430698,One Piece: Stampede,ONE PIECE STAMPEDE,"The world's boldest buccaneers set sail for the great Pirate Festival, where the Straw Hats join a mad-dash race to find Gol D. Roger's treasure. There's just one little problem: An old member of Roger's crew has a sinister score to settle.",2019-01-03,Released,"Action, Adventure, Animation, Fantasy","pirate, super power, shounen, anime, adventure",Takashi Otsuka,"Mayumi Tanaka, Kazuya Nakai, Akemi Okamura, Kappei Yamaguchi, Hiroaki Hirata",0,81562741,101,7.78,645,2.2804,ja,JP,False,False,OMDb request failed: 401 Client Error: Unauthorized for url: https://www.omdbapi.com/?i=tt9430698&plot=short&apikey=f87d98bd,0.0,1,2019,1,1,0,0.0,81.562741,81.562741,6.470799503782602,1.187965366180119,4,1,1,0,0,1,0,1,3.093814730494408,1
510242,tt10443844,Psycho-Pass: Sinners of the System - Case.1 Crime and Punishment,PSYCHO-PASS サイコパス Sinners of the System Case.1「罪と罰」,"In the winter of 2117, a runaway vehicle crashes into the Public Safety Bureau Building. The driver is identified as Izumi Yasaka, a psychological counselor at the Sanctuary, a Latent Criminal Isolation Facility in Aomori Prefecture. But right before her interrogation, Inspector Mika Shimotsuki and Enforcer Nobuchika Ginoza are tasked with promptly escorting Yasaka back to Aomori. What awaits them there is a False Paradise.",2019-01-25,Released,"Animation, Crime, Science Fiction","guerrilla warfare, police, detective, dystopia, conspiracy, cyberpunk, criminal, ethical dilemma, seinen, anime",Naoyoshi Shiotani,"Kenji Nojima, Tomokazu Seki, Kana Hanazawa, Ayane Sakura, Kinryu Arimoto",0,0,60,6.6,102,2.2272,ja,JP,False,False,OMDb request failed: 401 Client Error: Unauthorized for url: https://www.omdbapi.com/?i=tt10443844&plot=short&apikey=f87d98bd,0.0,1,2019,1,1,0,0.0,0.0,0.0,4.634728988229636,1.1716148882178101,3,1,0,0,0,0,0,0,2.520951581467117,0
526429,tt10068544,Made in Abyss: Wandering Twilight,劇場版総集編【後編】メイドインアビス 放浪する黄昏,Second compilation movie of the TV series which covers episodes 9-13. Riko and Reg descend to the third and fourth layer where Riko has her first experience of the Curse.,2019-01-18,Released,"Adventure, Animation, Fantasy, Mystery, Science Fiction","child abuse, immortality, underground, exploration, survival, tragedy, compilation, based on manga, robot, mature",Masayuki Kojima,"Miyu Tomita, Mariya Ise, Shiori Izawa, Eri Kitamura, Sayaka Ohara",0,0,105,8.315,138,2.2053,ja,JP,False,False,OMDb request failed: 401 Client Error: Unauthorized for url: https://www.omdbapi.com/?i=tt10068544&plot=short&apikey=f87d98bd,0.0,1,2019,1,1,0,0.0,0.0,0.0,4.9344739331306915,1.164805689736226,5,1,1,0,0,1,0,0,2.9936419434300374,1
608085,tt11469408,Seven Days War,ぼくらの7日間戦争,"In the town of Saima, when summer is about to begin, a group of six high school students intend to live a secret adventure by spending seven carefree days in a ruined mining facility.",2019-12-13,Released,"Action, Animation, Drama","illegal immigration, coming of age, remake, high school friends, anime, mining company, japanese high school, father daughter relationship",Yuta Murano,"Kyoko Yoshine, Takumi Kitamura, Haruka Michii, Makoto Koichi, Megumi Han",0,0,89,6.44,84,2.1927,ja,JP,False,False,OMDb request failed: 401 Client Error: Unauthorized for url: https://www.omdbapi.com/?i=tt11469408&plot=short&apikey=f87d98bd,0.0,1,2019,12,4,1,0.0,0.0,0.0,4.442651256490317,1.160866953790831,3,1,0,0,1,0,0,1,2.4505277315421723,0
528225,tt7089882,Sound! Euphonium the Movie – Our Promise: A Brand New Day,劇場版 響け！ユーフォニアム～誓いのフィナーレ～,"The next piece begins! Kumiko is now in her second year at Kitauji High School, and with a new year comes new problems. As if making it to Nationals wasn't hard enough, Kumiko is tasked with mentoring the concert band's troublesome first years – each with their own distinct personality and problems to solve. With Kumiko busy juggling both the concert band and her new role as senpai, how does her relationship with Shuuichi fit into the picture?",2019-04-19,Released,"Animation, Drama","high school, based on novel or book, competition, classical music, orchestra, sequel, coming of age, school, tournament, art",Tatsuya Ishihara,"Tomoyo Kurosawa, Chika Anzai, Ayaka Asai, Ayaka Nanase, Haruki Ishiya",0,2403030,100,7.098,51,2.1882,ja,JP,False,False,OMDb request failed: 401 Client Error: Unauthorized for url: https://www.omdbapi.com/?i=tt7089882&plot=short&apikey=f87d98bd,0.0,1,2019,4,2,0,0.0,2.40303,2.40303,3.9512437185814275,1.1594564942174093,2,1,0,0,1,0,0,0,2.5411050319198254,0
537059,tt8752474,Justice League vs. the Fatal Five,Justice League vs. the Fatal Five,"The Justice League faces a powerful new threat — the Fatal Five! Superman, Batman and Wonder Woman seek answers as the time-traveling trio of Mano, Persuader and Tharok terrorize Metropolis in search of budding Green Lantern, Jessica Cruz. With her unwilling help, they aim to free remaining Fatal Five members Emerald Empress and Validus to carry out their sinister plan. But the Justice League has also discovered an ally from another time in the peculiar Star Boy — brimming with volatile power, could he be the key to thwarting the Fatal Five? An epic battle against ultimate evil awaits!",2019-03-29,Released,"Action, Animation, Fantasy, Science Fiction","cartoon, time travel, superhero team, dramatic, excited, dc animated universe (dcau)",Sam Liu,"Elyes Gabel, Diane Guerrero, Kevin Conroy, Susan Eisenberg, George Newbern",0,0,77,6.762,383,2.1804,en,US,False,False,OMDb request failed: 401 Client Error: Unauthorized for url: https://www.omdbapi.com/?i=tt8752474&plot=short&apikey=f87d98bd,0.0,1,2019,3,1,0,0.0,0.0,0.0,5.950642552587727,1.1570069750451915,4,1,0,0,0,1,0,1,2.7566474291449374,0
592867,tt10127562,Dragon Quest: Your Story,ドラゴンクエスト ユア・ストーリー,Luca follows in his father's footsteps to rescue his mother from evil Ladja. Finding the heavenly hero who wields the Zenithian sword is his only hope.,2019-08-02,Released,"Action, Adventure, Animation, Comedy, Family, Fantasy","martial arts, video game, fight, magic, demon, based on video game, fantasy world, anime","Takashi Yamazaki, Ryuichi Yagi, Makoto Hanafusa","Takeru Satoh, Kasumi Arimura, Haru, Kentaro Sakaguchi, Takayuki Yamada",0,0,102,6.8,236,2.1164,ja,JP,False,False,OMDb request failed: 401 Client Error: Unauthorized for url: https://www.omdbapi.com/?i=tt10127562&plot=short&apikey=f87d98bd,0.0,1,2019,8,3,0,0.0,0.0,0.0,5.4680601411351315,1.136678489474566,6,1,1,1,0,1,1,1,2.6907107945914546,0
614587,tt10621032,Lupin III: The First,ルパン三世 THE FIRST,"The iconic ""gentleman thief"" Lupin III returns in an action-packed, continent-spanning adventure, as Lupin III and his colorful underworld companions race to uncover the secrets of the mysterious Bresson Diary, before it falls into the hands of a dark cabal that will stop at nothing to resurrect the Third Reich.",2019-12-06,Released,"Adventure, Animation, Comedy, Crime, Mystery","detective, thief, based on manga, gentleman thief, anime, 3d animation",Takashi Yamazaki,"Kanichi Kurita, Kiyoshi Kobayashi, Miyuki Sawashiro, Daisuke Namikawa, Koichi Yamadera",0,7334393,93,7.3,313,2.0644,ja,JP,False,False,OMDb request failed: 401 Client Error: Unauthorized for url: https://www.omdbapi.com/?i=tt10621032&plot=short&apikey=f87d98bd,0.0,1,2019,12,4,1,0.0,7.334393,7.334393,5.749392985908253,1.1198517916605288,5,1,1,0,0,0,1,0,2.855386716635317,1
613200,tt10736726,The King's Avatar: For the Glory,全职高手之巅峰荣耀,"In this prequel to the animated series The King's Avatar, Ye Xiu enters into the pro gaming world of Glory, and competes in the first Pro League series tournament.",2019-08-16,Released,"Action, Animation, Drama","video game, donghua, based on web novel","Juansheng Shi, Zhiwei Deng","Ajie, Wen jingyuan, Zhang Zhe, Baomu Zhongyang, Shun Zi",0,11903801,98,6.4,73,2.0262,zh,CN,False,False,OMDb request failed: 401 Client Error: Unauthorized for url: https://www.omdbapi.com/?i=tt10736726&plot=short&apikey=f87d98bd,0.0,1,2019,8,3,0,0.0,11.903801,11.903801,4.30406509320417,1.1073077070353332,3,1,0,0,1,0,0,1,2.4117059200359257,0
487672,tt7167686,Reign of the Supermen,Reign of the Supermen,"In the wake of The Death of Superman, the world is still mourning the loss of the Man of Steel following his fatal battle with the monster Doomsday. However, no sooner as his body been laid to rest than do four new bearers of the Superman shield come forward to take on the mantle. The Last Son of Krypton, Superboy, Steel, and the Cyborg Superman all attempt to fill the vacuum left by the world's greatest champion. Meanwhile, Superman's death has also signaled to the universe that Earth is vulnerable. Can these new Supermen and the rest of the heroes prove them wrong?",2019-01-13,Released,"Action, Animation, Drama, Fantasy, Science Fiction","superhero, resurrection, based on comic, cloning, legacy, супермен, dc animated movie universe (dcamu)","Sam Liu, Jake Castorena","Jerry O'Connell, Rebecca Romijn, Rainn Wilson, Cress Williams, Cameron Monaghan",0,0,87,7.025,692,2.0087,en,US,False,False,OMDb request failed: 401 Client Error: Unauthorized for url: https://www.omdbapi.com/?i=tt7167686&plot=short&apikey=f87d98bd,0.0,1,2019,1,1,0,0.0,0.0,0.0,6.541029999189903,1.1015080917801352,5,1,0,0,1,1,0,1,2.9026307136455056,1
390634,tt8091892,Fate/stay night: Heaven's Feel II. Lost Butterfly,劇場版「Fate/stay night [Heaven’s Feel]」Ⅱ.lost butterfly,"Shirou has lost his Servant, Saber, and is no longer a Master in the Holy Grail War. Despite this, he refuses to leave the battle, determined to protect Sakura. Meanwhile, a mysterious shadow engulfs the city, killing Masters and Servants one by one. As Shirou faces new dangers, Sakura is drawn deeper into her own destiny as a mage.",2019-01-12,Released,"Action, Animation, Drama, Fantasy, Romance","japan, fight, magic, supernatural, sequel, alternate version, based on video game, adult animation, anime, based on visual novel",Tomonori Sudo,"Noriaki Sugiyama, Noriko Shitaya, Hiroshi Kamiya, Ayako Kawasumi, Kana Ueda",0,19790000,117,7.0,262,1.9987,ja,JP,False,False,OMDb request failed: 401 Client Error: Unauthorized for url: https://www.omdbapi.com/?i=tt8091892&plot=short&apikey=f87d98bd,0.0,1,2019,1,1,0,0.0,19.79,19.79,5.572154032177765,1.098178861418755,5,1,0,0,1,1,0,1,2.750549934039478,0
630027,tt11343974,Fragtime,フラグタイム,"Misuzu Moritani is an introvert who has always had difficulty interacting with her classmates, quickly becoming flustered whenever someone tries to talk to her. Sometimes, she will use her ability to stop time for three minutes to escape troublesome social situations.  One day, as Misuzu watches the suspended environment around her, she observes that her classmate, Haruka Murakami, is somehow able to move despite her temporal influence. From that moment on, Misuzu experiences new wonders as she explores more of the world she has long avoided; no matter where time may take her, Misuzu can count on Haruka to always be at her side.",2019-11-22,Released,"Animation, Comedy, Romance, Science Fiction","slice of life, lesbian relationship, school, female protagonist, based on manga, shoujo-ai, anime, yuri, school girl love, original video animation (ova)",Takuya Sato,"Miku Ito, Yume Miyamoto, Chika Anzai, Miyuri Shimabukuro, Miho Hayashi",0,0,61,6.18,50,1.97,ja,JP,False,False,OMDb request failed: 401 Client Error: Unauthorized for url: https://www.omdbapi.com/?i=tt11343974&plot=short&apikey=f87d98bd,0.0,1,2019,11,4,1,0.0,0.0,0.0,3.9318256327243257,1.0885619528146082,4,1,0,0,0,0,1,0,2.29805813783084,0
561974,tt7659018,Dino King: Journey to Fire Mountain,점박이 한반도의 공룡 2: 새로운 낙원,"Speckles, a ferocious tarbosaurus and his young son junior, mourning the loss of their family in an epic battle, roam the lands in search of food, adventure and peace. Under the watchful eye of his dad, Junior is growing up healthy and strong, but with an overconfidence thanks to his young age. After one encounter results in Junior being kidnapped, Speckles embarks on an adventure to the ends of earth to find his son. Encountering friend and foe, ally and enemy, Speckles will stop at nothing and will take on all corners to save his offspring.",2019-12-25,Released,"Adventure, Animation","dinosaur, mesozoic, tarbosaurus",Han Sang-ho,"Park Hee-soon, Ra Mi-ran, Kim Sung-kyun, Kim Eung-soo, Park Jung-geum",0,0,90,7.816,125,1.9591,ko,KR,False,False,OMDb request failed: 401 Client Error: Unauthorized for url: https://www.omdbapi.com/?i=tt7659018&plot=short&apikey=f87d98bd,0.0,1,2019,12,4,1,0.0,0.0,0.0,4.836281906951478,1.084885168048109,2,1,1,0,0,0,0,0,2.842175061249938,1
573683,tt9563632,The Wonderland,バースデー・ワンダーランド,"The story follows Akane, a girl with no self-confidence. On the day before her birthday, she meets a mysterious alchemist, Hippocrates, and his student, Pipo, who both tell her they're on a mission to save the world. Together, they set out from the basement for ""Wonderland,"" and Akane finds herself labelled Wonderland's savior.",2019-04-26,Released,"Animation, Family, Fantasy","based on novel or book, magic, coming of age, parallel world, environmental, journey, alchemist, anime, isekai",Keiichi Hara,"Mayu Matsuoka, Anne Watanabe, Kumiko Aso, Nao Toyama, Keiji Fujiwara",0,0,115,6.418,97,1.9125,ja,JP,False,False,OMDb request failed: 401 Client Error: Unauthorized for url: https://www.omdbapi.com/?i=tt9563632&plot=short&apikey=f87d98bd,0.0,1,2019,4,2,0,0.0,0.0,0.0,4.584967478670572,1.069011818891819,3,1,0,1,0,1,0,0,2.452596894634359,0
615774,tt10622136,Scooby-Doo! Return to Zombie Island,Scooby-Doo! Return to Zombie Island,"Scooby-Doo and his pals win an all-expense paid vacation and embark on a trip of a lifetime to a tropical paradise. Their destination however, turns out to be Zombie Island. As soon as they arrive, they realize the place looks strangely familiar and is reminiscent of a trip they took years ago, in which they became wrapped up in a mystery involving zombies. The gang soon learns that their trip to paradise comes with a price when the zombies re-emerge and attack their hotel. Will Scooby-Doo and the Mystery Inc. gang finally solve the mystery behind Zombie Island?",2019-09-03,Released,"Adventure, Animation, Comedy, Family, Fantasy, Horror, Mystery","cartoon, talking dog, zombie, cartoon dog","Cecilia Aranovich, Ethan Spaulding","Frank Welker, Grey DeLisle, Matthew Lillard, Kate Micucci, David Herman",0,0,80,6.981,959,1.8691,en,US,False,False,OMDb request failed: 401 Client Error: Unauthorized for url: https://www.omdbapi.com/?i=tt10622136&plot=short&apikey=f87d98bd,0.0,1,2019,9,3,0,0.0,0.0,0.0,6.866933284461882,1.0539983917420903,7,1,1,1,0,1,1,0,2.933389751430596,1
602307,tt10327712,LEGO DC Batman: Family Matters,LEGO DC Batman: Family Matters,"Suspicion is on high after Batman, Batgirl, Robin and other DC superheroes receive mysterious invitations. However, family values must remain strong when Batman and his team encounter the villainous Red Hood, who is obsessed with destroying the Bat-family and all of Gotham City.",2019-07-21,Released,"Action, Animation, Comedy, Family",lego,Matt Peters,"Troy Baker, Jason Spisak, Will Friedle, Tara Strong, Alyson Stoner",0,0,72,6.668,164,1.8625,en,DK,False,False,OMDb request failed: 401 Client Error: Unauthorized for url: https://www.omdbapi.com/?i=tt10327712&plot=short&apikey=f87d98bd,0.0,1,2019,7,3,1,0.0,0.0,0.0,5.10594547390058,1.051695368880358,4,1,0,1,0,0,1,1,2.5906461264171408,0
509730,tt6563576,The Queen's Corgi,The Queen's Corgi,"Since his arrival at Buckingham palace, Rex lives a life of luxury. Top dog, he has superseded his three fellow Corgis in Her Majesty’s heart. His arrogance can be quite irritating. When he causes a diplomatic incident during an official dinner with the President of the United States, he falls into disgrace. Betrayed by one of his peers, Rex becomes a stray dog in the streets of London. How can he redeem himself? In love, he will find the resources to surpass himself in the face of great danger…",2019-02-13,Released,"Animation, Comedy, Family","london, england, self-discovery, palace, dog fighting, dog, united kingdom, burlesque, queen of england, journey, pets","Ben Stassen, Vincent Kesteloot","Rusty Shackleford, Jo Wyatt, Mari Devon, Dino Andrade, Joey Camen",0,35515687,85,5.914,444,1.8603,en,BE,False,False,OMDb request failed: 401 Client Error: Unauthorized for url: https://www.omdbapi.com/?i=tt6563576&plot=short&apikey=f87d98bd,0.0,1,2019,2,1,0,0.0,35.515687,35.515687,6.09807428216624,1.0509265144355495,3,1,0,1,0,0,1,0,2.5508501194902684,0
537055,tt8752498,Wonder Woman: Bloodlines,Wonder Woman: Bloodlines,"Witness the legendary origin of renowned Justice League member Wonder Woman as she fights for good with her sword and magic lasso. Equally strong in body, heart and will, she makes it her mission to help a troubled young girl enlisted by a deadly organization known as Villainy, Inc., whose criminal members have their sights set on invading Themyscira, Wonder Woman’s paradise home. The battle will be epic, because if there's one thing an Amazon knows, it’s war!",2019-10-04,Released,"Animation, Science Fiction","superhero, adult animation, dc animated movie universe (dcamu)","Justin Copeland, Sam Liu","Rosario Dawson, Jeffrey Donovan, Marie Avgeropoulos, Kimberly Brooks, Ray Chase",0,0,83,6.865,519,1.8536,en,US,False,False,OMDb request failed: 401 Client Error: Unauthorized for url: https://www.omdbapi.com/?i=tt8752498&plot=short&apikey=f87d98bd,0.0,1,2019,10,4,0,0.0,0.0,0.0,6.253828811575473,1.0485813550625447,2,1,0,0,0,0,0,0,2.8116115249957025,1
416153,tt4426464,Arctic Dogs,Arctic Dogs,Animals band together to save the day when the evil Otto Von Walrus hatches a sinister scheme to accelerate global warming and melt the Arctic Circle.,2019-11-01,Released,"Adventure, Animation, Comedy",,"Aaron Woodley, Dimos Vrysellas","James Franco, Jeremy Renner, Alec Baldwin, Anjelica Huston, Michael Madsen",0,11285154,92,6.054,140,1.7555,en,CA,False,False,OMDb request failed: 401 Client Error: Unauthorized for url: https://www.omdbapi.com/?i=tt4426464&plot=short&apikey=f87d98bd,0.0,1,2019,11,4,1,0.0,11.285154,11.285154,4.948759890378168,1.013598914341153,3,1,1,0,0,0,1,0,2.4078538207078983,0
553833,tt9648078,The Relative Worlds,あした世界が終わるとしても,"Shin has shut his heart ever since his mother died when he was young. His childhood friend Kotori has been looking after him ever since. Now that they are in the third year of high school, and it seems like they can finally move forward, another Shin from another Japan has suddenly appeared in front of them.",2019-01-25,Released,"Action, Animation, Drama, Fantasy, Romance, Science Fiction","parallel world, anime",Yuhei Sakuragi,"Yuki Kaji, Yoshiki Nakajima, Maaya Uchida, Sayaka Senbongi, Aoi Yuuki",0,0,93,5.8,65,1.7203,ja,JP,False,False,OMDb request failed: 401 Client Error: Unauthorized for url: https://www.omdbapi.com/?i=tt9648078&plot=short&apikey=f87d98bd,0.0,1,2019,1,1,0,0.0,0.0,0.0,4.189654742026425,1.000742168343604,6,1,0,0,1,1,0,1,2.228559536555504,0
587870,tt9900060,Lupin the IIIrd: Fujiko's Lie,LUPIN THE IIIRD 峰不二子の嘘,"Fujiko Mine, the devastating femme fatale whose only loyalty is to her desire, befriends a young boy whose late father hid away a fortune.  A killer is on the boy's trail and it's up to Fujiko to stop him: but where do her interests really lie?",2019-05-31,Released,"Action, Animation, Crime, Drama","assassin, bodyguard, hypnosis, master thief, deception, femme fatale, based on manga, pursuit, hard boiled, hidden treasure",Takeshi Koike,"Kanichi Kurita, Kiyoshi Kobayashi, Miyuki Sawashiro, Mamoru Miyano, Tomoe Hanba",0,0,58,7.1,105,1.6906,ja,JP,False,False,OMDb request failed: 401 Client Error: Unauthorized for url: https://www.omdbapi.com/?i=tt9900060&plot=short&apikey=f87d98bd,0.0,1,2019,5,2,0,0.0,0.0,0.0,4.663439094112067,0.9897642170693055,4,1,0,0,1,0,0,1,2.6229804966772057,0
595172,tt9896916,The Pilgrim's Progress,The Pilgrim's Progress,"An epic journey, faithfully adapted to modern-day. Christian faces distractions, challenges, and perils at every turn of the way. But ends victorious, with helpful guides, as he stays on the narrow path to the distant Celestial City.",2019-04-18,Released,"Adventure, Animation",,Robert Fernandez,"David Thorpe, John Rhys-Davies, Kristyn Getty, Tristan Beint, Justin Butcher",0,0,108,7.6,95,1.6477,en,US,False,False,OMDb request failed: 401 Client Error: Unauthorized for url: https://www.omdbapi.com/?i=tt9896916&plot=short&apikey=f87d98bd,0.0,1,2019,4,2,0,0.0,0.0,0.0,4.564348191467836,0.9736913386052597,2,1,1,0,0,0,0,0,2.730705929510964,0
513302,tt7296782,Minuscule 2: Mandibles from Far Away,Minuscule 2 - Les Mandibules du bout du monde,"When the first snow falls in the valley, it is urgent to prepare its reserves for the winter. Alas, during the operation, a small ladybug is trapped in a box - to the Caribbean. One solution: reform the shock team.",2019-01-30,Released,"Adventure, Animation, Comedy, Family","exotic island, nature, ladybug, woman director","Hélène Giraud, Thomas Szabo","Bruno Salomone, Thierry Frémont, Stéphane Coulon, Jean Nanga, Sarah Cohen-Hadria",0,0,92,7.028,213,1.6413,fr,FR,False,False,OMDb request failed: 401 Client Error: Unauthorized for url: https://www.omdbapi.com/?i=tt7296782&plot=short&apikey=f87d98bd,0.0,1,2019,1,1,0,0.0,0.0,0.0,5.365976015021851,0.9712712201996183,4,1,1,1,0,0,1,0,2.7075870852832202,0
570480,tt6772524,Trouble,Trouble,A pampered dog named Trouble must learn to live in the real world while trying to escape from his former owner's greedy children and must learn how to survive on the big-city streets.,2019-08-08,Released,"Adventure, Animation, Comedy, Family, Music","squirrel, singer, dog",Kevin Johnson,"Big Sean, Pamela Adlon, Lucy Hale, Marissa Jaret Winokur, Joel McHale",0,12127842,88,6.581,241,1.5986,en,CA,False,False,OMDb request failed: 401 Client Error: Unauthorized for url: https://www.omdbapi.com/?i=tt6772524&plot=short&apikey=f87d98bd,0.0,1,2019,8,3,0,0.0,12.127842,12.127842,5.488937726156687,0.9549728384664989,5,1,1,1,0,0,1,0,2.611836584693478,0
638134,tt11276598,Pets United,Pets United,"When Roger (a Robin Hood-esque, stray dog) and Belle (an elegant yet spoilt pet cat) are thrown together amidst the chaos of a robot take-over of their home city, they must push all their preconceptions aside in order to survive, as they embark on a high-stakes, action-packed adventure.",2019-11-08,Released,"Adventure, Animation, Comedy, Family",,Reinhard Klooss,"Natalie Dormer, Eddie Marsan, Jeff Burrell, Harvey Friedman, Jan Odle",0,0,89,5.897,223,1.579,en,DE,False,False,OMDb request failed: 401 Client Error: Unauthorized for url: https://www.omdbapi.com/?i=tt11276598&plot=short&apikey=f87d98bd,0.0,1,2019,11,4,1,0.0,0.0,0.0,5.4116460518550396,0.9474017268992078,4,1,1,1,0,0,1,0,2.4281071668131373,0
580600,tt8329148,Astro Kid,"Terra Willy, planète inconnue","Terra Willy: Unexplored Planet — Upon the destruction of their ship, Willy is separated from his parents. He lands on a wild and unexplored planet and with the help of Buck, a survival robot, he will have to hold until the arrival of a rescue mission.",2019-04-03,Released,"Adventure, Animation, Comedy, Family",,Eric Tosti,"Timothé Vom Dorp, Édouard Baer, Marie-Eugénie Maréchal, Guillaume Lebon, Barbara Tissier",5100000,3123088,90,7.2,216,1.5108,fr,FR,False,False,OMDb request failed: 401 Client Error: Unauthorized for url: https://www.omdbapi.com/?i=tt8329148&plot=short&apikey=f87d98bd,0.6123701960784314,1,2019,4,2,0,5.1,3.123088,-1.976912,5.37989735354046,0.9206014274612396,4,1,1,1,0,0,1,0,3.020641405385549,1
366668,tt4199898,Playmobil: The Movie,Playmobil: The Movie,Marla is forced to abandon her carefully structured life to embark on an epic journey to find her younger brother Charlie who has disappeared into the vast and wondrous animated world of Playmobil toys.,2019-06-10,Released,"Adventure, Animation, Comedy, Family, Fantasy","playmobil, live action and animation, provocative",Lino DiSalvo,"Anya Taylor-Joy, Jim Gaffigan, Gabriel Bateman, Adam Lambert, Kenan Thompson",75000000,16349303,99,5.752,310,1.509,en,CA,False,False,OMDb request failed: 401 Client Error: Unauthorized for url: https://www.omdbapi.com/?i=tt4199898&plot=short&apikey=f87d98bd,0.2179907066666666,1,2019,6,2,1,75.0,16.349303,-58.650697,5.739792912179234,0.9198842673842852,5,1,1,1,0,1,1,0,2.535047394934528,0
559562,tt11078434,Psycho-Pass: Sinners of the System - Case.2 First Guardian,PSYCHO-PASS サイコパス Sinners of the System Case.2「First Guardian」,"2112; the summer before Akane Tsunemori was assigned to Division One of the Public Safety Bureau's Criminal Investigation Department. Teppei Sugo, an accomplished pilot of the Defense Army's 15th Integrated Task Force, joins the military operation in Okinawa. Three months later, an unmanned combat drone opens fire on the Ministry of Defense in Tokyo. Enforcer Tomomi Masaoka of CID Division One is dispatched to Sugo's military base to investigate the truth behind this case.",2019-02-15,Released,"Animation, Crime, Science Fiction","guerrilla warfare, police, detective, dystopia, conspiracy, cyberpunk, criminal, ethical dilemma, seinen, anime",Naoyoshi Shiotani,"Kenji Nojima, Tomokazu Seki, Kana Hanazawa, Ayane Sakura, Kinryu Arimoto",0,0,60,6.8,82,1.467,ja,JP,False,False,OMDb request failed: 401 Client Error: Unauthorized for url: https://www.omdbapi.com/?i=tt11078434&plot=short&apikey=f87d98bd,0.0,1,2019,2,1,0,0.0,0.0,0.0,4.418840607796598,0.9030028375472197,3,1,0,0,0,0,0,0,2.498276516801573,0
586940,tt9806192,I Lost My Body,J'ai perdu mon corps,"A story of Naoufel, a young man who is in love with Gabrielle. In another part of town, a severed hand escapes from a dissection lab, determined to find its body again.",2019-11-06,Released,"Animation, Drama, Fantasy","based on novel or book, cartoon, surrealism, flashback, adult animation, severed hand, pizza delivery boy, crawling hand, librarian",Jérémy Clapin,"Hakim Faris, Victoire du Bois, Patrick d'Assumçao, Alfonso Arfi, Hichem Mesbah",0,0,81,7.494,1333,1.4494,fr,FR,False,False,OMDb request failed: 401 Client Error: Unauthorized for url: https://www.omdbapi.com/?i=tt9806192&plot=short&apikey=f87d98bd,0.0,1,2019,11,4,1,0.0,0.0,0.0,7.195937226475569,0.8958430966050499,3,1,0,0,1,1,0,0,3.0872670484620928,1
609202,tt8816016,Black Fox,BLACKFOX,Rikka is a ninja descendant. Her grandfather Hyoe is the last chief of their ninja clan and her father is a cyborg researcher. Both are killed when a weapons' company raids his lab to use his research. Rikka sets out to avenge their deaths.,2019-10-05,Released,"Action, Animation, Drama, Science Fiction","fight, ninja, school, anime, futuristic city","Kazuya Nomura, Keisuke Shinohara","Ayaka Nanase, Haruka Tomatsu, You Taichi, Hiroshi Tsuchida, Eizo Tsuda",0,0,86,6.68,50,1.443,ja,JP,False,False,OMDb request failed: 401 Client Error: Unauthorized for url: https://www.omdbapi.com/?i=tt8816016&plot=short&apikey=f87d98bd,0.0,1,2019,10,4,0,0.0,0.0,0.0,3.9318256327243257,0.8932267922756034,4,1,0,0,1,0,0,1,2.3937578637499892,0
559566,tt11078522,Psycho-Pass: Sinners of the System - Case.3 On the Other Side of Love and Hate,PSYCHO-PASS サイコパス Sinners of the System Case.3「恩讐の彼方に＿＿」,"Following the incident in the Southeast Asia Union in 2116, Shinya Kogami resumes his vagrant journey. In a small South Asian nation, Kogami rescues a bus of refugees under attack by armed guerrilla forces. Among the refugees is a young lady by the name of Tenzin, who begs Kogami to teach her how to retaliate against the enemy. Just what does the girl who wishes for revenge and the man who has exacted revenge see as they gaze upon the edge of a world from which there is no escape?",2019-03-18,Released,"Animation, Crime, Science Fiction","guerrilla warfare, police, detective, dystopia, conspiracy, cyberpunk, criminal, ethical dilemma, seinen, anime",Naoyoshi Shiotani,"Tomokazu Seki, Sumire Morohoshi, Tomoyuki Shimura, Tsutomu Isobe, Wataru Takagi",0,0,70,7.0,73,1.4196,ja,JP,False,False,OMDb request failed: 401 Client Error: Unauthorized for url: https://www.omdbapi.com/?i=tt11078522&plot=short&apikey=f87d98bd,0.0,1,2019,3,1,0,0.0,0.0,0.0,4.30406509320417,0.8836022372506221,3,1,0,0,0,0,0,0,2.5281500995682187,0
560066,tt9260980,Scooby-Doo! and the Curse of the 13th Ghost,Scooby-Doo! and the Curse of the 13th Ghost,"Mystery Inc. withdraws from solving crimes after botching a case. When Vincent Van Ghoul contacts the gang about an unfinished investigation from Daphne, Shaggy and Scooby's past, the gang springs into action to finish the job that involves catching the 13th Ghost that escaped from the Chest of Demons and is still at large.",2019-02-05,Released,"Adventure, Animation, Comedy, Family, Mystery","friendship, talking dog, friends, curse, ghost",Cecilia Aranovich,"Frank Welker, Grey DeLisle, Matthew Lillard, Kate Micucci, Noshir Dalal",9260980,0,82,7.843,255,1.4037,en,US,False,False,OMDb request failed: 401 Client Error: Unauthorized for url: https://www.omdbapi.com/?i=tt9260980&plot=short&apikey=f87d98bd,0.0,1,2019,2,1,0,9.26098,0.0,-9.26098,5.545177444479562,0.8770092168724788,5,1,1,1,0,0,1,0,2.9240779992028063,1
518755,tt8761814,Sheep & Wolves: Pig Deal,Волки и овцы: Ход свиньёй,"The united town of sheep and wolves lives a peaceful and quiet life until two unexpected guests turn up - a polar fox and a tiny ewe. No one ever expected them to bring a deadly danger, which can be overcome only if they work together. Only teamwork can solve big problems and deal with serious challenges - as there is strength in unity.",2019-01-24,Released,"Adventure, Animation, Comedy, Family","friendship, wolf, friends",Vladimir Nikolaev,"Elizaveta Boyarskaya, Maksim Matveev, Galina Korneva, Anton Yuryev, Alexey Sigaev",0,3393975,80,6.5,86,1.3679,ru,RU,False,False,OMDb request failed: 401 Client Error: Unauthorized for url: https://www.omdbapi.com/?i=tt8761814&plot=short&apikey=f87d98bd,0.0,1,2019,1,1,0,0.0,3.393975,3.393975,4.465908118654584,0.8620034864003293,4,1,1,1,0,0,1,0,2.424186740758237,0
566555,tt9501310,Case Closed: The Fist of Blue Sapphire,名探偵コナン 紺青の拳（フィスト）,"The world's greatest blue sapphire, the ""blue lapis fist"", said to have sunk in a pirate ship in the late 19th century, on the coasts of Singapore. A local millionaire plots to retrieve it, and when it's exhibited in an exhibition at the Singaporean Marina Sands hotel, a murder takes place.",2019-04-12,Released,"Action, Adventure, Animation, Crime, Mystery","detective, master thief, romance, bombing, jewelry heist, murder mystery, shounen, anime",Chika Nagaoka,"Minami Takayama, Kappei Yamaguchi, Wakana Yamazaki, Rikiya Koyama, Naoko Matsui",0,115448200,109,6.2,181,1.2252,ja,JP,False,False,OMDb request failed: 401 Client Error: Unauthorized for url: https://www.omdbapi.com/?i=tt9501310&plot=short&apikey=f87d98bd,0.0,1,2019,4,2,0,0.0,115.4482,115.4482,5.204006687076795,0.7998467992190011,5,1,1,0,0,0,0,1,2.4505780229443697,0
522887,tt4153828,Manou the Swift,Manou the Swift,"The little swift Manou grows up believing he's a seagull. Learning to fly he finds out he never will be. Shocked, he runs away from home. He meets birds of his own species and finds out who he really is. When both seagulls and swifts face a dangerous threat, Manou becomes the hero of the day.",2019-01-25,Released,"Adventure, Animation, Comedy, Family","france, adoption, swift (bird)","Christian Haas, Andrea Block","Willem Dafoe, Kate Winslet, Rob Paulsen, Josh Keaton, Julie Nathanson",0,0,88,6.4,80,1.2147,en,DE,False,False,OMDb request failed: 401 Client Error: Unauthorized for url: https://www.omdbapi.com/?i=tt4153828&plot=short&apikey=f87d98bd,0.0,1,2019,1,1,0,0.0,0.0,0.0,4.394449154672439,0.7951169541436625,4,1,1,1,0,0,1,0,2.378434916322415,0
515789,tt7531096,StarDog and TurboCat,StarDog and TurboCat,"When vigilante cat, Felix, and loyal canine, Buddy, set out to find Buddy’s lost owner, they discover not only the power of friendship, but their inner superpowers along the way.",2019-12-06,Released,"Animation, Comedy, Family",,Ben Smith,"Luke Evans, Nick Frost, Gemma Arterton, Bill Nighy, Ben Bailey Smith",2100000,585443,88,7.1,98,1.187,en,GB,False,False,OMDb request failed: 401 Client Error: Unauthorized for url: https://www.omdbapi.com/?i=tt7531096&plot=short&apikey=f87d98bd,0.2787823809523809,1,2019,12,4,1,2.1,0.585443,-1.514557,4.59511985013459,0.7825307416946308,3,1,0,1,0,0,1,0,2.7070996602029544,0
472983,tt6739094,Invader Zim: Enter the Florpus,Invader Zim: Enter the Florpus,"ZIM discovers his almighty leaders never had any intention of coming to Earth and he loses confidence in himself for the first time in his life, which is the big break his human nemesis, Dib has been waiting for.",2019-08-16,Released,"Animation, Comedy, Science Fiction",,"Jhonen Vasquez, Jake Wyatt, Jenny Goldberg","Jhonen Vasquez, Melissa Fahn, Wally Wingert, Richard Steven Horvitz, Olivia D'Abo",0,0,71,7.42,256,1.1602,en,US,False,False,OMDb request failed: 401 Client Error: Unauthorized for url: https://www.omdbapi.com/?i=tt6739094&plot=short&apikey=f87d98bd,0.0,1,2019,8,3,0,0.0,0.0,0.0,5.54907608489522,0.7702008100022367,3,1,0,0,0,0,1,0,2.8028915342346186,1
586954,tt9038290,Latte and the Magic Waterstone,Latte Igel und der magische Wasserstein,"When a greedy bear steals a magic stone to keep the forest’s water for himself, a brave hedgehog and a timid squirrel must work together to retrieve it.",2019-12-11,Released,"Adventure, Animation, Comedy, Family","forest, hedgehog","Andrea Deppert, Mimi Maynard, Nina Wels, Regina Welker","Luisa Wietzorek, Henning Baum, Timur Bartels, Tim Schwarzmaier, Maud Ackermann",0,4983582,89,6.569,109,1.1581,de,BE,False,False,OMDb request failed: 401 Client Error: Unauthorized for url: https://www.omdbapi.com/?i=tt9038290&plot=short&apikey=f87d98bd,0.0,1,2019,12,4,1,0.0,4.983582,4.983582,4.700480365792417,0.7692282049652809,4,1,1,1,0,0,1,0,2.4627062856136543,0
627093,tt10510166,Curious George: Royal Monkey,Curious George: Royal Monkey,"Join your favorite monkey as he takes on his most regal role yet in the all-new movie, Curious George: Royal Monkey. After disrupting a meeting with a stuffy royal family, George accidentally trades places with the king's snooty monkey, Philippe. While Philippe puzzles Ted with his flawless manners, George travels to the castle where his fun-loving antics raise eyebrows and bring shy Princess Isabel out of her shell. Featuring all-new music from Andy Grammer, this king-sized adventure reminds us all that doing what you love is the key to happiness.",2019-09-10,Released,"Adventure, Animation, Comedy, Family","family, animals",Doug Murphy,"Frank Welker, Jeff Bennett, Daniela Bobadilla, Philip Anthony-Rodriguez, Eliza Schneider",0,0,89,7.6,100,1.155,fr,US,False,False,OMDb request failed: 401 Client Error: Unauthorized for url: https://www.omdbapi.com/?i=tt10510166&plot=short&apikey=f87d98bd,0.0,1,2019,9,3,0,0.0,0.0,0.0,4.61512051684126,0.7677907235557111,4,1,1,1,0,0,1,0,2.7074366860595456,0
624620,tt8452202,"PAW Patrol: Ready, Race, Rescue!","PAW Patrol: Ready, Race, Rescue!","It’s the Adventure Bay 500! The pups have built an awesome race track and are ready to be the pit crew for their race hero, The Whoosh! But when the legendary racer is unable to drive in the championship race, he calls on his biggest fan-pup Marshall to take the wheel and race in his place! Marshall has to overcome his lack of confidence and his dastardly competition, The Cheetah, to fulfill his dream of becoming the fastest race-pup ever!",2019-08-02,Released,"Adventure, Animation, Family, Fantasy",,Charles E. Bastien,"Drew Davis, Julius Cho, Anya Cooke, Cal Dodd, Isaac Emberson-Heeks",0,0,44,7.084,149,1.1178,en,CA,False,False,OMDb request failed: 401 Client Error: Unauthorized for url: https://www.omdbapi.com/?i=tt8452202&plot=short&apikey=f87d98bd,0.0,1,2019,8,3,0,0.0,0.0,0.0,5.0106352940962555,0.750377814014217,4,1,1,1,0,1,0,0,2.6351519662165708,0
439059,tt6172460,Rocko's Modern Life: Static Cling,Rocko's Modern Life: Static Cling,"After 20 years in space, Rocko returns to a technologically advanced O-Town and makes it his mission to get his favorite show back on the air.",2019-08-09,Released,"Animation, Comedy, Family, TV Movie","lgbt, nicktoon, transgender","Cosmo Segurson, Joe Murray","Carlos Alazraqui, Tom Kenny, Charlie Adler, Mr. Lawrence, Jill Talley",0,0,45,6.599,167,1.0856,en,US,False,False,OMDb request failed: 401 Client Error: Unauthorized for url: https://www.omdbapi.com/?i=tt6172460&plot=short&apikey=f87d98bd,0.0,1,2019,8,3,0,0.0,0.0,0.0,5.123963979403259,0.7350565836371549,4,1,0,1,0,0,1,0,2.528603084456062,0
378112,tt4500214,Salma's Big Wish,Día de Muertos,"In the Mexican town of Santa Clara, Salma, a 16 year-old orphan who never got to meet her biological parents, has spent most of her life searching for clues of their identities and whereabouts, that is until she discovers a special book that is filled with stories of the town's past and the history of it's people.",2019-10-24,Released,"Animation, Family, Fantasy","mexico, looking for  birth parents, orphan, mexican, day of the dead, animacion mexicana",Carlos Gutiérrez Medrano,"Fernanda Castillo, Alan Estrada, Memo Aponte, Carlo Rota, Susana Ballesteros",0,0,95,6.912,153,1.0738,es,MX,False,False,OMDb request failed: 401 Client Error: Unauthorized for url: https://www.omdbapi.com/?i=tt4500214&plot=short&apikey=f87d98bd,0.0,1,2019,10,4,0,0.0,0.0,0.0,5.0369526024136295,0.7293826731420407,3,1,0,1,0,1,0,0,2.5929502913333504,0
509733,tt5746054,Spy Cat,Die sagenhaften Vier,"Four crazy antiheroes on the run. Their leader is the unworldly innocent, naive Marnie, a house cat who is not allowed to leave the house and only knows about real life from television",2019-04-11,Released,"Adventure, Animation, Comedy, Family",cartoon cat,"Wolfgang Lauenstein, Christoph Lauenstein","Axel Prahl, Alexandra Neldel, Erik Borner, Sylvain Urban, Obada Adnan",9000000,3882729,84,6.7,84,1.044,de,DE,False,False,OMDb request failed: 401 Client Error: Unauthorized for url: https://www.omdbapi.com/?i=tt5746054&plot=short&apikey=f87d98bd,0.4314143333333333,1,2019,4,2,0,9.0,3.882729,-5.117271,4.442651256490317,0.714908672341458,4,1,1,1,0,0,1,0,2.6427704393247664,0
533715,tt7403614,The Big Trip,Большое путешествие,"A goofy stork mistakenly delivers a baby panda to the wrong door. A bear, a moose, a tiger and a rabbit set on an arduous but fun-filled adventure through the wilderness to return the panda to its rightful home.",2019-04-27,Released,"Adventure, Animation, Comedy, Family",,"Natalya Nilova, Vasily Rovensky","Dmitri Nazarov, Maxim Galkin, Filipp Kirkorov, Daniil Medvedev, Alex Sparrow",0,7189283,84,6.875,84,1.0384,ru,RU,False,False,OMDb request failed: 401 Client Error: Unauthorized for url: https://www.omdbapi.com/?i=tt7403614&plot=short&apikey=f87d98bd,0.0,1,2019,4,2,0,0.0,7.189283,7.189283,4.442651256490317,0.7121651863957071,4,1,1,1,0,0,1,0,2.4919724664329035,0
574074,tt9536832,Kitbull,Kitbull,"An unlikely connection sparks between two creatures: a fiercely independent stray kitten and a pit bull. Together, they experience friendship for the first time.",2019-01-18,Released,"Animation, Drama, Family","friendship, cat, dog, animals, short film",Rosana Sullivan,,0,0,9,7.947,398,0.9506,en,US,False,False,OMDb request failed: 401 Client Error: Unauthorized for url: https://www.omdbapi.com/?i=tt9536832&plot=short&apikey=f87d98bd,0.0,1,2019,1,1,0,0.0,0.0,0.0,5.988961416889864,0.6681370175557776,3,1,0,1,1,0,0,0,2.985314765166846,1
583209,tt9073746,Marvel Rising: Heart of Iron,Marvel Rising: Heart of Iron,"Ironheart, AKA Riri Williams, is having difficulty adjusting to college life as the youngest student there when the college's engineering lab is demolished by an alien and her best friend is kidnapped. Inspired by Iron Man, she develops a plan to save her friend.",2019-04-03,Released,"Action, Animation, Family, Science Fiction","superhero, coming of age, evil alien, teen superhero, prodigy, kid genius","Sol Choi, Alfred Gimeno","Sofia Wylie, Melanie Minichino, Mick Wingert, Milana Vayntrub, Dove Cameron",0,0,44,6.419,80,0.9463,en,US,False,False,OMDb request failed: 401 Client Error: Unauthorized for url: https://www.omdbapi.com/?i=tt9073746&plot=short&apikey=f87d98bd,0.0,1,2019,4,2,0,0.0,0.0,0.0,4.394449154672439,0.6659301342663922,4,1,0,1,0,0,0,1,2.3638068933408247,0
532953,tt8980868,Purl,Purl,"Purl, an earnest ball of yarn, gets a job at a fast-paced, male-centered startup company. Things start to unravel as Purl tries to fit in with this tight-knit group, but she must ask herself how far is she willing to go to get the acceptance she yearns for and if, in the end, it is worth it.",2019-01-18,Released,"Animation, Comedy","workplace, male camaraderie, startup, working conditions, ball of yarn, short film, pixar sparkshorts",Kristen Lester,"Bret Parker, Emily Davis, Michael Daley, Michael Frederickson, Erik Langley",0,0,9,6.665,324,0.914,en,US,False,False,OMDb request failed: 401 Client Error: Unauthorized for url: https://www.omdbapi.com/?i=tt8980868&plot=short&apikey=f87d98bd,0.0,1,2019,1,1,0,0.0,0.0,0.0,5.783825182329737,0.6491952930307625,2,1,0,0,0,0,1,0,2.631203071304075,0
576743,tt9073748,Marvel Rising: Chasing Ghosts,Marvel Rising: Chasing Ghosts,"Hot on the trails of Sheath and Exile, Ghost-Spider teams up with the rest of the Secret Warriors to bring down the villains for good.",2019-01-16,Released,"Action, Adventure, Animation, Family","hero, dual identity, superhero, coming of age, fugitive, police chase, teen superhero",Alfred Gimeno,"Dee Bradley Baker, Chloe Bennet, Dove Cameron, Skai Jackson, Kathreen Khavari",0,0,22,6.4,56,0.828,en,US,False,False,OMDb request failed: 401 Client Error: Unauthorized for url: https://www.omdbapi.com/?i=tt9073748&plot=short&apikey=f87d98bd,0.0,1,2019,1,1,0,0.0,0.0,0.0,4.04305126783455,0.6032224730319582,4,1,1,1,0,0,0,1,2.296941061129976,0
366171,tt3748918,To Your Last Death,To Your Last Death,"In order to save her siblings, a young woman takes on her father and the powerful entity known as Gamemaster, who ensnares humans into diabolical plots while her species gambles on the outcome.",2019-11-30,Released,"Animation, Horror","adult animation, macabre",Jason Axinn,"Morena Baccarin, William Shatner, Ray Wise, Bill Moseley, Florence Hartigan",2500000,0,91,5.589,56,0.8267,en,US,False,False,OMDb request failed: 401 Client Error: Unauthorized for url: https://www.omdbapi.com/?i=tt3748918&plot=short&apikey=f87d98bd,0.0,1,2019,11,4,1,2.5,0.0,-2.5,4.04305126783455,0.6025110603005011,2,1,0,0,0,0,0,0,2.0940843492202577,0
624989,tt10682000,Sturgill Simpson Presents Sound & Fury,Sturgill Simpson Presents Sound & Fury,"In this anime visual album, a mysterious driver heads deep into a postapocalyptic hellscape toward a ferocious showdown with two monstrous opponents.",2019-09-27,Released,"Animation, Music",visual album,"Michael Arias, Koji Morimoto, Masaru Matsumoto, Jumpei Mizusaki",Sturgill Simpson,0,0,40,6.14,89,0.8086,en,JP,False,False,OMDb request failed: 401 Client Error: Unauthorized for url: https://www.omdbapi.com/?i=tt10682000&plot=short&apikey=f87d98bd,0.0,1,2019,9,3,0,0.0,0.0,0.0,4.499809670330265,0.5925530653242427,2,1,0,0,0,0,0,0,2.2988544103481763,0
515353,tt6342440,Funan,Funan,"Cambodia, once the ancient kingdom of Funan, April 17th, 1975. The entire country falls under the tyranny of Angkar, the communist party of the Khmer Rouge. The cities are abandoned, the population is thrown to the roads and forced to walk towards an uncertain future…",2019-03-06,Released,"Animation, Drama, History","cambodia, husband wife relationship, 1970s, based on true story, family relationships, struggle for survival, communism, labor camp, starvation, khmer rouge",Denis Do,"Bérénice Bejo, Louis Garrel, Colette Kieffer, Aude-Laurence Clermont Biver, Brice Montagne",0,0,84,6.9,71,0.8057,fr,BE,False,False,OMDb request failed: 401 Client Error: Unauthorized for url: https://www.omdbapi.com/?i=tt6342440&plot=short&apikey=f87d98bd,0.0,1,2019,3,1,0,0.0,0.0,0.0,4.276666119016055,0.5909483282396978,3,1,0,0,1,0,0,0,2.455142167088363,0
637663,tt11229556,DC Showcase: Death,DC Showcase: Death,"Vincent, an artist with unresolved inner demons, meets a mysterious girl who helps him come to terms with his creative legacy… and eventual death.",2019-10-22,Released,"Animation, Drama, Fantasy","superhero, short film, supernatural drama",Sam Liu,"Jamie Chung, Leonardo Nam, Darin De Paul, Keith Szarabajka, Kari Wahlgren",0,0,19,8.471,155,0.7586,en,US,False,False,OMDb request failed: 401 Client Error: Unauthorized for url: https://www.omdbapi.com/?i=tt11229556&plot=short&apikey=f87d98bd,0.0,1,2019,10,4,0,0.0,0.0,0.0,5.049856007249537,0.5645180379627647,3,1,0,0,1,1,0,0,2.9599061067818453,1
638220,tt9037650,A Piece of Cake,Die Heinzels - Rückkehr der Heinzelmännchen,The legendary Elfkins (Heinzelmännchen) of Cologne were gnomes secretly helping craftsmen at night until they were ousted by a tailor's malevolent wife 200 years ago. This is the story of their return.,2019-10-08,Released,"Animation, Comedy, Family, Fantasy","affectation, zealous, calm, candid, unassuming, casual, understated, whimsical, admiring, adoring",Ute von Münchow-Pohl,"Jella Haase, Louis Hofmann, Elke Heidenreich, Leon Seidel, Detlef Bierstedt",0,623054,78,6.578,51,0.7519,de,DE,False,False,OMDb request failed: 401 Client Error: Unauthorized for url: https://www.omdbapi.com/?i=tt9037650&plot=short&apikey=f87d98bd,0.0,1,2019,10,4,0,0.0,0.623054,0.623054,3.9512437185814275,0.5607009132596392,4,1,0,1,0,1,1,0,2.32129169477616,0
664767,tt9580138,Mortal Kombat Legends: Scorpion's Revenge,Mortal Kombat Legends: Scorpion's Revenge,"After the vicious slaughter of his family by stone-cold mercenary Sub-Zero, Hanzo Hasashi is exiled to the torturous Netherrealm. There, in exchange for his servitude to the sinister Quan Chi, he’s given a chance to avenge his family – and is resurrected as Scorpion, a lost soul bent on revenge. Back on Earthrealm, Lord Raiden gathers a team of elite warriors – Shaolin monk Liu Kang, Special Forces officer Sonya Blade, and action star Johnny Cage – an unlikely band of heroes with one chance to save humanity. To do this, they must defeat Shang Tsung's horde of Outworld gladiators and reign over the Mortal Kombat tournament.",2020-04-12,Released,"Action, Animation, Fantasy","magic, ninja fighter, revenge, sorcerer, tournament, shaolin monk, fighting, based on video game, adult animation, god of thunder",Ethan Spaulding,"Patrick Seitz, Jordan Rodrigues, Jennifer Carpenter, Joel McHale, Ike Amadi",0,0,80,8.092,1469,23.2626,en,US,False,False,OMDb request failed: 401 Client Error: Unauthorized for url: https://www.omdbapi.com/?i=tt9580138&plot=short&apikey=f87d98bd,0.0,1,2020,4,2,0,0.0,0.0,0.0,7.293017679772782,3.1889360700734457,3,1,0,0,0,1,0,1,3.5952930624769346,1
508442,tt2948372,Soul,Soul,"Joe Gardner is a middle school teacher with a love for jazz music. After a successful audition at the Half Note Club, he suddenly gets into an accident that separates his soul from his body and is transported to the You Seminar, a center in which souls develop and gain passions before being transported to a newborn child. Joe must enlist help from the other souls-in-training, like 22, a soul who has spent eons in the You Seminar, in order to get back to Earth.",2020-12-25,Released,"Animation, Drama, Family, Fantasy, Music","new york city, jazz, musician, cat, self-discovery, jazz singer or musician, teacher, aftercreditsstinger, duringcreditsstinger, life after death",Pete Docter,"Jamie Foxx, Tina Fey, Graham Norton, Rachel House, Alice Braga",150000000,121977511,101,8.092,11390,15.0448,en,US,False,False,OMDb request failed: 401 Client Error: Unauthorized for url: https://www.omdbapi.com/?i=tt2948372&plot=short&apikey=f87d98bd,0.8131834066666667,1,2020,12,4,1,150.0,121.977511,-28.022489,9.340578848899913,2.7753848095417823,5,1,0,1,1,1,0,0,4.206327081766254,1
635302,tt11032374,Demon Slayer -Kimetsu no Yaiba- The Movie: Mugen Train,劇場版「鬼滅の刃」無限列車編,"Tanjiro Kamado, joined with Inosuke Hashibira, a boy raised by boars who wears a boar's head, and Zenitsu Agatsuma, a scared boy who reveals his true power when he sleeps, boards the Infinity Train on a new mission with the Fire Hashira, Kyojuro Rengoku, to defeat a demon who has been tormenting the people and killing the demon slayers who oppose it!",2020-10-16,Released,"Action, Animation, Fantasy","fight, magic, supernatural, psychology, gore, sequel, coming of age, survival, tragedy, based on manga",Haruo Sotozaki,"Natsuki Hanae, Akari Kito, Hiro Shimono, Yoshitsugu Matsuoka, Satoshi Hino",15700000,523542183,117,8.2,4485,13.4765,ja,JP,False,False,OMDb request failed: 401 Client Error: Unauthorized for url: https://www.omdbapi.com/?i=tt11032374&plot=short&apikey=f87d98bd,33.34663585987261,1,2020,10,4,0,15.7,523.542183,507.842183,8.408716715080153,2.6725266450331633,3,1,0,0,0,1,0,1,18.718172640959672,1
533514,tt8652818,Violet Evergarden: The Movie,劇場版 ヴァイオレット・エヴァーガーデン,"As the world moves on from the war and technological advances bring changes to her life, Violet still hopes to see her lost commanding officer again.",2020-09-18,Released,"Animation, Drama, Fantasy, Romance","letter, sequel, slice of life, steampunk, doll, missing person, post war, military, anime, time skip",Taichi Ishidate,"Yui Ishikawa, Daisuke Namikawa, Takehito Koyasu, Hidenobu Kiuchi, Haruka Tomatsu",0,20339624,140,8.292,507,8.398,ja,JP,False,False,OMDb request failed: 401 Client Error: Unauthorized for url: https://www.omdbapi.com/?i=tt8652818&plot=short&apikey=f87d98bd,0.0,1,2020,9,3,0,0.0,20.339624,20.339624,6.230481447578482,2.240496900680624,4,1,0,0,1,1,0,0,3.343646752238866,1
652837,tt12879624,"Josee, the Tiger and the Fish",ジョゼと虎と魚たち,"With dreams of diving abroad, Tsuneo gets a job assisting Josee, an artist whose imagination takes her far beyond her wheelchair. But when the tide turns against them, they push each other to places they never thought possible, and inspire a love fit for a storybook.",2020-12-25,Released,"Animation, Drama, Romance","based on novel or book, paraplegic, love, slice of life, relationship, based on short story, disability, anime, romantic, comforting",Kotaro Tamura,"Taishi Nakagawa, Kaya Kiyohara, Yume Miyamoto, Kazuyuki Okitsu, Lynn",0,0,98,8.263,596,7.7132,ja,JP,False,False,OMDb request failed: 401 Client Error: Unauthorized for url: https://www.omdbapi.com/?i=tt12879624&plot=short&apikey=f87d98bd,0.0,1,2020,12,4,1,0.0,0.0,0.0,6.391917113392602,2.1648391171920642,3,1,0,0,1,0,0,0,3.3492634345876997,1
529203,tt2850386,The Croods: A New Age,The Croods: A New Age,"Searching for a safer habitat, the prehistoric Crood family discovers an idyllic, walled-in paradise that meets all of its needs. Unfortunately, they must also learn to live with the Bettermans -- a family that's a couple of steps above the Croods on the evolutionary ladder. As tensions between the new neighbors start to rise, a new threat soon propels both clans on an epic adventure that forces them to embrace their differences, draw strength from one another, and survive together.",2020-11-25,Released,"Adventure, Animation, Comedy, Family, Fantasy","sequel, prehistory, aftercreditsstinger, duringcreditsstinger, candid, playful, joyous, admiring, adoring",Joel Crawford,"Nicolas Cage, Emma Stone, Ryan Reynolds, Catherine Keener, Cloris Leachman",65000000,215905815,95,7.441,4130,7.3883,en,US,False,False,OMDb request failed: 401 Client Error: Unauthorized for url: https://www.omdbapi.com/?i=tt2850386&plot=short&apikey=f87d98bd,3.3216279230769232,1,2020,11,4,1,65.0,215.905815,150.905815,8.326274787396764,2.1268378777792205,5,1,1,1,0,1,1,0,4.922949465161013,1
508439,tt7146812,Onward,Onward,"In a suburban fantasy world, two teenage elf brothers embark on an extraordinary quest to discover if there is still a little magic left out there.",2020-02-29,Released,"Adventure, Animation, Comedy, Family, Fantasy","elves, magic, dead father, dead parent, fantasy world, teenage protagonist, brother brother relationship",Dan Scanlon,"Tom Holland, Chris Pratt, Julia Louis-Dreyfus, Octavia Spencer, Mel Rodriguez",200000000,141888276,102,7.641,6558,6.8246,en,US,False,False,OMDb request failed: 401 Client Error: Unauthorized for url: https://www.omdbapi.com/?i=tt7146812&plot=short&apikey=f87d98bd,0.70944138,1,2020,2,1,0,200.0,141.888276,-58.111724,8.788593431293735,2.057272616908774,5,1,1,1,0,1,1,0,3.856378528230376,1
677638,tt10474606,We Bare Bears: The Movie,We Bare Bears: The Movie,"When Grizz, Panda, and Ice Bear's love of food trucks and viral videos get out of hand, the brothers are now chased away from their home and embark on a trip to Canada, where they can live in peace.",2020-06-30,Released,"Adventure, Animation, Comedy, Family, TV Movie","canada, grizzly bear, villain, polar bear, road trip, panda, slice of life, fugitive, police chase, agent",Daniel Chong,"Eric Edelstein, Bobby Moynihan, Demetri Martin, Marc Evan Jackson, Jason Lee",0,0,69,7.838,850,6.7577,en,US,False,False,OMDb request failed: 401 Client Error: Unauthorized for url: https://www.omdbapi.com/?i=tt10474606&plot=short&apikey=f87d98bd,0.0,1,2020,6,2,1,0.0,0.0,0.0,6.7464121285733745,2.0486858985098335,5,1,1,1,0,0,1,0,3.278764704062481,1
446893,tt6587640,Trolls World Tour,Trolls World Tour,"Queen Poppy and Branch make a surprising discovery — there are other Troll worlds beyond their own, and their distinct differences create big clashes between these various tribes. When a mysterious threat puts all of the Trolls across the land in danger, Poppy, Branch, and their band of friends must embark on an epic quest to create harmony among the feuding Trolls to unite them against certain doom.",2020-03-11,Released,"Adventure, Animation, Comedy, Family, Fantasy, Music","dancing, friendship, concert, country music, guitar, cloud, saxophone, sequel, jail, based on toy",Walt Dohrn,"Anna Kendrick, Justin Timberlake, Ron Funches, Rachel Bloom, James Corden",90000000,49276818,91,7.242,2269,6.545,en,US,False,False,OMDb request failed: 401 Client Error: Unauthorized for url: https://www.omdbapi.com/?i=tt6587640&plot=short&apikey=f87d98bd,0.5475202,1,2020,3,1,0,90.0,49.276818,-40.723182,7.727535110475448,2.020885092219812,6,1,1,1,0,1,1,0,3.519147120404289,1
400160,tt4823776,The SpongeBob Movie: Sponge on the Run,The SpongeBob Movie: Sponge on the Run,"When his best friend Gary is suddenly snatched away, SpongeBob takes Patrick on a madcap mission far beyond Bikini Bottom to save their pink-shelled pal.",2020-08-14,Released,"Adventure, Animation, Comedy, Family, Fantasy","part live action, based on tv series",Tim Hill,"Tom Kenny, Bill Fagerbakke, Rodger Bumpass, Mr. Lawrence, Keanu Reeves",60000000,4810790,95,7.404,2978,6.3672,en,US,False,False,OMDb request failed: 401 Client Error: Unauthorized for url: https://www.omdbapi.com/?i=tt4823776&plot=short&apikey=f87d98bd,0.0801798333333333,1,2020,8,3,0,60.0,4.81079,-55.18921,7.999342952713282,1.9970377154250203,5,1,1,1,0,1,1,0,3.3865380252207453,1
441130,tt5198068,Wolfwalkers,Wolfwalkers,"In a time of superstition and magic, when wolves are seen as demonic and nature an evil to be tamed, a young apprentice hunter comes to Ireland with her father to wipe out the last pack. But when she saves a wild native girl, their friendship leads her to discover the world of the Wolfwalkers and transform her into the very thing her father is tasked to destroy.",2020-10-26,Released,"Adventure, Animation, Family, Fantasy","friendship, wolf, magic, fairy tale, shapeshifting, wolf's lair, feral child, forest, woods, female protagonist","Tomm Moore, Ross Stewart","Honor Kneafsey, Eva Whittaker, Sean Bean, Simon McBurney, Tommy Tiernan",12000000,1310720,102,8.193,1376,5.3931,en,FR,False,False,OMDb request failed: 401 Client Error: Unauthorized for url: https://www.omdbapi.com/?i=tt5198068&plot=short&apikey=f87d98bd,0.1092266666666666,1,2020,10,4,0,12.0,1.31072,-10.68928,7.227662498728654,1.8552192837708095,4,1,1,1,0,1,0,0,3.4598342673749194,1
573730,tt10068916,Made in Abyss: Dawn of the Deep Soul,劇場版メイドインアビス 深き魂の黎明,"A continuation of the epic adventure of plucky Riko and Reg who are joined by their new friend Nanachi. Together they descend into the Abyss' treacherous fifth layer, the Sea of Corpses, and encounter the mysterious Bondrewd, a legendary White Whistle whose shadow looms over Nanachi's troubled past. Bondrewd is ingratiatingly hospitable, but the brave adventurers know things are not always as they seem in the enigmatic Abyss.",2020-01-17,Released,"Adventure, Animation, Fantasy, Mystery","child abuse, immortality, underground, gore, exploration, sequel, survival, human sacrifice, based on manga, robot",Masayuki Kojima,"Miyu Tomita, Mariya Ise, Shiori Izawa, Toshiyuki Morikawa, Inori Minase",0,4971635,105,7.792,295,4.775,ja,JP,False,False,OMDb request failed: 401 Client Error: Unauthorized for url: https://www.omdbapi.com/?i=tt10068916&plot=short&apikey=f87d98bd,0.0,1,2020,1,1,0,0.0,4.971635,4.971635,5.69035945432406,1.7535382564078572,4,1,1,0,0,1,0,0,3.0645846566097874,1
385103,tt3152592,Scoob!,Scoob!,"In Scooby-Doo’s greatest adventure yet, see the never-before told story of how lifelong friends Scooby and Shaggy first met and how they joined forces with young detectives Fred, Velma, and Daphne to form the famous Mystery Inc. Now, with hundreds of cases solved, Scooby and the gang face their biggest, toughest mystery ever: an evil plot to unleash the ghost dog Cerberus upon the world. As they race to stop this global “dogpocalypse,” the gang discovers that Scooby has a secret legacy and an epic destiny greater than anyone ever imagined.",2020-07-08,Released,"Animation, Comedy, Family, Mystery","friendship, superhero, villain, heroism, talking dog, friends, based on cartoon, criminal investigation, boy and dog, caveman",Tony Cervone,"Will Forte, Mark Wahlberg, Jason Isaacs, Gina Rodriguez, Zac Efron",90000000,28600000,94,6.99,1809,4.5729,en,US,False,False,OMDb request failed: 401 Client Error: Unauthorized for url: https://www.omdbapi.com/?i=tt3152592&plot=short&apikey=f87d98bd,0.3177777777777777,1,2020,7,3,1,90.0,28.6,-61.4,7.501082124259871,1.7179155647694926,4,1,0,1,0,0,1,0,3.2733496533544044,1
667520,tt11958344,A Whisker Away,泣きたい私は猫をかぶる,"A peculiar girl transforms into a cat to catch her crush's attention. But before she realizes it, the line between human and animal starts to blur.",2020-06-18,Released,"Animation, Drama, Fantasy, Romance","mask, secret love, magic, cat, shapeshifting, supernatural, bullying, anthropomorphism, slice of life, unrequited love","Junichi Sato, Tomotaka Shibayama","Mirai Shida, Natsuki Hanae, Koichi Yamadera, Hiroaki Ogi, Minako Kotobuki",0,0,104,7.869,1486,4.5325,ja,JP,False,False,OMDb request failed: 401 Client Error: Unauthorized for url: https://www.omdbapi.com/?i=tt11958344&plot=short&apikey=f87d98bd,0.0,1,2020,6,2,1,0.0,0.0,0.0,7.304515946460155,1.7106397929430677,4,1,0,0,1,1,0,0,3.3195233609104835,1
618344,tt11079148,Justice League Dark: Apokolips War,Justice League Dark: Apokolips War,"Earth is decimated after intergalactic tyrant Darkseid has devastated the Justice League in a poorly executed war by the DC Super Heroes. Now the remaining bastions of good – the Justice League, Teen Titans, Suicide Squad and assorted others – must regroup, strategize and take the war to Darkseid in order to save the planet and its surviving inhabitants.",2020-05-05,Released,"Action, Adventure, Animation, Fantasy","superhero, based on comic, hopeless, depressing, bitter, disrespectful, dc animated movie universe (dcamu)","Matt Peters, Christina Sotta","Matt Ryan, Jerry O'Connell, Taissa Farmiga, Jason O'Mara, Rosario Dawson",0,0,90,8.199,1566,4.4999,en,US,False,False,OMDb request failed: 401 Client Error: Unauthorized for url: https://www.omdbapi.com/?i=tt11079148&plot=short&apikey=f87d98bd,0.0,1,2020,5,2,0,0.0,0.0,0.0,7.356918242356021,1.7047299102549522,4,1,1,0,0,1,0,1,3.408997222891646,1
682153,tt10588750,Doraemon: Nobita's New Dinosaur,映画ドラえもん のび太の新恐竜,Nobita accidentally finds a fossil dinosaur egg mixed with rocks in the dinosaur fossil exhibition site that he had visited before. He returns it to its original state with the 'time blanket'.,2020-08-07,Released,"Adventure, Animation, Comedy, Family, Fantasy, Science Fiction","gadget, time travel, dinosaur, based on manga, anime",Kazuaki Imai,"Wasabi Mizuta, Megumi Oohara, Yumi Kakazu, Tomokazu Seki, Subaru Kimura",0,34218525,111,7.43,57,4.0653,ja,JP,False,False,OMDb request failed: 401 Client Error: Unauthorized for url: https://www.omdbapi.com/?i=tt10588750&plot=short&apikey=f87d98bd,0.0,1,2020,8,3,0,0.0,34.218525,34.218525,4.060443010546419,1.6224133659564905,6,1,1,1,0,1,1,0,2.7099284564754362,0
662708,tt11819890,Pokémon the Movie: Secrets of the Jungle,劇場版ポケットモンスター ココ,"In the Forest of Okoya, Koko is a feral child who has been raised as a Pokémon by the Mythical Pokémon Zarude. Koko has grown up never doubting that he is a Pokémon even though he can't really use any sort of moves. Ash Ketchum and Pikachu meet Koko and help him protect the Great Tree from the crooked scientist Dr. Zed.",2020-12-25,Released,"Adventure, Animation, Family, Fantasy","pocket monsters, based on video game, anime, jungle boy, evil scientist, sacred tree",Tetsuo Yajima,"Rica Matsumoto, Ikue Otani, Moka Kamishiraishi, Megumi Hayashibara, Shin-ichiro Miki",0,21097921,101,7.169,201,3.3622,ja,JP,False,False,OMDb request failed: 401 Client Error: Unauthorized for url: https://www.omdbapi.com/?i=tt11819890&plot=short&apikey=f87d98bd,0.0,1,2020,12,4,1,0.0,21.097921,21.097921,5.308267697401205,1.472976517255615,4,1,1,1,0,1,0,0,2.8094366321985227,1
755812,tt12816348,"Miraculous World: New York, United HeroeZ","Miraculous World : New York, les héros unis","Marinette’s class is headed to New York, the city of superheroes, for French-American Friendship Week.",2020-09-25,Released,"Action, Adventure, Animation, Family, TV Movie","new york city, paris, france, superhero, الدعسوقة",Thomas Astruc,"Anouck Hautbois, Benjamin Bollen, Antoine Tomé, Fily Keita, Céline Melloul",0,0,61,8.089,1125,3.3499,fr,BR,False,False,OMDb request failed: 401 Client Error: Unauthorized for url: https://www.omdbapi.com/?i=tt12816348&plot=short&apikey=f87d98bd,0.0,1,2020,9,3,0,0.0,0.0,0.0,7.026426808699636,1.4701528563306059,5,1,1,1,0,0,0,1,3.2967369497545365,1
642121,tt11193002,The Stranger by the Shore,海辺のエトランゼ,"Abandoned after coming out, Shun befriends Mio just before he has to move. Years later, Mio returns with a confession. How will Shun feel?",2020-09-11,Released,"Animation, Drama, Romance","love triangle, bullying, okinawa, love, slice of life, based on manga, remote island, lgbt, anime, time skip",Akiyo Ohashi,"Taishi Murata, Yoshitsugu Matsuoka, Yu Shimamura, Kanae Itou, Sayaka Nakaya",0,0,59,7.923,162,3.2802,ja,JP,False,False,OMDb request failed: 401 Client Error: Unauthorized for url: https://www.omdbapi.com/?i=tt11193002&plot=short&apikey=f87d98bd,0.0,1,2020,9,3,0,0.0,0.0,0.0,5.093750200806762,1.4539997374739035,3,1,0,0,1,0,0,0,2.9629124907420996,1
631132,tt11151982,Goblin Slayer: Goblin's Crown,ゴブリンスレイヤー -GOBLIN'S CROWN-,"Goblin Slayer and his party head up to the snowy mountains in the north after receiving that request from the Sword Maiden to find any information on the Noble Fencer that disappeared after leaving to slay some goblins. A small village gets attacked, they encounter a mysterious chapel, and something about how these goblins are acting bothers the Goblin slayer.  In order to save the captured Noble Fencer, the Goblin Slayer and his party head to an ancient fortress covered in snow to face off with a powerful foe and a horde of goblins!",2020-02-01,Released,"Action, Adventure, Animation, Fantasy","rape, based on novel or book, elves, magic, murder, religion, massacre, adventurer, dark fantasy, goblin",Takaharu Ozaki,"Yuuichirou Umehara, Yui Ogura, Nao Toyama, Yuichi Nakamura, Tomokazu Sugita",0,0,86,7.291,304,3.2002,ja,JP,False,False,OMDb request failed: 401 Client Error: Unauthorized for url: https://www.omdbapi.com/?i=tt11151982&plot=short&apikey=f87d98bd,0.0,1,2020,2,1,0,0.0,0.0,0.0,5.720311776607412,1.435132143203191,4,1,1,0,0,1,0,1,2.8960665879715903,1
655431,tt11433874,Psycho-Pass 3: First Inspector,PSYCHO-PASS サイコパス 3 FIRST INSPECTOR,"Inspector Kei Mikhail Ignatov finds himself involved with an organization named Bifrost with the possibility of freeing his wife if he betrays Unit One. Koichi Azusawa coordinates an assault on the Public Safety Bureau tower using his hacker Obata, locking down the building and kidnapping Inspector Arata Shindo. Azusawa demands that governor Karina Komiya resign from her position.",2020-03-27,Released,"Action, Animation, Crime, Science Fiction","police, detective, dystopia, conspiracy, cyberpunk, criminal, ethical dilemma, seinen, anime",Naoyoshi Shiotani,"Takahiro Sakurai, Junichi Suwabe, Yuichi Nakamura, Kaori Nazuka, Ayane Sakura",0,757096,137,7.563,112,3.1109,ja,JP,False,False,OMDb request failed: 401 Client Error: Unauthorized for url: https://www.omdbapi.com/?i=tt11433874&plot=short&apikey=f87d98bd,0.0,1,2020,3,1,0,0.0,0.757096,0.757096,4.727387818712341,1.413641982638128,4,1,0,0,0,0,0,1,2.8119044702025704,1
665251,tt9310328,Altered Carbon: Resleeved,オルタード・カーボン：リスリーブド,"On the planet Latimer, Takeshi Kovacs must protect a tattooist while investigating the death of a yakuza boss alongside a no-nonsense CTAC.",2020-03-18,Released,"Animation, Science Fiction","yakuza, distant future, cyberpunk, adult animation, neo-noir, anime, cyber thriller","Yoshiyuki Okada, Takeru Nakajima","Tatsuhisa Suzuki, Rina Sato, Ayaka Asai, Kenji Yamauchi, Kanehira Yamamoto",0,0,75,6.564,322,2.9833,ja,JP,False,False,OMDb request failed: 401 Client Error: Unauthorized for url: https://www.omdbapi.com/?i=tt9310328&plot=short&apikey=f87d98bd,0.0,1,2020,3,1,0,0.0,0.0,0.0,5.777652323222656,1.3821106214735595,2,1,0,0,0,0,0,0,2.7149644417044323,0
560050,tt7488208,Over the Moon,Over the Moon,"Fueled by memories of her mother, resourceful Fei Fei builds a rocket to the moon on a mission to prove the existence of a legendary moon goddess.",2020-10-16,Released,"Adventure, Animation, Family, Fantasy","moon, musical, rocket, approving",Glen Keane,"Cathy Ang, Phillipa Soo, Robert G. Chiu, Ken Jeong, John Cho",0,0,95,7.182,1389,2.929,en,CN,False,False,OMDb request failed: 401 Client Error: Unauthorized for url: https://www.omdbapi.com/?i=tt7488208&plot=short&apikey=f87d98bd,0.0,1,2020,10,4,0,0.0,0.0,0.0,7.237059026124737,1.3683849405763227,4,1,1,1,0,1,0,0,3.086316595005159,1
594328,tt1817232,Phineas and Ferb the Movie: Candace Against the Universe,Phineas and Ferb the Movie: Candace Against the Universe,"Phineas and Ferb travel across the galaxy to rescue their older sister Candace, who has been abducted by aliens and taken to a utopia in a far-off planet, free of her pesky little brothers.",2020-08-27,Released,"Animation, Comedy, Family, Science Fiction","cartoon, enthusiastic","Dan Povenmire, Bob Bowen","Ashley French, Vincent Martella, David Errigo Jr., Dan Povenmire, Olivia Olson",0,0,86,7.2,401,2.7484,en,US,False,False,OMDb request failed: 401 Client Error: Unauthorized for url: https://www.omdbapi.com/?i=tt1817232&plot=short&apikey=f87d98bd,0.0,1,2020,8,3,0,0.0,0.0,0.0,5.996452088619021,1.3213290822675317,4,1,0,1,0,0,1,0,2.897667175632983,1
632632,tt11802992,Given,映画 ギヴン,"Haruki secretly had feelings for Akihiko for years, but Akihiko was still in a relationship with his roommate, the violinist Ugetsu Murata. Haruki, Akihiko, and Ugetsu's love clashes and starts to move forward.",2020-08-22,Released,"Animation, Drama, Music, Romance","high school, love triangle, bisexuality, slice of life, tragedy, based on manga, relationship, lgbt, anime, gay relationship",Hikaru Yamaguchi,"Takuya Eguchi, Masatomo Nakazawa, Shogo Yano, Yuma Uchida, Shintaro Asanuma",0,930363,60,8.2,417,2.7479,ja,JP,False,False,OMDb request failed: 401 Client Error: Unauthorized for url: https://www.omdbapi.com/?i=tt11802992&plot=short&apikey=f87d98bd,0.0,1,2020,8,3,0,0.0,0.930363,0.930363,6.035481432524756,1.3211956831237561,4,1,0,0,1,0,0,0,3.1535015673472766,1
571265,tt9507234,Digimon Adventure: Last Evolution Kizuna,デジモンアドベンチャー LAST EVOLUTION 絆,"Tai is now a university student, living alone, working hard at school, and working every day, but with his future still undecided. Meanwhile, Matt and others continue to work on Digimon incidents and activities that help people with their partner Digimon. When an unprecedented phenomenon occurs, the DigiDestined discover that when they grow up, their relationship with their partner Digimon will come closer to an end.",2020-02-21,Released,"Action, Adventure, Animation, Fantasy","monster, sequel, digital, anime, based on anime, proxy battle",Tomohisa Taguchi,"Natsuki Hanae, Mao Ichimichi, Suzuko Mimori, Yoshimasa Hosoya, Junya Enoki",0,17361009,95,8.12,267,2.669,ja,JP,False,False,OMDb request failed: 401 Client Error: Unauthorized for url: https://www.omdbapi.com/?i=tt9507234&plot=short&apikey=f87d98bd,0.0,1,2020,2,1,0,0.0,17.361009,17.361009,5.5909869805108565,1.299919145373145,4,1,1,0,0,1,0,1,3.0636359188826,1
637202,tt9534948,Fate/Grand Order the Movie: Divine Realm of the Round Table: Camelot 1 Wandering; Agateram,Fate/Grand Order -神聖円卓領域キャメロット- 前編 Wandering; Agateram,"The wandering knight, Bedivere, reaches the end of his journey. It is A.D. 1273 in Jerusalem. The Holy Land has been transformed into a massive desert and its people have been forced out of their homes as three major powers wage war with each other in this wasteland. The Knights of the Round Table come together to protect the Holy City and their Lion King. With the whole of his kingdom summoned into a strange land, Ozymandias, the Sun King, quietly plots against the tyranny of this bizarre realm. The mountain people, protectors of those who were stripped of their land, await their chance at rebellion. In order to fulfill his mission, Bedivere heads for the Holy City where the Lion King rules. There he meets humanity’s final Master, Ritsuka Fujimaru, who has come to Jerusalem, accompanied by his Demi-Servant, Mash Kyrielight, in their quest to restore human history.",2020-12-05,Released,"Action, Adventure, Animation, Drama, Fantasy, History","magic, mythology, based on video game, anime",Kei Suezawa,"Mamoru Miyano, Nobunaga Shimazaki, Rie Takahashi, Ayako Kawasumi, Maaya Sakamoto",2000000,3607899,90,7.101,74,2.3355,ja,JP,False,False,OMDb request failed: 401 Client Error: Unauthorized for url: https://www.omdbapi.com/?i=tt9534948&plot=short&apikey=f87d98bd,1.8039495,1,2020,12,4,1,2.0,3.607899,1.607899,4.31748811353631,1.204622593167433,6,1,1,0,1,1,0,1,3.4153438810055614,1
390635,tt8092118,Fate/stay night: Heaven's Feel III. Spring Song,劇場版「Fate/stay night [Heaven’s Feel]」Ⅲ.spring song,"The battle rages on as Shirou continues to protect Sakura, now consumed by the darkness. He joins forces with Rin to end the Holy Grail War, while Illyasviel, who knows the truth behind it, confronts her fate. Amidst the chaos, Zouken plots to manipulate Sakura for his own desires. The final fight begins.",2020-08-15,Released,"Action, Animation, Drama, Fantasy, Romance","japan, holy grail, fight, magic, supernatural, sequel, alternate version, based on video game, anime, based on visual novel",Tomonori Sudo,"Noriaki Sugiyama, Noriko Shitaya, Ayako Kawasumi, Kana Ueda, Mai Kadowaki",0,20150000,120,7.7,199,2.2422,ja,JP,False,False,OMDb request failed: 401 Client Error: Unauthorized for url: https://www.omdbapi.com/?i=tt8092118&plot=short&apikey=f87d98bd,0.0,1,2020,8,3,0,0.0,20.15,20.15,5.298317366548036,1.1762521117253357,5,1,0,0,1,1,0,1,2.8961854217410057,1
728754,tt13428402,Stand by Me Doraemon 2,STAND BY ME ドラえもん2,"Nobita travels to the future to show his beloved grandma his bride, but adult Nobita has fled his own wedding.",2020-11-20,Released,"Adventure, Animation, Comedy, Drama, Family, Fantasy, Science Fiction","gadget, time travel, school, based on manga, anime, based on anime","Takashi Yamazaki, Ryuichi Yagi","Wasabi Mizuta, Megumi Oohara, Yumi Kakazu, Subaru Kimura, Tomokazu Seki",0,0,96,7.765,245,2.2175,ja,JP,False,False,OMDb request failed: 401 Client Error: Unauthorized for url: https://www.omdbapi.com/?i=tt13428402&plot=short&apikey=f87d98bd,0.0,1,2020,11,4,1,0.0,0.0,0.0,5.5053315359323625,1.1686046604881446,7,1,1,1,1,1,1,0,2.942340429463076,1
724475,tt13186528,Ben 10 vs. the Universe: The Movie,Ben 10 vs. the Universe: The Movie,"A blast from Ben's past returns to do double the damage on Team Tennyson and planet Earth itself, forcing Ben to go interstellar to save the day. Based on the 2016 reboot.",2020-10-02,Released,"Action, Adventure, Animation, Science Fiction","extraterrestrial technology, alien, based on cartoon, alien race, based on tv series","John McIntyre, Henrique Jardim","Tara Strong, Montse Hernandez, David Kaye, Dee Bradley Baker, Roger Craig Smith",0,50743,70,7.478,136,2.1945,en,US,False,False,OMDb request failed: 401 Client Error: Unauthorized for url: https://www.omdbapi.com/?i=tt13186528&plot=short&apikey=f87d98bd,0.0,1,2020,10,4,0,0.0,0.050743,0.050743,4.919980925828125,1.161430581060261,4,1,1,0,0,0,0,1,2.781711726033258,1
520946,tt8774798,100% Wolf,100% Wolf,"Freddy Lupin, heir to a proud family line of werewolves, is in for a shock when on his 14th birthday his first 'warfing' goes awry, turning him into a ferocious poodle.  The pack elders give Freddy until the next moonrise to prove he has the heart of a wolf, or risk being cast out forever.  With the help of an unlikely ally in a streetwise stray named Batty, Freddy must prove he's 100% Wolf.",2020-06-26,Released,"Adventure, Animation, Family, Fantasy","poodle, teen angst, werewolf, based on children's book, dog, acceptance",Alexs Stadermann,"Ilai Swindells, Jai Courtney, Samara Weaving, Rhys Darby, Jane Lynch",0,9750139,96,6.109,336,2.1543,en,AU,False,False,OMDb request failed: 401 Client Error: Unauthorized for url: https://www.omdbapi.com/?i=tt8774798&plot=short&apikey=f87d98bd,0.0,1,2020,6,2,1,0.0,9.750139,9.750139,5.820082930352362,1.1487666013288327,4,1,1,1,0,1,0,0,2.572577429752179,0
560044,tt5206260,The Willoughbys,The Willoughbys,"When the four Willoughby children are abandoned by their selfish parents, they must learn how to adapt their Old-Fashioned values to the contemporary world in order to create something new: The Modern Family.",2020-04-22,Released,"Adventure, Animation, Comedy, Family, Fantasy",,Kris Pearn,"Will Forte, Maya Rudolph, Alessia Cara, Terry Crews, Martin Short",0,0,92,7.042,967,2.1185,en,CA,False,False,OMDb request failed: 401 Client Error: Unauthorized for url: https://www.omdbapi.com/?i=tt5206260&plot=short&apikey=f87d98bd,0.0,1,2020,4,2,0,0.0,0.0,0.0,6.875232087276577,1.1373521169840404,5,1,1,1,0,1,1,0,2.9623876306390926,1
618354,tt11079116,Superman: Man of Tomorrow,Superman: Man of Tomorrow,"It’s the dawn of a new age of heroes, and Metropolis has just met its first. But as Daily Planet intern Clark Kent – working alongside reporter Lois Lane – secretly wields his alien powers of flight, super-strength and x-ray vision in the battle for good, there’s even greater trouble on the horizon.",2020-08-23,Released,"Action, Animation, Science Fiction","superhero, based on comic, alien, super power, tomorrowverse (dc)",Chris Palmer,"Darren Criss, Zachary Quinto, Ryan Hurst, Ike Amadi, Alexandra Daddario",0,0,87,7.049,492,2.1142,en,US,False,False,OMDb request failed: 401 Client Error: Unauthorized for url: https://www.omdbapi.com/?i=tt11079116&plot=short&apikey=f87d98bd,0.0,1,2020,8,3,0,0.0,0.0,0.0,6.20050917404269,1.1359722974251871,3,1,0,0,0,0,0,1,2.8627222207201815,1
523366,tt7080422,Dragon Rider,Dragon Rider,"An unlikely trio of heroes – a dragon, a boy and a forest brownie – embark on an epic adventure to find the “Rim of Heaven” - the mythological safe haven for all dragons.",2020-10-13,Released,"Adventure, Animation, Family, Fantasy","friendship, himalaya mountain range, cartoon, dragon, quest",Tomer Eshed,"Thomas Brodie-Sangster, Freddie Highmore, Felicity Jones, Patrick Stewart, Sanjeev Bhaskar",17800000,7000000,100,7.054,177,2.1054,en,BE,False,False,OMDb request failed: 401 Client Error: Unauthorized for url: https://www.omdbapi.com/?i=tt7080422&plot=short&apikey=f87d98bd,0.3932584269662921,1,2020,10,4,0,17.8,7.0,-10.8,5.181783550292085,1.1331425315649324,4,1,1,1,0,1,0,0,2.887705204413384,1
680041,tt13139218,Over the Sky,君は彼方,"Mio is a girl in high school who slacks off. She and her childhood friend Arata and best friend Madoka spend their after-school days in Ikebukuro hanging out. One day, Madoka tells Mio that she loves Arata, and Mio realizes that she loves Arata, too. But she’s scared of their relationship falling apart and lies, saying she’ll help them. Mio deliberately acts coldly to Arata, and they get into a fight. She decides to work things out with Arata, but gets into a car accident on her way to meet him. She wakes up in a mysterious world. It's the Ikebukuro she knows, but something’s different...",2020-11-27,Released,"Animation, Drama, Fantasy, Romance","friends, unrequited love, disappearance, school life, anime, other world, mysterious world",Yoshinobu Sena,"Honoka Matsumoto, Toshiki Seto, Saori Hayami, Yui Ogura, Koichi Yamadera",0,0,95,6.9,56,2.0332,ja,JP,False,False,OMDb request failed: 401 Client Error: Unauthorized for url: https://www.omdbapi.com/?i=tt13139218&plot=short&apikey=f87d98bd,0.0,1,2020,11,4,1,0.0,0.0,0.0,4.04305126783455,1.1096181678446433,4,1,0,0,1,1,0,0,2.497900415351879,0
618353,tt12794046,DC Showcase - Batman: Death in the Family,DC Showcase - Batman: Death in the Family,Tragedy strikes the Batman's life again when Robin Jason Todd tracks down his birth mother only to run afoul of the Joker. An adaptation of the 1988 comic book storyline of the same name.,2020-10-13,Released,"Action, Animation","superhero, based on comic, interactive, short film",Brandon Vietti,"Bruce Greenwood, Vincent Martella, John DiMaggio, Zehra Fazal, Gary Cole",0,0,31,7.099,472,1.9098,en,US,False,False,OMDb request failed: 401 Client Error: Unauthorized for url: https://www.omdbapi.com/?i=tt12794046&plot=short&apikey=f87d98bd,0.0,1,2020,10,4,0,0.0,0.0,0.0,6.159095388491933,1.0680843502991513,2,1,0,0,0,0,0,1,2.8588269608186625,1
747059,tt13167288,Burrow,Burrow,"A young rabbit embarks on a journey to dig the burrow of her dreams, despite not having a clue what she's doing. Rather than reveal to her neighbors her imperfections, she digs herself deeper and deeper into trouble. After hitting (bed)rock bottom, she learns there is no shame in asking for help.",2020-12-25,Released,"Animation, Comedy, Family",pixar sparkshorts,Madeline Sharafian,,0,0,6,7.416,309,1.9029,en,US,False,False,OMDb request failed: 401 Client Error: Unauthorized for url: https://www.omdbapi.com/?i=tt13167288&plot=short&apikey=f87d98bd,0.0,1,2020,12,4,1,0.0,0.0,0.0,5.736572297479192,1.0657102373255118,3,1,0,1,0,0,1,0,2.8743423802207055,1
702525,tt9204164,Bigfoot Family,Bigfoot Family,"Bigfoot, Adam's father, wants to use his fame for a good cause. Protecting a large wildlife reserve in Alaska sounds like the perfect opportunity! When Bigfoot mysteriously disappears without a trace, Adam and his animal friends will brave anything to find him again and save the nature reserve.",2020-07-23,Released,"Adventure, Animation, Family","bigfoot, family, candid, adoring, amused","Jérémie Degruson, Ben Stassen","Jules Medcraft, David Lodge, Grant George, Shyloh Oostwald, Joey Camen",17520000,10855626,97,7.106,232,1.8377,en,BE,False,False,OMDb request failed: 401 Client Error: Unauthorized for url: https://www.omdbapi.com/?i=tt9204164&plot=short&apikey=f87d98bd,0.6196133561643835,1,2020,7,3,1,17.52,10.855626,-6.664374,5.4510384535657,1.0429938649050974,3,1,1,1,0,0,0,0,3.0294308580445923,1
635389,tt11177804,Jiang Ziya,姜子牙,"Atop the ruins of war, top commander Jiang Ziya is given the task to banish the Nine-tailed Fox Demon who threatens all mortals' very existence. When he discovers the Nine-tailed Fox's life linked to the soul of an innocent girl, he is faced with a challenging decision: follow the will of heaven or find his own path to righteousness.",2020-10-01,Released,"Action, Adventure, Animation, Fantasy","fight, creature, fantasy world, 3d animation, feng shen yanyi, donghua, awestruck, enchant, exhilarated, shenmo","Cheng Teng, Wei Li","Zheng Xi, Jiang Guangtao, Ji Guanlin, Sheng Feng, Yang Ning",0,240656068,105,7.273,218,1.8292,zh,CN,False,False,OMDb request failed: 401 Client Error: Unauthorized for url: https://www.omdbapi.com/?i=tt11177804&plot=short&apikey=f87d98bd,0.0,1,2020,10,4,0,0.0,240.656068,240.656068,5.389071729816501,1.0399939861796978,4,1,1,0,0,1,0,1,2.7826098573994296,1
743439,tt13107908,PAW Patrol: Jet to the Rescue,PAW Patrol: Jet to the Rescue,"A royal relative steals a gem with the power to make things fly, the Paw Patrol takes to the skies to stop him and save Barkingburg.",2020-09-10,Released,"Animation, Family",dog,Charles E. Bastien,"Anya Cooke, Caoimhe Judd, Lilly Bartlam, Berkley Silverman, David López",0,1792816,56,7.074,170,1.8216,en,CA,False,False,OMDb request failed: 401 Client Error: Unauthorized for url: https://www.omdbapi.com/?i=tt13107908&plot=short&apikey=f87d98bd,0.0,1,2020,9,3,0,0.0,1.792816,1.792816,5.14166355650266,1.0373040999397052,2,1,0,1,0,0,0,0,2.695345148466355,0
703771,tt12876132,Deathstroke: Knights & Dragons - The Movie,Deathstroke: Knights & Dragons - The Movie,The assassin Deathstroke tries to save his family from the wrath of H.I.V.E. and the murderous Jackal.,2020-08-04,Released,"Action, Adventure, Animation, Science Fiction","superhero, anti hero, villain, based on comic, adult animation, edited from tv series",Sung Jin Ahn,"Michael Chiklis, Sasha Alexander, Chris Jai Alex, Faye Mata, Griffin Puatu",0,0,87,6.957,468,1.778,en,US,False,False,OMDb request failed: 401 Client Error: Unauthorized for url: https://www.omdbapi.com/?i=tt12876132&plot=short&apikey=f87d98bd,0.0,1,2020,8,3,0,0.0,0.0,0.0,6.150602768446279,1.021731244332152,4,1,1,0,0,0,0,1,2.8151001019167645,1
741074,tt13061790,Once Upon a Snowman,Once Upon a Snowman,"The previously untold origins of Olaf, the innocent and insightful, summer-loving snowman are revealed as we follow Olaf’s first steps as he comes to life and searches for his identity in the snowy mountains outside Arendelle.",2020-10-23,Released,"Adventure, Animation, Comedy, Family, Fantasy","holiday, snowman, christmas, short film","Dan Abraham, Trent Correy","Josh Gad, Chris Williams, Idina Menzel, Kristen Bell, Jonathan Groff",0,0,7,6.936,570,1.6931,en,US,False,False,OMDb request failed: 401 Client Error: Unauthorized for url: https://www.omdbapi.com/?i=tt13061790&plot=short&apikey=f87d98bd,0.0,1,2020,10,4,0,0.0,0.0,0.0,6.3473892096560105,0.9906929464486154,5,1,1,1,0,1,1,0,2.834712323415694,1
664850,tt11692010,Here We Are: Notes for Living on Planet Earth,Here We Are: Notes for Living on Planet Earth,"On the eve of Earth Day, a precocious seven-year-old learns about the wonders of the planet from his parents—and a mysterious exhibit at the aptly named Museum of Everything.",2020-04-16,Released,"Animation, Family","world map, world history, earth day",Philip Hunt,"Meryl Streep, Jacob Tremblay, Chris O'Dowd, Ruth Negga, Rob Rackstraw",0,0,37,7.548,73,1.6652,en,GB,False,False,OMDb request failed: 401 Client Error: Unauthorized for url: https://www.omdbapi.com/?i=tt11692010&plot=short&apikey=f87d98bd,0.0,1,2020,4,2,0,0.0,0.0,0.0,4.30406509320417,0.980279101706245,2,1,0,1,0,0,0,0,2.679651629236562,0
618355,tt10985510,Superman: Red Son,Superman: Red Son,"Set in the thick of the Cold War, Red Son introduces us to a Superman who landed in the USSR during the 1950s and grows up to become a Soviet symbol that fights for the preservation of Stalin’s brand of communism.",2020-02-24,Released,"Action, Animation, Science Fiction","cold war, superhero, soviet union, cartoon, based on comic",Sam Liu,"Jason Isaacs, Amy Acker, Diedrich Bader, Vanessa Marshall, Phil Morris",0,0,84,7.079,897,1.6177,en,US,False,False,OMDb request failed: 401 Client Error: Unauthorized for url: https://www.omdbapi.com/?i=tt10985510&plot=short&apikey=f87d98bd,0.0,1,2020,2,1,0,0.0,0.0,0.0,6.8001700683022,0.9622960696305627,3,1,0,0,0,0,0,1,2.9341199206899145,1
690369,tt12093878,LEGO DC: Shazam! Magic and Monsters,LEGO DC: Shazam! Magic and Monsters,"It’s high time the Justice League took notice of Shazam, but joining the world’s greatest team of superheroes is a lot harder when they’ve all been turned into kids.",2020-04-28,Released,"Adventure, Animation, Comedy, Family",lego,Matt Peters,"Sean Astin, Troy Baker, Zach Callison, Grey DeLisle, Nolan North",0,0,81,7.138,159,1.6087,en,US,False,False,OMDb request failed: 401 Client Error: Unauthorized for url: https://www.omdbapi.com/?i=tt12093878&plot=short&apikey=f87d98bd,0.0,1,2020,4,2,0,0.0,0.0,0.0,5.075173815233827,0.9588520129582287,4,1,1,1,0,0,1,0,2.6896038742288084,0
550738,tt8028842,Spycies,Spycies,"Vladimir and Hector, two secret agents opposed in every way, are trying to recover a top secret material stolen by unknown intruders.",2020-01-11,Released,"Action, Adventure, Animation, Comedy, Family","secret agent, animals","Guillaume Ivernel, Zhiyi Zhang","Monsieur Poulpe, Karen Strassman, Davy Mourier, Guangtao Jiang, Ma Zhengyang",0,10000000,96,7.4,220,1.6044,fr,CN,False,False,OMDb request failed: 401 Client Error: Unauthorized for url: https://www.omdbapi.com/?i=tt8028842&plot=short&apikey=f87d98bd,0.0,1,2020,1,1,0,0.0,10.0,10.0,5.3981627015177525,0.95720232238057,5,1,1,1,0,0,1,1,2.803304753584748,1
735364,tt12917148,The Boss Baby: Get That Baby!,The Boss Baby: Get That Baby!,Think you've got what it takes to be the boss? This interactive special puts your skills to the test and matches you up with one of 16 jobs at Baby Corp.,2020-09-01,Released,"Animation, Comedy, Family",interactive,"Pete Jacobs, Dan Forgione, Matt Whitlock","Flula Borg, Alex Cazares, Rhys Darby, Pierce Gagnon, Jake Green",0,0,24,6.3,77,1.5101,en,US,False,False,OMDb request failed: 401 Client Error: Unauthorized for url: https://www.omdbapi.com/?i=tt12917148&plot=short&apikey=f87d98bd,0.0,1,2020,9,3,0,0.0,0.0,0.0,4.356708826689592,0.9203225929875256,3,1,0,1,0,0,1,0,2.3665547129515674,0
655437,tt13276012,Poupelle of Chimney Town,映画 えんとつ町のプペル,The story is about a young boy named Lubicchi and a trashman named Poupelle who meet on a Halloween night in a city that is full of tall chimneys. The chimneys pour out black smoke and the true sky cannot be seen.,2020-12-25,Released,"Adventure, Animation, Drama, Fantasy","based on novel or book, magic, halloween party, steampunk, anime",Yusuke Hirota,"Masataka Kubota, Mana Ashida, Shinosuke Tatekawa, Eiko Koike, Shingo Fujimori",0,0,100,6.555,73,1.4721,ja,JP,False,False,OMDb request failed: 401 Client Error: Unauthorized for url: https://www.omdbapi.com/?i=tt13276012&plot=short&apikey=f87d98bd,0.0,1,2020,12,4,1,0.0,0.0,0.0,4.30406509320417,0.9050679918516744,4,1,1,0,1,1,0,0,2.4201199627583767,0
721656,tt12838958,"Happy Halloween, Scooby-Doo!","Happy Halloween, Scooby-Doo!","Scooby-Doo and the gang team up with their pals, Bill Nye The Science Guy and Elvira Mistress of the Dark, to solve this mystery of gigantic proportions and save Crystal Cove!",2020-10-06,Released,"Animation, Comedy, Family, Horror, Mystery","friendship, halloween, talking dog, friends, family",Maxwell Atoms,"Frank Welker, Grey DeLisle, Matthew Lillard, Kate Micucci, Cassandra Peterson",0,0,77,7.781,253,1.4704,en,US,False,False,OMDb request failed: 401 Client Error: Unauthorized for url: https://www.omdbapi.com/?i=tt12838958&plot=short&apikey=f87d98bd,0.0,1,2020,10,4,0,0.0,0.0,0.0,5.537334267018537,0.90438008084832,5,1,0,1,0,0,1,0,2.9115071521800284,1
732670,tt12885438,LEGO Star Wars Holiday Special,LEGO Star Wars Holiday Special,"As her friends prep for a Life Day holiday celebration, Rey journeys with BB-8 on a quest to gain a deeper knowledge of the Force at a mysterious Jedi Temple. There, she embarks on a cross-timeline adventure through beloved moments in Star Wars history, coming into contact with iconic heroes and villains from all eras of the saga. But will she make it back in time for the Life Day feast?",2020-11-17,Released,"Adventure, Animation, Comedy, Family, Science Fiction","holiday, time travel, time machine, telekinetic, christmas, lego, short film, evil villain",Ken Cunningham,"Helen Sadler, Trevor Devall, Matt Sloan, Omar Benson Miller, Jake Green",0,0,50,6.56,367,1.441,en,DK,False,False,OMDb request failed: 401 Client Error: Unauthorized for url: https://www.omdbapi.com/?i=tt12885438&plot=short&apikey=f87d98bd,0.0,1,2020,11,4,1,0.0,0.0,0.0,5.908082938168931,0.892407791410823,5,1,1,1,0,0,1,0,2.6600736094369632,0
587562,tt12615474,Two by Two: Overboard!,Two by Two: Overboard!,"Two misfit castaways struggle to reunite an unorthodox family, out-run a volcano, and negotiate a peace deal on a creaking Ark.",2020-09-24,Released,"Adventure, Animation, Comedy, Family",noah's ark,"Toby Genkel, Seán McCormack","Max Carolan, Dermot Magennis, Tara Flynn, Ava Connolly, Mary Murray",0,10885076,85,7.6,174,1.3635,en,DE,False,False,OMDb request failed: 401 Client Error: Unauthorized for url: https://www.omdbapi.com/?i=tt12615474&plot=short&apikey=f87d98bd,0.0,1,2020,9,3,0,0.0,10.885076,10.885076,5.1647859739235145,0.8601435712511539,4,1,1,1,0,0,1,0,2.8037394317762003,1
594530,tt10167262,Lamp Life,Lamp Life,Bo Peep explains what happened to herself and her sheep between the events of Toy Story 2 and Toy Story 4.,2020-01-31,Released,"Adventure, Animation, Comedy, Family","cartoon, toy comes to life, short film",Valerie LaPointe,"Annie Potts, Ally Maki, Jim Hanks, Emily Davis",0,0,7,7.107,328,1.3459,en,US,False,False,OMDb request failed: 401 Client Error: Unauthorized for url: https://www.omdbapi.com/?i=tt10167262&plot=short&apikey=f87d98bd,0.0,1,2020,1,1,0,0.0,0.0,0.0,5.796057750765372,0.8526691235768303,4,1,1,1,0,0,1,0,2.7740590311513302,1
726664,tt8675288,Fearless,Fearless,A teen gamer is forced to level up to full-time babysitter when his favorite video game drops three superpowered infants from space into his backyard.,2020-08-14,Released,"Animation, Comedy, Family","video game, superhero",Cory Edwards,"Yara Shahidi, Gabrielle Union, Dwyane Wade, Miles Robbins, Fat Joe",0,0,89,5.94,142,1.3379,en,CA,False,False,OMDb request failed: 401 Client Error: Unauthorized for url: https://www.omdbapi.com/?i=tt8675288&plot=short&apikey=f87d98bd,0.0,1,2020,8,3,0,0.0,0.0,0.0,4.962844630259907,0.8492530905354879,3,1,0,1,0,0,1,0,2.3568146581193092,0
723343,tt13308788,Date A Bullet: Nightmare or Queen,デート・ア・バレット 後編 ナイトメア・オア・クイーン,"Second part of the ""Date A Bullet"" films.",2020-11-13,Released,"Action, Animation, Romance, Science Fiction","sequel, romance, school, spin off, ecchi, anime, based on light novel",Jun Nakagawa,"Asami Sanada, Saori Onishi, Kaede Hondo, Mariya Ise, Rina Hidaka",0,0,29,7.7,62,1.2862,ja,JP,False,False,OMDb request failed: 401 Client Error: Unauthorized for url: https://www.omdbapi.com/?i=tt13308788&plot=short&apikey=f87d98bd,0.0,1,2020,11,4,1,0.0,0.0,0.0,4.143134726391533,0.826891050609541,4,1,0,0,0,0,0,1,2.670503866550161,0
738215,tt12767498,Barbie: Princess Adventure,Barbie: Princess Adventure,"With new friends in a new kingdom, Barbie learns what it means to be herself when she trades places with a royal lookalike in this musical adventure.",2020-09-01,Released,"Animation, Family, Music","princess, musical, based on toy, female protagonist, identity swap, 3d animation",Conrad Helten,"America Young, Erica Lindbeck, Stephanie Sheh, Emma Adele Galvin, Ritesh Rajan",0,0,72,7.0,243,1.2609,en,US,False,False,OMDb request failed: 401 Client Error: Unauthorized for url: https://www.omdbapi.com/?i=tt12767498&plot=short&apikey=f87d98bd,0.0,1,2020,9,3,0,0.0,0.0,0.0,5.497168225293202,0.8157629641001335,3,1,0,1,0,0,0,0,2.6969396784090005,0
713776,tt11768948,If Anything Happens I Love You,If Anything Happens I Love You,"In this Oscar-winning short film, grieving parents journey through an emotional void as they mourn the loss of a child after a tragic school shooting.",2020-03-07,Released,"Animation, Drama","tearjerker, social issues, grieving parents, loss of child, short film, sentimental","Michael Govier, Will McCormack",,0,0,12,7.685,989,1.189,en,US,False,False,OMDb request failed: 401 Client Error: Unauthorized for url: https://www.omdbapi.com/?i=tt11768948&plot=short&apikey=f87d98bd,0.0,1,2020,3,1,0,0.0,0.0,0.0,6.897704943128636,0.7834448185407259,2,1,0,0,1,0,0,0,3.073422464250404,1
779019,,Grisaia: Phantom Trigger the Animation - Stargazer,グリザイア：ファントムトリガー THE ANIMATION スターゲイザー,"While Rena and Maki recover from their injuries, the other SORD members jet off overseas for a school trip. Within moments of their arrival, though, the Mihama gang are pulled into a manhunt for a SORD deserter, assisted by student Sylvia and Velvet of St. Aile's International School. Tohka's the star of the show this time round, but she's wrestling with her own issues - old memories of her parents, and a promise to a friend that she wasn't able to keep...",2020-11-27,Released,"Action, Animation","school, military, anime, based on visual novel",Kosuke Murayama,"Ayane Sakura, Suzuko Mimori, Maaya Uchida, Kaori Nazuka, Atsumi Tanezaki",0,0,61,6.5,50,1.1776,ja,JP,False,False,,0.0,1,2020,11,4,1,0.0,0.0,0.0,3.9318256327243257,0.7782233529150646,2,1,0,0,0,0,0,1,2.3315073478459083,0
627661,tt8524650,Cranston Academy: Monster Zone,Cranston Academy: Monster Zone,An intelligent 15-year-old high school student is unexpectedly transferred to a boarding school where he opens a portal of monsters from another dimension.,2020-04-29,Released,"Adventure, Animation, Fantasy, Horror, Science Fiction",,Leopoldo Aguilar,"Jamie Bell, Ruby Rose, Idzi Dutkiewicz, Ellie Piercy, Terry Mynott",0,641308,80,6.018,110,1.0745,en,MX,False,False,OMDb request failed: 401 Client Error: Unauthorized for url: https://www.omdbapi.com/?i=tt8524650&plot=short&apikey=f87d98bd,0.0,1,2020,4,2,0,0.0,0.641308,0.641308,4.709530201312334,0.7297201607907855,5,1,1,0,0,1,0,0,2.320387554315468,0
673595,tt11898442,"Maggie Simpson in ""Playdate with Destiny""","Maggie Simpson in ""Playdate with Destiny""","When Maggie Simpson is rescued by a cute young baby from playground peril, it's girl meets boy, girl loses boy, guess what happens next?",2020-02-29,Released,"Animation, Comedy, Family, Romance","cartoon, playground, romance, meet cute, babies, short film",David Silverman,Chris Edgerly,0,0,4,7.371,365,1.0607,en,US,False,False,OMDb request failed: 401 Client Error: Unauthorized for url: https://www.omdbapi.com/?i=tt11898442&plot=short&apikey=f87d98bd,0.0,1,2020,2,1,0,0.0,0.0,0.0,5.902633333401366,0.7230457309058086,4,1,0,1,0,0,1,0,2.836601859646076,1
743904,tt13071908,"Curious George: Go West, Go Wild","Curious George: Go West, Go Wild","While farm-sitting, George accidentally lets the farm animals escape. Ted, George and wannabe cowboy Emmett must round 'em up, accounting for every animal -- and emerging with some new skills, to boot.",2020-09-08,Released,"Animation, Family, TV Movie","monkey, farm animals",Michael LaBash,"Frank Welker, Jeff Bennett, Max Mittelman, April Stewart, Phil Morris",0,0,86,6.082,92,1.023,en,US,False,False,OMDb request failed: 401 Client Error: Unauthorized for url: https://www.omdbapi.com/?i=tt13071908&plot=short&apikey=f87d98bd,0.0,1,2020,9,3,0,0.0,0.0,0.0,4.532599493153256,0.7045815581856084,3,1,0,1,0,0,0,0,2.3060771577008294,0
718867,tt12588448,The Larva Island Movie,The Larva Island Movie,"Back at home, Chuck relates the island shenanigans of his larva pals Red and Yellow to a skeptical reporter in this movie sequel to the hit cartoon.",2020-07-23,Released,"Animation, Family","island, lava, wild animal, larvae",Ahn Byoung-wook,"Hong Bum-ki, Kang Shin-hyung, Eddy Lee, Ahn Hyo-min, Kim Yeon-woo",0,0,89,7.111,184,0.9912,en,KR,False,False,OMDb request failed: 401 Client Error: Unauthorized for url: https://www.omdbapi.com/?i=tt12588448&plot=short&apikey=f87d98bd,0.0,1,2020,7,3,1,0.0,0.0,0.0,5.220355825078324,0.6887374720712451,2,1,0,1,0,0,0,0,2.6641139945724355,0
749618,tt12481806,Xico's Journey,El camino de Xico,"The peace of a small town is endangered when a corporation wants to destroy the mountain that protects them. A girl named Copi and her best friend Xico, a Xoloitzcuintle dog, will go into the mountains to try to save the town.",2020-11-12,Released,"Animation, Family, Fantasy",computer animation,Eric Cabello,"Pablo Gama Iturrarán, Verónica Álvarez, Luis Ángel Jaramillo, Lila Downs, Elena Poniatowska",0,0,87,6.6,106,0.9467,es,MX,False,False,OMDb request failed: 401 Client Error: Unauthorized for url: https://www.omdbapi.com/?i=tt12481806&plot=short&apikey=f87d98bd,0.0,1,2020,11,4,1,0.0,0.0,0.0,4.672828834461906,0.6661356313130954,3,1,0,1,0,1,0,0,2.45084466986625,0
663459,tt12139700,Jungle Beat: The Movie,Jungle Beat: The Movie,The Jungle Beat animals think it’s the best thing ever when an alien arrives in the jungle bringing with him the power of speech. They also surprisingly think it’s the best thing ever when they find out that he’s been sent to conquer them.,2020-06-26,Released,"Animation, Comedy, Family, Science Fiction","alien, jungle, alien invasion",Brent Dawes,"David Menkin, David Rintoul, Gavin Peter, Florrie May Wilkinson, Adam Neill",0,0,89,6.873,122,0.9103,en,MU,False,False,OMDb request failed: 401 Client Error: Unauthorized for url: https://www.omdbapi.com/?i=tt12139700&plot=short&apikey=f87d98bd,0.0,1,2020,6,2,1,0.0,0.0,0.0,4.812184355372417,0.6472602977874691,4,1,0,1,0,0,1,0,2.5371666979739826,0
586742,tt9855978,Dreambuilders,Drømmebyggerne,"Minna, a young girl, misuses her newfound ability to create and control other people’s dreams to teach her bothersome stepsister a lesson. When her stepsister can no longer wake up, Minna has to enter the dream world to save her.",2020-02-06,Released,"Adventure, Animation, Family","dreams, parallel world, dream world, stepsister, dream realm, new family, dreamland, dreamworld, father daughter relationship","Kim Hagen Jensen, Tonni Zinck","Emilie Kroyer Koppel, Caroline Vedel Larsen, Rasmus Botoft, Martin Buch, Ditte Hansen",0,0,81,7.5,178,0.8537,da,DK,False,False,OMDb request failed: 401 Client Error: Unauthorized for url: https://www.omdbapi.com/?i=tt9855978&plot=short&apikey=f87d98bd,0.0,1,2020,2,1,0,0.0,0.0,0.0,5.187385805840755,0.6171836417529065,3,1,1,1,0,0,0,0,2.745685417139049,0
657561,tt9239422,The Wishmas Tree,The Wishmas Tree,"A young possum's misguided wish for a white Wishmas not only freezes her entire hometown of Sanctuary City, but also threatens the lives of all who live there. Before the magical Wishmas Tree dies, she must undertake a perilous journey into the WILD; battling self-doubt, ghostly predators and ultimately, Extinction itself, to reverse the damage she has caused and save her city.",2020-02-27,Released,"Action, Adventure, Animation, Family","holiday, animals, wishes, cartoon possum",Ricard Cussó,"Miranda Tapsell, Ross Noble, Kate Murphy, Ricard Cussó, Ryan Renshaw",0,0,90,6.4,82,0.8448,en,AU,False,False,OMDb request failed: 401 Client Error: Unauthorized for url: https://www.omdbapi.com/?i=tt9239422&plot=short&apikey=f87d98bd,0.0,1,2020,2,1,0,0.0,0.0,0.0,4.418840607796598,0.6123708705326575,4,1,1,1,0,0,0,1,2.3546817217493885,0
752455,tt13260836,Angela's Christmas Wish,Angela's Christmas Wish,"A determined Angela makes a wish to reunite her family in time for Christmas, then launches a plan to find her way from Ireland to Australia.",2020-12-01,Released,"Animation, Family",,Damien O'Connor,"Lucy O'Connell, Ruth Negga, Moe Dunford, Pat Kinevane, Jared Harris",0,0,48,6.392,116,0.8215,en,US,False,False,OMDb request failed: 401 Client Error: Unauthorized for url: https://www.omdbapi.com/?i=tt13260836&plot=short&apikey=f87d98bd,0.0,1,2020,12,4,1,0.0,0.0,0.0,4.762173934797756,0.5996603374664814,2,1,0,1,0,0,0,0,2.402275140839636,0
680952,tt10534996,Josep,Josep,"February 1939. Overwhelmed by the flood of Republicans fleeing Franco's dictatorship, the French government's solution consists in confining the Spanish refugees in concentration camps where they have no other choice than to build their own shelters, feed off the horses which have carried them out of their country, and die by the hundred for lack of hygiene and water... In one of these camps, two men, separated by barbwire, will become friends. One is a guard the other is Josep Bartoli (Barcelona 1910 - New York 1995), a cartoonist who fights against the Franco regime.",2020-09-30,Released,"Animation, Drama, History",,Aurel,"Sergi López, Alba Pujol, Sílvia Pérez Cruz, Valérie Lemercier, Gérard Hernandez",0,0,74,7.492,122,0.8051,fr,BE,False,False,OMDb request failed: 401 Client Error: Unauthorized for url: https://www.omdbapi.com/?i=tt10534996&plot=short&apikey=f87d98bd,0.0,1,2020,9,3,0,0.0,0.0,0.0,4.812184355372417,0.5906159919122788,3,1,0,0,1,0,0,0,2.6834200520927043,0
618352,tt11802028,DC Showcase: The Phantom Stranger,DC Showcase: The Phantom Stranger,"Jess joins her friends at a party in a dilapidated mansion hosted by the mysterious Seth. When odd things begin to happen to Jess and her friends, the Phantom Stranger intervenes to save her from a dreary fate.",2020-02-25,Released,"Action, Animation, Fantasy, Horror","superhero, anime, short film",Bruce Timm,"Peter Serafinowicz, Grey DeLisle, Natalie Lander, Michael Rosenbaum, Roger Craig Smith",0,0,15,6.73,98,0.803,en,US,False,False,OMDb request failed: 401 Client Error: Unauthorized for url: https://www.omdbapi.com/?i=tt11802028&plot=short&apikey=f87d98bd,0.0,1,2020,2,1,0,0.0,0.0,0.0,4.59511985013459,0.5894519442211802,4,1,0,0,0,1,0,1,2.4601857691533655,0
706712,tt12354886,Beauty Water,기기괴괴 성형수,"Beauty Water looks like a common skin cosmetic. But unlike other cosmetics, people can sculpt their skin with it like molding clay and change their appearance. An ordinary girl, Yaeji, comes across the 'Beauty Water' by chance, and her endless desire to be the most beautiful woman brings her unimaginable disaster.",2020-09-09,Released,"Animation, Drama, Horror","psychology, based on comic, distortion, vanity, body horror, based on webcomic or webtoon",Cho Kyung-hun,"Moon Nam-sook, Jang Min-hyeok, Cho Hyun-jung, Kim Bo-yeong, Choi Seung-hoon",0,0,85,5.689,53,0.7961,ko,KR,False,False,OMDb request failed: 401 Client Error: Unauthorized for url: https://www.omdbapi.com/?i=tt12354886&plot=short&apikey=f87d98bd,0.0,1,2020,9,3,0,0.0,0.0,0.0,3.9889840465642745,0.585617647617279,3,1,0,0,1,0,0,0,2.108440254127233,0
774810,tt13458584,A Trash Truck Christmas,A Trash Truck Christmas,"When Santa crash-lands in the junkyard on Christmas Eve, Hank, Trash Truck and their animal friends all have a hand in rescuing the holiday for everyone.",2020-12-11,Released,"Adventure, Animation, Family",christmas,Eddie Rosas,"Henry Keane, Glen Keane, Lucas Neff, Brian Baumgartner, Jackie Loeb",0,0,28,6.314,59,0.7901,en,US,False,False,OMDb request failed: 401 Client Error: Unauthorized for url: https://www.omdbapi.com/?i=tt13458584&plot=short&apikey=f87d98bd,0.0,1,2020,12,4,1,0.0,0.0,0.0,4.0943445622221,0.5822714842140089,3,1,1,1,0,0,0,0,2.279992406965416,0
618350,tt12272414,DC Showcase: Adam Strange,DC Showcase: Adam Strange,"On a rugged asteroid mining colony, few of the toiling workers are aware that their town drunk was ever anything but an interplanetary derelict. But when the miners open a fissure into the home of a horde of deadly alien insects, his true identity is exposed. He is space adventurer Adam Strange, whose heroic backstory is played out in flashbacks as he struggles to save the very people who have scorned him for so long.",2020-05-19,Released,"Action, Animation, Science Fiction","superhero, short film, dc animated movie universe (dcamu)",Butch Lukic,"Charlie Weber, Roger Cross, Kimberly Brooks, Ray Chase, Fred Tatasciore",0,0,16,6.381,67,0.6974,en,US,False,False,OMDb request failed: 401 Client Error: Unauthorized for url: https://www.omdbapi.com/?i=tt12272414&plot=short&apikey=f87d98bd,0.0,1,2020,5,2,0,0.0,0.0,0.0,4.219507705176107,0.5290976685534394,3,1,0,0,0,0,0,1,2.307540806059432,0
619918,tt9537888,Ella Bella Bingo,Elleville Elfrid,"Ella Bella Bingo and Henry are best friends, but one day a new boy moves into the neighbourhood and everything changes.",2020-01-24,Released,"Animation, Family","friendship, friends, neighbor","Frank Mosvold, Atle Solberg Blakseth","Ninni Spone, Bjarte Hjelmeland, Oskar Fjeldstad-Bergheim, Elias Søvold-Simonsen, Johannes Joner",6000000,1339784,75,6.6,63,0.6847,no,NO,False,False,OMDb request failed: 401 Client Error: Unauthorized for url: https://www.omdbapi.com/?i=tt9537888&plot=short&apikey=f87d98bd,0.2232973333333333,1,2020,1,1,0,6.0,1.339784,-4.660216,4.1588830833596715,0.5215875064100213,2,1,0,1,0,0,0,0,2.4525543884654537,0
686941,tt11875456,Dragons: Rescue Riders: Hunt for the Golden Dragon,Dragons: Rescue Riders: Hunt for the Golden Dragon,"It's the treasure hunt of a lifetime for the Rescue Riders, who must race to find a precious golden dragon egg and protect it from evil pirates.",2020-03-27,Released,"Animation, Family, TV Movie",,"Robert Scull, Jonny Belt, Jack C. Thomas","Noah Kaye Bentley, Zach Callison, Nicolas Cantu, Skai Jackson, Marsai Martin",0,0,46,6.7,73,0.681,en,US,False,False,OMDb request failed: 401 Client Error: Unauthorized for url: https://www.omdbapi.com/?i=tt11875456&plot=short&apikey=f87d98bd,0.0,1,2020,3,1,0,0.0,0.0,0.0,4.30406509320417,0.5193888544264785,3,1,0,1,0,0,0,0,2.3985180921445974,0
656561,tt11332750,Alien Xmas,Alien Xmas,"A young elf mistakes a tiny alien for a Christmas gift, not knowing her new plaything has plans to destroy Earth's gravity — and steal all the presents.",2020-11-20,Released,"Animation, Comedy, Family, Fantasy, Science Fiction","alien, stop motion, christmas",Stephen Chiodo,"Dee Bradley Baker, Barbara Goodson, Kirk Thornton, Tony Oliver, Keythe Farley",0,0,42,6.5,119,0.6463,en,US,False,False,OMDb request failed: 401 Client Error: Unauthorized for url: https://www.omdbapi.com/?i=tt11332750&plot=short&apikey=f87d98bd,0.0,1,2020,11,4,1,0.0,0.0,0.0,4.787491742782046,0.498530345671839,5,1,0,1,0,1,1,0,2.4179033132680825,0
764079,tt13457952,Minions: Holiday Special,Minions: Holiday Special,"Four mini-movie escapades starring the Minions, with various special guest appearances, all to celebrate the holidays!",2020-11-27,Released,"Animation, Comedy, Family",,Brad Ableson,"Pierre Coffin, Carlos Alazraqui, Brian T. Delaney, Jessica DiCicco, Elsie Fisher",0,0,21,6.899,149,0.6311,en,US,False,False,OMDb request failed: 401 Client Error: Unauthorized for url: https://www.omdbapi.com/?i=tt13457952&plot=short&apikey=f87d98bd,0.0,1,2020,11,4,1,0.0,0.0,0.0,5.0106352940962555,0.4892546338378476,3,1,0,1,0,0,1,0,2.5497334891901153,0
688900,tt12079068,Sol Levante,ソル・レヴァンテ,A young warrior and her familiar search for the sacred place said to fulfill wishes. It's best not to anger the ancient guardians and spirits.,2020-04-02,Released,"Action, Animation, Fantasy, Science Fiction","artifact, spirit, fantasy world, anime, short film",Akira Saitoh,,0,0,4,4.754,61,0.6222,ja,JP,False,False,OMDb request failed: 401 Client Error: Unauthorized for url: https://www.omdbapi.com/?i=tt12079068&plot=short&apikey=f87d98bd,0.0,1,2020,4,2,0,0.0,0.0,0.0,4.127134385045092,0.48378325265410727,4,1,0,0,0,1,0,1,1.8801376456548797,0
574089,tt9536836,Loop,Loop,"A non-verbal, autistic girl and a chatty boy are partnered on a canoeing trip. To complete their journey across an urban lake, they must both learn how the other experiences the world.",2020-01-10,Released,"Animation, Drama, Family","autism, journey, canoeing, pixar sparkshorts",Erica Milsom,"Madison Bandy, Christiano ""Chachi"" Delgado, Louis Gonzales, Asher Brodkey",0,0,10,6.67,209,0.5749,en,US,False,False,OMDb request failed: 401 Client Error: Unauthorized for url: https://www.omdbapi.com/?i=tt9536836&plot=short&apikey=f87d98bd,0.0,1,2020,1,1,0,0.0,0.0,0.0,5.3471075307174685,0.4541917781983979,3,1,0,1,1,0,0,0,2.53769489633738,0
653247,tt8790552,"Turu, the Wacky Hen",La Gallina Turuleca,"Like a love song to differences, Turu, the Wacky Hen tells the story of a creature who, due to her particular appearance, becomes the object of ridicule for the rest of the henhouse. Her wiry legs and featherless back don’t startle Isabel, an ex music teacher who picks her for being so special. Turuleca doesn’t lay eggs because her hidden talent is another: she talks, she sings and she dances, giving it her all. Turu, the Wacky Hen is a full-color, animated party that invites us to move our bodies to its musical numbers, making us sing verses that have the power to turn us into children once again, if only for a little while.",2020-01-01,Released,"Adventure, Animation, Family, Music",,"Eduardo Gondell, Víctor Monigote","Eva Hache, José Mota, Ana Ángeles García, Álvaro de Juana Pecos, Paula Coria Portilla",0,0,80,7.1,105,0.5738,es,AR,False,False,OMDb request failed: 401 Client Error: Unauthorized for url: https://www.omdbapi.com/?i=tt8790552&plot=short&apikey=f87d98bd,0.0,1,2020,1,1,0,0.0,0.0,0.0,4.663439094112067,0.4534930771187459,4,1,1,1,0,0,0,0,2.5425398256846217,0
776979,tt13322484,Cops and Robbers,Cops and Robbers,Animation and activism unite in this multimedia spoken-word response to police brutality and racial injustice.,2020-12-28,Released,Animation,"police brutality, police, black activist, adult animation, social issues, activist, racial injustice, black lives matter, short film","Timothy Ware-Hill, Arnon Manor",Timothy Ware-Hill,0,0,8,6.6,61,0.5349,en,US,False,False,OMDb request failed: 401 Client Error: Unauthorized for url: https://www.omdbapi.com/?i=tt13322484&plot=short&apikey=f87d98bd,0.0,1,2020,12,4,1,0.0,0.0,0.0,4.127134385045092,0.42846523233722533,1,1,0,0,0,0,0,0,2.3333399426073473,0
706860,tt12366826,Out,Out,"On an average day, Greg's life is filled with family, love and a rambunctious little dog - but despite all of this, Greg has a secret. Today is different, though. With some help from his precocious pup, and a little bit of magic, Greg might learn that he has nothing to hide.",2020-05-22,Released,"Animation, Comedy, Drama, Family, Fantasy, Romance","coming out, magic, in the closet, dog, lgbt, parents, gay theme, short film, pixar sparkshorts",Steven Clay Hunter,"Bernadette Sullivan, Kyle McDaniel, Caleb Cabrera, Matthew Martin",0,0,14,7.243,210,0.519,en,US,False,False,OMDb request failed: 401 Client Error: Unauthorized for url: https://www.omdbapi.com/?i=tt12366826&plot=short&apikey=f87d98bd,0.0,1,2020,5,2,0,0.0,0.0,0.0,5.351858133476067,0.4180522236136358,6,1,0,1,1,1,1,0,2.6762365535634554,0
770922,tt9711282,Canvas,Canvas,"After a heartbreaking loss, a grandfather struggling to reclaim his passion for painting finds the inspiration to create again.",2020-10-29,Released,"Animation, Drama, Family","painter, short film",Frank E. Abney III,,0,0,9,6.39,178,0.47,en,US,False,False,OMDb request failed: 401 Client Error: Unauthorized for url: https://www.omdbapi.com/?i=tt9711282&plot=short&apikey=f87d98bd,0.0,1,2020,10,4,0,0.0,0.0,0.0,5.187385805840755,0.3852624007906449,3,1,0,1,1,0,0,0,2.43339723099471,0
660867,tt11194650,Forky Asks a Question: What Is Cheese?,Forky Asks a Question: What Is Cheese?,"Buttercup, annoyed with all of Forky's questions, speed teaches everything there is.",2020-01-03,Released,"Animation, Comedy, Family",,Bob Peterson,"Tony Hale, Jeff Garlin, Bob Peterson",0,0,3,6.3,77,0.3943,en,US,False,False,OMDb request failed: 401 Client Error: Unauthorized for url: https://www.omdbapi.com/?i=tt11194650&plot=short&apikey=f87d98bd,0.0,1,2020,1,1,0,0.0,0.0,0.0,4.356708826689592,0.33239249721883823,3,1,0,1,0,0,1,0,2.2783651985862643,0
663343,tt12706728,Yes-People,Já-Fólkið,Six people. Living in one building but following different paths. Each gets through the day in their own way – and with their own voice.,2020-01-24,Released,"Animation, Comedy",,Gísli Darri Halldórsson,"Helga Braga Jónsdóttir, Ilmur Kristjánsdóttir, Jón Gnarr, Kristján Franklín Magnús, Sigurður Sigurjónsson",0,0,9,5.91,50,0.344,is,IS,False,False,OMDb request failed: 401 Client Error: Unauthorized for url: https://www.omdbapi.com/?i=tt12706728&plot=short&apikey=f87d98bd,0.0,1,2020,1,1,0,0.0,0.0,0.0,3.9318256327243257,0.2956502421009578,2,1,0,0,0,0,1,0,2.1116213812237925,0
662666,tt11194652,Forky Asks a Question: What Is Reading?,Forky Asks a Question: What Is Reading?,"The energetic Peas-n-a-Pod siblings teach Forky about reading and how it is done, with a little help from Mr. Spell",2020-01-10,Released,"Animation, Comedy, Family",,Bob Peterson,"Tony Hale, Addison Andrews, Mila Crespo, Imani Prior, Jeff Pidgeon",0,0,4,5.9,61,0.3274,en,US,False,False,OMDb request failed: 401 Client Error: Unauthorized for url: https://www.omdbapi.com/?i=tt11194652&plot=short&apikey=f87d98bd,0.0,1,2020,1,1,0,0.0,0.0,0.0,4.127134385045092,0.28322214172968757,3,1,0,1,0,0,1,0,2.136553479016217,0
758803,tt13362084,OPAL,OPAL,A curious girl investigates the cries she hears coming from a forbidden house across the street.,2020-10-30,Released,"Animation, Horror, Music",stop motion,Jack Stauber,Jack Stauber,0,0,13,8.3,52,0.1701,en,US,False,False,OMDb request failed: 401 Client Error: Unauthorized for url: https://www.omdbapi.com/?i=tt13362084&plot=short&apikey=f87d98bd,0.0,1,2020,10,4,0,0.0,0.0,0.0,3.970291913552122,0.1570892152427752,3,1,0,0,0,0,0,0,2.6941071693192344,0
836466,,Return,Return,"A single man has worked most of his life in a supermarket. One night, he unexpectedly meets with his father, and the two are faced with the question of the reasons for their separation.",2020-06-10,Released,Animation,,Jonathan Delgado Herrera,,0,0,12,6.4,1346,0.1257,en,UN,False,False,,0.0,1,2020,6,2,1,0.0,0.0,0.0,7.205635176410364,0.11840506437862126,1,1,0,0,0,0,0,0,2.698606036118348,0
841755,tt14901058,Mortal Kombat Legends: Battle of the Realms,Mortal Kombat Legends: Battle of the Realms,"When Shao Kahn's Outworld barbarians terrorize Earthrealm, Lord Raiden is determined to put an end to the carnage once and for all. This leaves one option: a final Mortal Kombat tournament for the future of Earthrealm – win it or lose everything. Raiden's elite fighters Liu Kang, Johnny Cage, Sonya Blade, and a few new faces kick the action into overdrive as they go head-to-head with Outworld's most bloodthirsty warriors. But deep in the Netherrealm, an unspeakable scheme by the malevolent Shinnok unfolds, threatening to obliterate existence.",2021-08-30,Released,"Action, Animation, Fantasy","chosen one, based on video game, martial arts tournament, adult animation, extreme blood",Ethan Spaulding,"Jordan Rodrigues, Jennifer Carpenter, Joel McHale, Patrick Seitz, Dave B. Mitchell",0,0,80,7.606,495,13.3613,en,US,False,False,OMDb request failed: 401 Client Error: Unauthorized for url: https://www.omdbapi.com/?i=tt14901058&plot=short&apikey=f87d98bd,0.0,1,2021,8,3,0,0.0,0.0,0.0,6.206575926724928,2.664537088770464,3,1,0,0,0,1,0,1,3.2321669523243086,1
568124,tt2953050,Encanto,Encanto,"The tale of an extraordinary family, the Madrigals, who live hidden in the mountains of Colombia, in a magical house, in a vibrant town, in a wondrous, charmed place called an Encanto. The magic of the Encanto has blessed every child in the family—every child except one, Mirabel. But when she discovers that the magic surrounding the Encanto is in danger, Mirabel decides that she, the only ordinary Madrigal, might just be her exceptional family's last hope.",2021-10-13,Released,"Animation, Comedy, Family, Fantasy","strong woman, magic, sadness, immigration, supernatural, beauty, musical, big family, forest, family secrets","Byron Howard, Jared Bush","Stephanie Beatriz, María Cecilia Botero, John Leguizamo, Diane Guerrero, Jess Darrow",150000000,261292688,102,7.568,10184,12.8187,en,US,False,False,OMDb request failed: 401 Client Error: Unauthorized for url: https://www.omdbapi.com/?i=tt2953050&plot=short&apikey=f87d98bd,1.7419512533333332,1,2021,10,4,0,150.0,261.292688,111.292688,9.228671328660907,2.6260227473447983,4,1,0,1,0,1,1,0,4.454082175400856,1
810693,tt14331144,Jujutsu Kaisen 0,劇場版 呪術廻戦 0,"Yuta Okkotsu is a nervous high school student who is suffering from a serious problem—his childhood friend Rika has turned into a curse and won't leave him alone. Since Rika is no ordinary curse, his plight is noticed by Satoru Gojo, a teacher at Jujutsu High, a school where fledgling exorcists learn how to combat curses. Gojo convinces Yuta to enroll, but can he learn enough in time to confront the curse that haunts him?",2021-12-24,Released,"Action, Animation, Fantasy","supernatural, exorcism, paranormal, prequel, tragedy, curse, based on manga, spirit, demon, school life",Sunghoo Park,"Megumi Ogata, Kana Hanazawa, Yuichi Nakamura, Takahiro Sakurai, Mikako Komatsu",0,195870885,105,8.098,1732,12.2842,ja,JP,False,False,OMDb request failed: 401 Client Error: Unauthorized for url: https://www.omdbapi.com/?i=tt14331144&plot=short&apikey=f87d98bd,0.0,1,2021,12,4,1,0.0,195.870885,195.870885,7.457609289715606,2.5865753591072767,3,1,0,0,0,1,0,1,3.5311276973234325,1
438695,tt6467266,Sing 2,Sing 2,"Buster and his new cast now have their sights set on debuting a new show at the Crystal Tower Theater in glamorous Redshore City. But with no connections, he and his singers must sneak into the Crystal Entertainment offices, run by the ruthless wolf mogul Jimmy Crystal, where the gang pitches the ridiculous idea of casting the lion rock legend Clay Calloway in their show. Buster must embark on a quest to find the now-isolated Clay and persuade him to return to the stage.",2021-12-01,Released,"Animation, Comedy, Family, Music","wolf, stage, villain, sequel, anthropomorphism, singing, thug, animals, villain arrested, talking animal",Garth Jennings,"Matthew McConaughey, Reese Witherspoon, Scarlett Johansson, Taron Egerton, Bobby Cannavale",85000000,408402685,110,7.832,4758,11.5393,en,US,False,False,OMDb request failed: 401 Client Error: Unauthorized for url: https://www.omdbapi.com/?i=tt6467266&plot=short&apikey=f87d98bd,4.804737470588235,1,2021,12,4,1,85.0,408.402685,323.402685,8.46779284112111,2.528867712275093,4,1,0,1,0,0,1,0,5.769630944774136,1
527774,tt5109280,Raya and the Last Dragon,Raya and the Last Dragon,"Long ago, in the fantasy world of Kumandra, humans and dragons lived together in harmony. But when an evil force threatened the land, the dragons sacrificed themselves to save humanity. Now, 500 years later, that same evil has returned and it’s up to a lone warrior, Raya, to track down the legendary last dragon to restore the fractured land and its divided people.",2021-03-03,Released,"Action, Adventure, Animation, Family, Fantasy","kung fu, sword, warrior woman, female protagonist, dragon, vietnamese, south asian, warrior","Carlos López Estrada, Don Hall","Kelly Marie Tran, Awkwafina, Gemma Chan, Alan Tudyk, Izaac Wang",100000000,130423032,107,7.801,7281,11.2737,en,US,False,False,OMDb request failed: 401 Client Error: Unauthorized for url: https://www.omdbapi.com/?i=tt5109280&plot=short&apikey=f87d98bd,1.30423032,1,2021,3,1,0,100.0,130.423032,30.423032,8.893160828735379,2.507458761758469,5,1,1,1,0,1,0,1,4.247246582574077,1
508943,tt12801262,Luca,Luca,Luca and his best friend Alberto experience an unforgettable summer on the Italian Riviera. But all the fun is threatened by a deeply-held secret: they are sea monsters from another world just below the water’s surface.,2021-06-17,Released,"Animation, Comedy, Drama, Family, Fantasy","friendship, monster, italy, villain, coming of age, friends, bromance, sea monster, vespa, aftercreditsstinger",Enrico Casarosa,"Jacob Tremblay, Jack Dylan Grazer, Emma Berman, Saverio Raimondo, Maya Rudolph",200000000,51074773,95,7.782,8934,10.3211,en,US,False,False,OMDb request failed: 401 Client Error: Unauthorized for url: https://www.omdbapi.com/?i=tt12801262&plot=short&apikey=f87d98bd,0.255373865,1,2021,6,2,1,200.0,51.074773,-148.925227,9.097731427593528,2.426668241198909,5,1,0,1,1,1,1,0,3.7890781895688654,1
459151,tt6932874,The Boss Baby: Family Business,The Boss Baby: Family Business,The Templeton brothers — Tim and his Boss Baby little bro Ted — have become adults and drifted away from each other. But a new boss baby with a cutting-edge approach and a can-do attitude is about to bring them together again … and inspire a new family business.,2021-07-01,Released,"Adventure, Animation, Comedy, Family","baby, boss, sequel, computer animation, sibling, family",Tom McGrath,"Alec Baldwin, James Marsden, Amy Sedaris, Ariana Greenblatt, Jeff Goldblum",82000000,146745280,107,7.331,2682,8.7123,en,US,False,False,OMDb request failed: 401 Client Error: Unauthorized for url: https://www.omdbapi.com/?i=tt6932874&plot=short&apikey=f87d98bd,1.7895765853658536,1,2021,7,3,1,82.0,146.74528,64.74528,7.894690850425624,2.2733931234611555,4,1,1,1,0,0,1,0,4.163272059497651,1
283566,tt2458948,Evangelion: 3.0+1.0 Thrice Upon a Time,シン・エヴァンゲリオン劇場版:||,"In the aftermath of the Fourth Impact, stranded without their Evangelions, Shinji, Asuka and Rei find refuge in one of the rare pockets of humanity that still exist on the ruined planet Earth. There, each lives a life far different from their days as an Evangelion pilot. However, the danger to the world is far from over. A new impact is looming on the horizon—one that will prove to be the true end of Evangelion.",2021-03-08,Released,"Action, Animation, Drama, Science Fiction","technology, dystopia, post-apocalyptic future, surreal, mecha, giant robot, battle, anime, philosophical, the end","Katsuichi Nakayama, Kazuya Tsurumaki, Mahiro Maeda, Hideaki Anno","Megumi Ogata, Yuko Miyamura, Maaya Sakamoto, Megumi Hayashibara, Kotono Mitsuishi",29700000,93882453,155,8.206,943,7.4396,ja,JP,False,False,OMDb request failed: 401 Client Error: Unauthorized for url: https://www.omdbapi.com/?i=tt2458948&plot=short&apikey=f87d98bd,3.1610253535353534,1,2021,3,1,0,29.7,93.882453,64.182453,6.8501261661455,2.132934914119836,4,1,0,0,1,0,0,1,4.821420571130709,1
501929,tt7979580,The Mitchells vs. the Machines,The Mitchells vs. the Machines,"A quirky, dysfunctional family's road trip is upended when they find themselves in the middle of the robot apocalypse and suddenly become humanity's unlikeliest last hope.",2021-04-22,Released,"Adventure, Animation, Comedy","man vs machine, technology, dysfunctional family, family relationships, family drama, father daughter conflict, evil robot, cheerful",Mike Rianda,"Abbi Jacobson, Danny McBride, Maya Rudolph, Mike Rianda, Eric André",75000000,0,114,7.846,3345,6.6501,en,HK,False,False,OMDb request failed: 401 Client Error: Unauthorized for url: https://www.omdbapi.com/?i=tt7979580&plot=short&apikey=f87d98bd,0.0,1,2021,4,2,0,75.0,0.0,-75.0,8.11552088154677,2.0347187196484326,3,1,1,0,0,0,1,0,3.4840359401792806,1
685274,tt13288678,Mobile Suit Gundam Hathaway,機動戦士ガンダム 閃光のハサウェイ,"Twelve years after Char's rebellion, Hathaway Noa leads an insurgency against Earth Federation, but meeting an enemy officer and a mysterious woman alters his fate.",2021-06-11,Released,"Action, Animation, Drama, Science Fiction","based on novel or book, space battle, mecha, military, anime, gundam",Shukou Murase,"Kensho Ono, Reina Ueda, Junichi Suwabe, Soma Saito, Atsumi Tanezaki",0,18731309,96,7.214,145,6.0765,ja,JP,False,False,OMDb request failed: 401 Client Error: Unauthorized for url: https://www.omdbapi.com/?i=tt13288678&plot=short&apikey=f87d98bd,0.0,1,2021,6,2,1,0.0,18.731309,18.731309,4.983606621708336,1.9567794351917567,4,1,0,0,1,0,0,1,2.844557908535014,1
587807,tt1361336,Tom & Jerry,Tom & Jerry,"Tom the cat and Jerry the mouse get kicked out of their home and relocate to a fancy New York hotel, where a scrappy employee named Kayla will lose her job if she can’t evict Jerry before a high-class wedding at the hotel. Her solution? Hiring Tom to get rid of the pesky mouse.",2021-02-10,Released,"Animation, Comedy, Family","aftercreditsstinger, live action and animation",Tim Story,"Chloë Grace Moretz, Michael Peña, Colin Jost, Rob Delaney, Ken Jeong",50000000,136536687,101,6.7,2574,6.0443,en,US,False,False,OMDb request failed: 401 Client Error: Unauthorized for url: https://www.omdbapi.com/?i=tt1361336&plot=short&apikey=f87d98bd,2.73073374,1,2021,2,1,0,50.0,136.536687,86.536687,7.853604813097837,1.9522187791648746,3,1,0,1,0,0,1,0,4.374703721839407,1
768744,tt13544716,My Hero Academia: World Heroes' Mission,僕のヒーローアカデミア THE MOVIE ワールド ヒーローズ ミッション,"A mysterious group called Humarize strongly believes in the Quirk Singularity Doomsday theory which states that when quirks get mixed further in with future generations, that power will bring forth the end of humanity. In order to save everyone, the Pro-Heroes around the world ask UA Academy heroes-in-training to assist them and form a world-class selected hero team. It’s up to the heroes to save the world and the future of heroes in what is the most dangerous crisis to take place yet in My Hero Academia.",2021-08-06,Released,"Action, Adventure, Animation, Science Fiction","japan, hero, superhero, school, fighting, super power, shounen, anime",Kenji Nagasaki,"Daiki Yamashita, Nobuhiko Okamoto, Yuki Kaji, Ryo Yoshizawa, Kazuya Nakai",0,46940541,105,7.584,622,5.7638,ja,JP,False,False,OMDb request failed: 401 Client Error: Unauthorized for url: https://www.omdbapi.com/?i=tt13544716&plot=short&apikey=f87d98bd,0.0,1,2021,8,3,0,0.0,46.940541,46.940541,6.434546518787453,1.9115848622964036,4,1,1,0,0,0,0,1,3.147919707162578,1
550205,tt5562070,Wish Dragon,Wish Dragon,Determined teen Din is longing to reconnect with his childhood best friend when he meets a wish-granting dragon who shows him the magic of possibilities.,2021-01-15,Released,"Adventure, Animation, Comedy, Family, Fantasy, Romance","wish, dragon, nostalgic, cheerful",Chris Appelhans,"Jimmy Wong, John Cho, Constance Wu, Natasha Liu Bordizzo, Jimmy O. Yang",0,25860000,99,7.833,1474,5.7515,en,US,False,False,OMDb request failed: 401 Client Error: Unauthorized for url: https://www.omdbapi.com/?i=tt5562070&plot=short&apikey=f87d98bd,0.0,1,2021,1,1,0,0.0,25.86,25.86,7.29641326877392,1.9097647024189601,6,1,1,1,0,1,1,0,3.3391766956789324,1
675445,tt11832046,PAW Patrol: The Movie,PAW Patrol: The Movie,Ryder and the pups are called to Adventure City to stop Mayor Humdinger from turning the bustling metropolis into a state of chaos.,2021-08-09,Released,"Action, Adventure, Animation, Comedy, Family","cartoon, rescue mission, dog, animals, cartoon dog, kids, based on tv series, 3d animation",Cal Brunker,"Iain Armitage, Will Brisbin, Marsai Martin, Lilly Bartlam, Kingsley Marshall",26000000,144327371,86,7.326,1269,5.4669,en,CA,False,False,OMDb request failed: 401 Client Error: Unauthorized for url: https://www.omdbapi.com/?i=tt11832046&plot=short&apikey=f87d98bd,5.55105273076923,1,2021,8,3,0,26.0,144.327371,118.327371,7.146772179452637,1.8666968592244426,5,1,1,1,0,0,1,1,5.681494084647715,1
776305,tt13651628,Belle,竜とそばかすの姫,"Suzu is a 17-year-old high-school student living in a rural town with her father. Wounded by the loss of her mother at a young age, Suzu one day discovers the massive online world ""U"" and dives into this alternate reality as her avatar, Belle. Before long, all of U's eyes are fixed on Belle, when, suddenly, a mysterious, dragon-like figure appears before her.",2021-07-16,Released,"Animation, Drama, Music, Science Fiction","friendship, abusive father, love, slice of life, dead mother, social network, inner strength, anime, online relationship, virtual world",Mamoru Hosoda,"Kaho Nakamura, Ryo Narita, Shota Sometani, Tina Tamashiro, Lilas Ikuta",0,63501160,121,7.621,877,4.6752,ja,JP,False,False,OMDb request failed: 401 Client Error: Unauthorized for url: https://www.omdbapi.com/?i=tt13651628&plot=short&apikey=f87d98bd,0.0,1,2021,7,3,1,0.0,63.50116,63.50116,6.777646593635117,1.7361058050372205,4,1,0,0,1,0,0,0,3.1823128598008505,1
482321,tt7504818,Ron's Gone Wrong,Ron's Gone Wrong,"In a world where walking, talking, digitally connected bots have become children's best friends, an 11-year-old finds that his robot buddy doesn't quite work the same as the others do.",2021-10-14,Released,"Animation, Comedy, Family, Science Fiction","family, best friend forever","Sarah Smith, Jean-Philippe Vine","Jack Dylan Grazer, Zach Galifianakis, Ed Helms, Olivia Colman, Rob Delaney",57000000,60692022,107,7.859,2011,4.6568,en,GB,False,False,OMDb request failed: 401 Client Error: Unauthorized for url: https://www.omdbapi.com/?i=tt7504818&plot=short&apikey=f87d98bd,1.0647723157894735,1,2021,10,4,0,57.0,60.692022,3.692022,7.60688453121963,1.7328583613078938,4,1,0,1,0,0,1,0,3.8448589759843914,1
379686,tt3554046,Space Jam: A New Legacy,Space Jam: A New Legacy,"When LeBron and his young son Dom are trapped in a digital space by a rogue A.I., LeBron must get them home safe by leading Bugs, Lola Bunny and the whole gang of notoriously undisciplined Looney Tunes to victory over the A.I.'s digitized champions on the court. It's Tunes versus Goons in the highest-stakes challenge of his life.",2021-07-08,Released,"Adventure, Animation, Comedy, Family, Science Fiction","sports, cartoon, basketball, game, live action and animation",Malcolm D. Lee,"LeBron James, Don Cheadle, Cedric Joe, Jeff Bergman, Gabriel Iglesias",150000000,163692228,115,6.641,4214,4.5698,en,US,False,False,OMDb request failed: 401 Client Error: Unauthorized for url: https://www.omdbapi.com/?i=tt3554046&plot=short&apikey=f87d98bd,1.09128152,1,2021,7,3,1,150.0,163.692228,13.692228,8.346404870435956,1.7173591466518048,5,1,1,1,0,0,1,0,3.6608912865631638,1
663558,tt13269670,New Gods: Nezha Reborn,新神榜：哪吒重生,"While living as an ordinary deliveryman and motor racing fan, Nezha encounters old nemeses and must rediscover his powers to protect his loved ones.",2021-02-06,Released,"Action, Animation, Fantasy","based on novel or book, reincarnation, dragon, xianxia, 3d animation, feng shen yanyi, nezha, donghua",Zhao Ji,"Yang Tianxiang, Zhang He, Xuan Xiaoming, Li Shimeng, Keer Zhu",0,70000000,117,8.063,512,4.3835,zh,CN,False,False,OMDb request failed: 401 Client Error: Unauthorized for url: https://www.omdbapi.com/?i=tt13269670&plot=short&apikey=f87d98bd,0.0,1,2021,2,1,0,0.0,70.0,70.0,6.240275845170769,1.6833387202736345,3,1,0,0,0,1,0,1,3.204292184816661,1
662638,tt12093860,Detective Conan: The Scarlet Bullet,名探偵コナン 緋色の弾丸,"At the opening ceremony of the WSG (World Sports Games) Tokyo Games, a sports festival held once every four years, it is announced that the world's first vacuum superconducting maglev with a maximum speed of 1,000 kilometers per hour will open. While attracting attention from around the world, top executives of large companies are kidnapped from the party venue where WSG tournament sponsors gather. Conan moves toward a solution and eventually finds a connection with the WSG abduction case that occurred 15 years ago in Boston, USA.",2021-04-16,Released,"Action, Animation, Crime, Mystery, Romance, Thriller","detective, fbi, train, anime, state crimes, shinkansen",Chika Nagaoka,"Minami Takayama, Kappei Yamaguchi, Wakana Yamazaki, Rikiya Koyama, Shuichi Ikeda",0,95371578,110,6.51,102,4.1507,ja,JP,False,False,OMDb request failed: 401 Client Error: Unauthorized for url: https://www.omdbapi.com/?i=tt12093860&plot=short&apikey=f87d98bd,0.0,1,2021,4,2,0,0.0,95.371578,95.371578,4.634728988229636,1.639132627769139,6,1,0,0,0,0,0,1,2.568579242399816,0
795607,tt15000314,Green Snake,白蛇2：青蛇劫起,"While trying to free her sister from Fahai's clutches, Xiao Qing winds up in a dystopian city and meets a mysterious man who can't recall his past life.",2021-07-23,Released,"Action, Adventure, Animation, Fantasy","3d animation, white snake, donghua",Amp Wong,"Tang Xiaoxi, Zhang Fuzheng, Wei Chao, Zhao Mingzhou, Zheng Xiaopu",0,87212911,132,8.073,364,4.0237,zh,CN,False,False,OMDb request failed: 401 Client Error: Unauthorized for url: https://www.omdbapi.com/?i=tt15000314&plot=short&apikey=f87d98bd,0.0,1,2021,7,3,1,0.0,87.212911,87.212911,5.8998973535824915,1.6141667140071867,4,1,1,0,0,1,0,1,3.145359610138452,1
761898,tt13424422,Sword Art Online the Movie - Progressive - Aria of a Starless Night,劇場版 ソードアート・オンライン-プログレッシブ- 星なき夜のアリア,"Asuna Yuuki had never played online games until accidentally putting on the NerveGear for Sword Art Online, the world’s first VRMMORPG. She soon finds herself and other players trapped inside a game, where if a player dies in the game, they die in the real world. As she continues to live on in this world where death is always a step away, a solitary swordsman named Kirito appears before her.",2021-10-30,Released,"Action, Animation, Fantasy, Science Fiction","monster, video game, virtual reality, fight, romance, sword fight, survival, reboot, fantasy world, anime",Ayako Kono,"Yoshitsugu Matsuoka, Haruka Tomatsu, Inori Minase, Koichi Yamadera, Hiroki Yasumoto",0,14037060,97,7.861,331,4.0104,ja,JP,False,False,OMDb request failed: 401 Client Error: Unauthorized for url: https://www.omdbapi.com/?i=tt13424422&plot=short&apikey=f87d98bd,0.0,1,2021,10,4,0,0.0,14.03706,14.03706,5.805134968916488,1.611515752229066,4,1,0,0,0,1,0,1,3.077747608171833,1
811634,tt14391088,The Monkey King: Reborn,西游记之再世妖王,"When the irritable monkey king visits a temple together with his master Tang Monk, he feels offended because of a trifle and thereupon accidentally destroys a magic tree growing on the sacred ground. This brings an ancient demon king back to life, who promptly kidnaps Tang Monk to take revenge for his long imprisonment. The monkey king and his followers have only three days to not only save their master but also to prevent the demon king from regaining his full powers and destroying the world…",2021-04-02,Released,"Action, Animation, Family, Fantasy","kung fu, animation",Wang Yunfei,"Jiang Bian, Haiting Cai, Su Shangqing, Zhang Lei, Zhang He",20000000,0,95,7.2,341,3.8099,zh,CN,False,False,OMDb request failed: 401 Client Error: Unauthorized for url: https://www.omdbapi.com/?i=tt14391088&plot=short&apikey=f87d98bd,0.0,1,2021,4,2,0,20.0,0.0,-20.0,5.834810737062605,1.5706762938807644,4,1,0,1,0,1,0,1,2.9108230546415057,1
770254,tt13575806,Back to the Outback,Back to the Outback,"Tired of being locked in a reptile house where humans gawk at them like they are monsters, a ragtag group of Australia’s deadliest creatures plot an escape from their zoo to the Outback, a place where they’ll fit in without being judged.",2021-12-03,Released,"Adventure, Animation, Comedy, Family","escape, zoo, creature, australian outback, koala","Claire Knight, Harry Cripps","Isla Fisher, Tim Minchin, Eric Bana, Guy Pearce, Miranda Tapsell",0,0,92,7.615,786,3.4283,en,US,False,False,OMDb request failed: 401 Client Error: Unauthorized for url: https://www.omdbapi.com/?i=tt13575806&plot=short&apikey=f87d98bd,0.0,1,2021,12,4,1,0.0,0.0,0.0,6.668228248417403,1.4880157632289237,4,1,1,1,0,0,1,0,3.127186601746949,1
579741,tt12735338,Words Bubble Up Like Soda Pop,サイダーのように言葉が湧き上がる,"After meeting one day, a shy boy who expresses himself through haiku and a bubbly but self-conscious girl share a brief, magical summer.",2021-07-22,Released,"Animation, Drama, Romance","small town, music record, poem, love, slice of life, insecurity, chance meeting, teenage romance, haiku, anime",Kyohei Ishiguro,"Somegoro Ichikawa, Hana Sugisaki, Megumi Han, Natsuki Hanae, Yuuichirou Umehara",0,0,88,7.338,333,3.3798,ja,JP,False,False,OMDb request failed: 401 Client Error: Unauthorized for url: https://www.omdbapi.com/?i=tt12735338&plot=short&apikey=f87d98bd,0.0,1,2021,7,3,1,0.0,0.0,0.0,5.811140992976701,1.4770030612453526,3,1,0,0,1,0,0,0,2.9277216081333077,1
598331,tt8337158,Rumble,Rumble,"In a world where monster wrestling is a global sport and monsters are superstar athletes, teenage Winnie seeks to follow in her father’s footsteps by coaching a loveable underdog monster into a champion.",2021-02-12,Released,"Animation, Family","monster, wrestling, based on comic, kaiju, amused",Hamish Grieve,"Will Arnett, Geraldine Viswanathan, Stephen A. Smith, Terry Crews, Jimmy Tatro",0,0,95,6.8,545,3.3727,en,US,False,False,OMDb request failed: 401 Client Error: Unauthorized for url: https://www.omdbapi.com/?i=tt8337158&plot=short&apikey=f87d98bd,0.0,1,2021,2,1,0,0.0,0.0,0.0,6.302618975744905,1.4753806672876577,2,1,0,1,0,0,0,0,2.8666999464548844,1
449406,tt6338498,Vivo,Vivo,A music-loving kinkajou named Vivo embarks on the journey of a lifetime to fulfill his destiny and deliver a love song for an old friend.,2021-07-30,Released,"Animation, Comedy, Family","musical, animals, quest, kinkajou",Kirk DeMicco,"Lin-Manuel Miranda, Ynairaly Simo, Zoe Saldaña, Juan de Marcos González, Brian Tyree Henry",0,0,96,7.251,762,3.055,en,US,False,False,OMDb request failed: 401 Client Error: Unauthorized for url: https://www.omdbapi.com/?i=tt6338498&plot=short&apikey=f87d98bd,0.0,1,2021,7,3,1,0.0,0.0,0.0,6.637258031284457,1.3999506875673762,3,1,0,1,0,0,1,0,3.0183313078277747,1
843241,tt13884144,The Seven Deadly Sins: Cursed by Light,劇場版 七つの大罪 光に呪われし者たち,"With the help of the ""Dragon Sin of Wrath"" Meliodas and the worst rebels in history, the Seven Deadly Sins, the ""Holy War"", in which four races, including Humans, Goddesses, Fairies and Giants fought against the Demons, is finally over. At the cost of the ""Lion Sin of Pride"" Escanor's life, the Demon King was defeated and the world regained peace. After that, each of the Sins take their own path.",2021-07-02,Released,"Animation, Fantasy","magic, sequel, anime",Takayuki Hamana,"Yuki Kaji, Sora Amamiya, Misaki Kuno, Aoi Yuuki, Tatsuhisa Suzuki",0,1094673,79,7.702,513,2.9975,ja,JP,False,False,OMDb request failed: 401 Client Error: Unauthorized for url: https://www.omdbapi.com/?i=tt13884144&plot=short&apikey=f87d98bd,0.0,1,2021,7,3,1,0.0,1.094673,1.094673,6.2422232654551655,1.3856691657259723,2,1,0,0,0,1,0,0,3.0696838646771707,1
664236,tt8241000,Extinct,Extinct,"Op and Ed, two adorable donut-shaped animals - flummels - accidentally time-travel from 1835 to modern-day Shanghai.  There they discover traffic, trans fats, and worst of all, that flummels are now extinct. It's up to this bumbling pair to save themselves and their species...and, just maybe, change the course of history.",2021-02-11,Released,"Adventure, Animation, Comedy, Family","time travel, extinct animals",David Silverman,"Adam Devine, Rachel Bloom, Zazie Beetz, Ken Jeong, Jim Jefferies",0,0,84,6.2,184,2.9113,en,CN,False,False,OMDb request failed: 401 Client Error: Unauthorized for url: https://www.omdbapi.com/?i=tt8241000&plot=short&apikey=f87d98bd,0.0,1,2021,2,1,0,0.0,0.0,0.0,5.220355825078324,1.3638697995561897,4,1,1,1,0,0,1,0,2.5376338436951773,0
730840,tt12851396,Trollhunters: Rise of the Titans,Trollhunters: Rise of the Titans,"The Guardians of Arcadia reunite to battle the nefarious Arcane Order, who've reawakened the primordial Titans.",2021-07-21,Released,"Action, Adventure, Animation, Family, Fantasy",tales of arcadia,"Francisco Ruiz Velasco, Johane Matte, Andrew L. Schmidt","Emile Hirsch, Lexi Medrano, Charlie Saxton, Kelsey Grammer, Alfred Molina",0,0,106,7.539,357,2.8146,en,US,False,False,OMDb request failed: 401 Client Error: Unauthorized for url: https://www.omdbapi.com/?i=tt12851396&plot=short&apikey=f87d98bd,0.0,1,2021,7,3,1,0.0,0.0,0.0,5.8805329864007,1.3388358099601891,5,1,1,1,0,1,0,1,2.9676553194541335,1
726684,tt12816634,Miraculous World: Shanghai - The Legend of Ladydragon,"Miraculous World : Shanghai, la légende de Ladydragon","On school break, Marinette heads to Shanghai to meet Adrien. But after arriving, Marinette loses all her stuff, including the Miraculous that allows her to turn into Ladybug!",2021-05-15,Released,"Action, Animation, Fantasy, TV Movie","kung fu, shanghai, china, superhero",Thomas Astruc,"Anouck Hautbois, Geneviève Doang, Benjamin Bollen, Antoine Tomé, Fabrice Lelyon",0,0,54,7.913,688,2.8016,fr,BR,False,False,OMDb request failed: 401 Client Error: Unauthorized for url: https://www.omdbapi.com/?i=tt12816634&plot=short&apikey=f87d98bd,0.0,1,2021,5,2,0,0.0,0.0,0.0,6.535241271013659,1.335422030746134,4,1,0,0,0,1,0,1,3.158849495263969,1
618851,tt10635042,Pretty Guardian Sailor Moon Eternal the Movie Part 1,劇場版 美少女戦士セーラームーンEternal 前編,"After a total solar eclipse, a dark circus troupe appears, Mamoru is stricken with a mysterious malady and bad things start happening across the city.  Sequel to the Sailor Moon Crystal TV series.",2021-01-08,Released,"Action, Animation, Fantasy","magic, sequel, romance, based on manga, shoujo, anime, magical girl",Chiaki Kon,"Kotono Mitsuishi, Misato Fukuen, Hisako Kanemoto, Rina Sato, Ami Koshimizu",0,0,81,7.879,194,2.7353,ja,JP,False,False,OMDb request failed: 401 Client Error: Unauthorized for url: https://www.omdbapi.com/?i=tt10635042&plot=short&apikey=f87d98bd,0.0,1,2021,1,1,0,0.0,0.0,0.0,5.272999558563747,1.3178281366443394,3,1,0,0,0,1,0,1,2.9583741542812128,1
637693,tt11084896,Spirit Untamed,Spirit Untamed,Lucky Prescott's life is changed forever when she moves from her home in the city to a small frontier town and befriends a wild mustang named Spirit.,2021-05-20,Released,"Adventure, Animation, Family, Western","horse, mustang, female protagonist, animals, wild horse, reboot, 3d animation",Elaine Bogan,"Isabela Merced, Julianne Moore, Marsai Martin, Mckenna Grace, Walton Goggins",30000000,42717215,88,7.281,557,2.7075,en,US,False,False,OMDb request failed: 401 Client Error: Unauthorized for url: https://www.omdbapi.com/?i=tt11084896&plot=short&apikey=f87d98bd,1.4239071666666667,1,2021,5,2,0,30.0,42.717215,12.717215,6.324358962381311,1.31035779502995,4,1,1,1,0,0,0,0,3.606215738611689,1
676705,tt15091284,Pil's Adventures,Pil,"Pil, a little vagabond girl, lives on the streets of the medieval city of Roc-en-Brume, along with her three tame weasels. She survives of food stolen from the castle of the sinister Regent Tristain. One day, to escape his guards, Pil disguises herself as a princess. Thus she embarks upon a mad, delirious adventure, together with Crobar, a big clumsy guard who thinks she's a noble, and Rigolin, a young crackpot jester. Pil is going to have to save Roland, rightful heir to the throne under the curse of a spell. This adventure will turn the entire kingdom upside down, and teach Pil that nobility can be found in all of us.",2021-08-11,Released,"Adventure, Animation, Comedy, Family, Fantasy","princess, old town, medieval",Julien Fournet,"Kaycie Chase, Pierre Tessier, Enrique Carballido, Paul Borne, Julien Crampon",0,6813652,85,6.7,199,2.6696,fr,FR,False,False,OMDb request failed: 401 Client Error: Unauthorized for url: https://www.omdbapi.com/?i=tt15091284&plot=short&apikey=f87d98bd,0.0,1,2021,8,3,0,0.0,6.813652,6.813652,5.298317366548036,1.3000826643008252,5,1,1,1,0,1,1,0,2.6647600046273294,0
666243,tt11657662,The Witcher: Nightmare of the Wolf,The Witcher: Nightmare of the Wolf,"Escaping from poverty to become a witcher, Vesemir slays monsters for coin and glory, but when a new menace rises, he must face the demons of his past.",2021-08-22,Released,"Action, Animation, Fantasy","monster, magic, creature, fantasy world, excited",Han Kwang Il,"Theo James, Mary McDonnell, Lara Pulver, Graham McTavish, Tom Canton",0,0,83,7.429,1093,2.6686,en,PL,False,False,OMDb request failed: 401 Client Error: Unauthorized for url: https://www.omdbapi.com/?i=tt11657662&plot=short&apikey=f87d98bd,0.0,1,2021,8,3,0,0.0,0.0,0.0,6.9975959829819265,1.2998101178981134,3,1,0,0,0,1,0,1,3.101860915132006,1
639721,tt11125620,The Addams Family 2,The Addams Family 2,The Addams get tangled up in more wacky adventures and find themselves involved in hilarious run-ins with all sorts of unsuspecting characters.,2021-10-01,Released,"Adventure, Animation, Comedy, Family, Fantasy","kidnapping, supernatural, grand canyon, niagara falls, family, san antonio, texas, scientific experiment, absurd, comedy, admiring","Greg Tiernan, Conrad Vernon","Oscar Isaac, Charlize Theron, Chloë Grace Moretz, Javon Walton, Nick Kroll",0,119815153,93,6.931,1404,2.57,en,CA,False,False,OMDb request failed: 401 Client Error: Unauthorized for url: https://www.omdbapi.com/?i=tt11125620&plot=short&apikey=f87d98bd,0.0,1,2021,10,4,0,0.0,119.815153,119.815153,7.247792581767846,1.2725655957915476,5,1,1,1,0,1,1,0,3.0108037266339087,1
633844,tt11417856,The Deer King,鹿の王 ユナと約束の旅,"Following a brutal war, former soldier Van toils in a mine controlled by the ruling empire. One day, his solitary existence is upended when a pack of wild dogs carrying a deadly and incurable disease attack, leaving only Van and a young girl named Yuna as survivors. Finally free, the pair seek out a simple existence in the countryside but are pursued by nefarious forces. Intent on protecting Yuna at all costs, Van must uncover the true cause of the plague ravaging the kingdom—and its possible cure.",2021-10-28,Released,"Adventure, Animation, Drama, Fantasy","based on novel or book, slavery, survival, tragedy, disease, epidemic, medieval, feudal japan, anime, fictious world","Masayuki Miyaji, Masashi Ando","Shinichi Tsutsumi, Ryoma Takeuchi, Anne Watanabe, Hisui Kimura, Atsushi Abe",0,0,113,6.692,99,2.553,ja,JP,False,False,OMDb request failed: 401 Client Error: Unauthorized for url: https://www.omdbapi.com/?i=tt11417856&plot=short&apikey=f87d98bd,0.0,1,2021,10,4,0,0.0,0.0,0.0,4.605170185988092,1.26779231703889,4,1,1,0,1,1,0,0,2.553944375454047,0
774741,tt13834480,Diary of a Wimpy Kid,Diary of a Wimpy Kid,Greg Heffley is a scrawny but ambitious kid with an active imagination and big plans to be rich and famous – he just has to survive middle school first.,2021-12-02,Released,"Animation, Comedy, Family","based on novel or book, computer animation, middle school",Swinton O. Scott III,"Brady Noon, Ethan William Childress, Hunter Dillon, Erica Cerra, Chris Diamantopoulos",0,0,58,6.216,401,2.5463,en,CA,False,False,OMDb request failed: 401 Client Error: Unauthorized for url: https://www.omdbapi.com/?i=tt13834480&plot=short&apikey=f87d98bd,0.0,1,2021,12,4,1,0.0,0.0,0.0,5.996452088619021,1.265904806442304,3,1,0,1,0,0,1,0,2.643353534259199,0
798544,tt15052770,Summer Ghost,サマーゴースト,"An urban legend says that lighting fireworks at an abandoned airfield will beckon the ""summer ghost,"" a spirit that can answer any question. Three teenagers, Tomoya, Aoi, and Ryo, each have their own reason to show up one day. When a ghost named Ayane appears, she reveals she is only visible to those ""who are about to touch their death."" Compelled by the ghost and her message, Tomoya begins regularly visiting the airfield to uncover the true purpose of her visits.",2021-11-12,Released,"Animation, Drama, Fantasy, Mystery","slice of life, school, anime, short film, ambivalent",Loundraw,"Chiaki Kobayashi, Miyuri Shimabukuro, Rina Kawaei, Nobunaga Shimazaki",0,0,40,7.236,157,2.5209,ja,JP,False,False,OMDb request failed: 401 Client Error: Unauthorized for url: https://www.omdbapi.com/?i=tt15052770&plot=short&apikey=f87d98bd,0.0,1,2021,11,4,1,0.0,0.0,0.0,5.062595033026967,1.258716638747162,4,1,0,0,1,1,0,0,2.757196750766119,0
732450,tt12885852,Batman: Soul of the Dragon,Batman: Soul of the Dragon,"Bruce Wayne faces a deadly menace from his past, with the help of three former classmates: world-renowned martial artists Richard Dragon, Ben Turner and Lady Shiva.",2021-01-12,Released,"Action, Adventure, Animation, Crime","martial arts, superhero, death of master",Sam Liu,"David Giuntoli, Mark Dacascos, Kelly Hu, Michael Jai White, James Hong",0,0,83,6.729,373,2.5194,en,US,False,False,OMDb request failed: 401 Client Error: Unauthorized for url: https://www.omdbapi.com/?i=tt12885852&plot=short&apikey=f87d98bd,0.0,1,2021,1,1,0,0.0,0.0,0.0,5.924255797414532,1.2582905205355241,4,1,1,0,0,0,0,1,2.759631947692508,0
732203,tt10766468,Gintama: The Very Final,銀魂 THE FINAL,"The countdown to destruction has begun! Gintoki and the others set out to fulfill the wishes of their teacher Shoyo and thwart Utsuro's plans. Shinpachi, Kagura, the Shinsengumi, members of the Kabuki District, and even former enemies will join their fight. As Utsuro's power grows, Takasugi fights for his very life. Will Gintoki be able to put an end to all this?!",2021-01-08,Released,"Action, Animation, Science Fiction","martial arts, samurai, parody, sequel, based on manga, historical, combat, shounen, anime",Chizuru Miyawaki,"Tomokazu Sugita, Daisuke Sakaguchi, Rie Kugimiya, Kazuya Nakai, Akira Ishida",0,17252960,104,8.2,76,2.4869,ja,JP,False,False,OMDb request failed: 401 Client Error: Unauthorized for url: https://www.omdbapi.com/?i=tt10766468&plot=short&apikey=f87d98bd,0.0,1,2021,1,1,0,0.0,17.25296,17.25296,4.343805421853684,1.2490130893356348,3,1,0,0,0,0,0,1,2.8889227766783976,1
597316,tt10101702,My Little Pony: A New Generation,My Little Pony: A New Generation,"Equestria's divided. But a bright-eyed hero believes Earth Ponies, Pegasi and Unicorns should be pals — and, hoof to heart, she’s determined to prove it.",2021-09-22,Released,"Adventure, Animation, Comedy, Family, Fantasy","flying horse, pony, unicorn","José Luis Ucha, Robert Cullen","Vanessa Hudgens, Kimiko Glenn, James Marsden, Sofia Carson, Liza Koshy",0,4100000,90,7.73,335,2.4679,en,CA,False,False,OMDb request failed: 401 Client Error: Unauthorized for url: https://www.omdbapi.com/?i=tt10101702&plot=short&apikey=f87d98bd,0.0,1,2021,9,3,0,0.0,4.1,4.1,5.817111159963204,1.2435492234391199,5,1,1,1,0,1,1,0,2.991599057510349,1
741335,tt13064272,Sing a Bit of Harmony,アイの歌声を聴かせて,"Satomi is fine being alone until an AI named Shion joins her class with a song and a promise to make her happy. While Shion’s musical numbers and princess gowns don’t quite pass as human, her antics bring Satomi closer to four other classmates. Together, they make memories worth saving, but even our most precious data can be erased.",2021-10-29,Released,"Animation, Drama, Science Fiction","musical, slice of life, school, anime",Yasuhiro Yoshiura,"Tao Tsuchiya, Haruka Fukuhara, Asuka Kudo, Kazuyuki Okitsu, Mikako Komatsu",0,0,109,7.5,68,2.4489,ja,JP,False,False,OMDb request failed: 401 Client Error: Unauthorized for url: https://www.omdbapi.com/?i=tt13064272&plot=short&apikey=f87d98bd,0.0,1,2021,10,4,0,0.0,0.0,0.0,4.23410650459726,1.2380553396230938,3,1,0,0,1,0,0,0,2.695824276633053,0
410113,tt6714432,The Loud House Movie,The Loud House Movie,The Loud family travel to Scotland and discover they are descendants of Scottish royalty as they move into their giant ancestral castle.,2021-08-20,Released,"Adventure, Animation, Comedy, Family, Fantasy",musical,Dave Needham,"Asher Bishop, David Tennant, Michelle Gomez, Jill Talley, Brian Stepanek",0,0,83,7.26,206,2.394,en,US,False,False,OMDb request failed: 401 Client Error: Unauthorized for url: https://www.omdbapi.com/?i=tt6714432&plot=short&apikey=f87d98bd,0.0,1,2021,8,3,0,0.0,0.0,0.0,5.332718793265369,1.2220091668120345,5,1,1,1,0,1,1,0,2.7982091940116103,1
678458,tt12439248,Pompo the Cinephile,映画大好きポンポさん,"Operating out of the movie capital ""Nyallywood,"" Pompo has been shooting one B-grade entertainment flick after another that anyone would enjoy. One day, Pompo's ""movie buff"" assistant Gene spots a new script written by Pompo and is moved by its exquisite story. In a fit of passion, he proclaims, ""I want to see this as a finished work in theaters as soon as possible!""  However, Pompo tells him, ""So you shoot this film."" Thus, Gene takes on his first directing gig. Meanwhile, Natalie, an ordinary girl who just arrived in town with movie actress dreams, has been discovered by Pompo...",2021-06-04,Released,"Animation, Comedy, Drama","work, slice of life, based on manga, assistant director, shoujo, anime, film production, inspirational, lighthearted, hilarious",Takayuki Hirao,"Konomi Kohara, Hiroya Shimizu, Rinka Otani, Ai Kakuma, Akio Otsuka",0,186542,94,7.2,89,2.344,ja,JP,False,False,OMDb request failed: 401 Client Error: Unauthorized for url: https://www.omdbapi.com/?i=tt12439248&plot=short&apikey=f87d98bd,0.0,1,2021,6,2,1,0.0,0.186542,0.186542,4.499809670330265,1.207167695222455,3,1,0,0,1,0,1,0,2.656046604832908,0
784500,tt25407384,Pretty Guardian Sailor Moon Eternal the Movie Part 2,劇場版 美少女戦士セーラームーンEternal 後編,"While under the care of the Outer Sailor Guardians, Hotaru begins to age rapidly. Then, the time comes for all the Sailor Guardians to reunite!",2021-02-11,Released,"Action, Animation, Drama, Fantasy","magic, sequel, romance, based on manga, shoujo, anime, magical girl",Chiaki Kon,"Kotono Mitsuishi, Misato Fukuen, Hisako Kanemoto, Rina Sato, Ami Koshimizu",0,1130225,80,8.157,172,2.2237,ja,JP,False,False,OMDb request failed: 401 Client Error: Unauthorized for url: https://www.omdbapi.com/?i=tt25407384&plot=short&apikey=f87d98bd,0.0,1,2021,2,1,0,0.0,1.130225,1.130225,5.153291594497779,1.1705297682055846,4,1,0,0,1,1,0,1,2.9878232044055046,1
628964,tt13057626,Child of Kamiari Month,神在月のこども,"A year after losing her mother, a young girl learns that she must journey across Japan to the annual gathering of gods in the sacred land of Izumo.",2021-10-08,Released,"Animation, Drama, Family, Fantasy","supernatural, god, slice of life, historical, shrine, folklore, anime",Takana Shirai,"Aju Makita, Maaya Sakamoto, Miyu Irino, Riko Nagase, Chafurin",0,0,100,6.5,73,2.2141,ja,JP,False,False,OMDb request failed: 401 Client Error: Unauthorized for url: https://www.omdbapi.com/?i=tt13057626&plot=short&apikey=f87d98bd,0.0,1,2021,10,4,0,0.0,0.0,0.0,4.30406509320417,1.1675473807080834,4,1,0,1,1,1,0,0,2.445741871086838,0
736073,tt14324650,"Batman: The Long Halloween, Part One","Batman: The Long Halloween, Part One","Following a brutal series of murders taking place on Halloween, Thanksgiving, and Christmas, Gotham City's young vigilante known as the Batman sets out to pursue the mysterious serial killer alongside police officer James Gordon and district attorney Harvey Dent.",2021-06-21,Released,"Action, Animation, Crime, Mystery","holiday, superhero, halloween, based on graphic novel, crime family, aftercreditsstinger",Chris Palmer,"Jensen Ackles, Josh Duhamel, Naya Rivera, Billy Burke, Jack Quaid",0,0,85,7.451,706,2.1633,en,US,False,False,OMDb request failed: 401 Client Error: Unauthorized for url: https://www.omdbapi.com/?i=tt14324650&plot=short&apikey=f87d98bd,0.0,1,2021,6,2,1,0.0,0.0,0.0,6.561030665896573,1.1516157864904102,4,1,0,0,0,0,0,1,3.0196469678580473,1
683127,tt12441478,Earwig and the Witch,アーヤと魔女,A headstrong orphan discovers a world of spells and potions while living with a selfish witch.,2021-02-03,Released,"Animation, Family, Fantasy","witch, based on novel or book, magic, orphanage, anime, disrespectful",Goro Miyazaki,"Kokoro Hirasawa, Shinobu Terajima, Gaku Hamada, Sherina Munaf, Etsushi Toyokawa",0,842744,83,5.891,293,2.1226,ja,JP,False,False,OMDb request failed: 401 Client Error: Unauthorized for url: https://www.omdbapi.com/?i=tt12441478&plot=short&apikey=f87d98bd,0.0,1,2021,2,1,0,0.0,0.842744,0.842744,5.683579767338681,1.1386659881252827,3,1,0,1,0,1,0,0,2.4960868633195945,0
739542,tt6733874,America: The Motion Picture,America: The Motion Picture,A chainsaw-wielding George Washington teams with beer-loving bro Sam Adams to take down the Brits in a tongue-in-cheek riff on the American Revolution.,2021-06-30,Released,"Action, Animation, Comedy","adult animation, american revolution",Matt Thompson,"Channing Tatum, Jason Mantzoukas, Olivia Munn, Bobby Moynihan, Judy Greer",0,0,97,5.782,264,1.9863,en,US,False,False,OMDb request failed: 401 Client Error: Unauthorized for url: https://www.omdbapi.com/?i=tt6733874&plot=short&apikey=f87d98bd,0.0,1,2021,6,2,1,0.0,0.0,0.0,5.579729825986222,1.0940351629249963,3,1,0,0,0,0,1,1,2.446564748336683,0
846867,tt15090124,Mad God,Mad God,"A silent figure known as The Assassin travels through a nightmare underworld of tortured souls, ruined cities and wretched monstrosities forged from the primordial horrors of the unconscious mind of Phil Tippett, the world's preeminent stop-motion animator.",2021-09-17,Released,"Animation, Fantasy, Horror, Science Fiction","assassin, bomb, surrealism, exploration, stop motion, adult animation, disturbed, alchemist, war, underworld",Phil Tippett,"Alex Cox, Niketa Roman, Satish Ratakonda, Arne Hain, Jake Freytag",250000,322619,84,6.831,558,1.9702,en,US,False,False,OMDb request failed: 401 Client Error: Unauthorized for url: https://www.omdbapi.com/?i=tt15090124&plot=short&apikey=f87d98bd,1.290476,1,2021,9,3,0,0.25,0.322619,0.072619,6.326149473155099,1.0886292906147077,4,1,0,0,0,1,0,0,3.4006810145654707,1
576925,tt9572006,My Sweet Monster,Бука. Моё любимое чудище,"A scandal in the royal family: the wayward princess Barbara escaped from the palace and went through the forest in search of a handsome prince. However, instead of the cherished meeting with her beloved, she is captured by Buka, the most dangerous robber of the kingdom. But it quickly becomes clear that the brisk princess is ready to turn Buka's life into a nightmare, just to reach her goal. So the restless Varvara begins to establish her own order in the forest.",2021-10-14,Released,"Adventure, Animation, Family","princess, monster, rabbit","Viktor Glukhushin, Maksim Volkov","Lyubov Aksyonova, Aleksey Chumakov, Alyona Doletskaya, Timur Rodriguez, Prokhor Chekhovskoy",0,0,98,6.017,58,1.9676,ru,RU,False,False,OMDb request failed: 401 Client Error: Unauthorized for url: https://www.omdbapi.com/?i=tt9572006&plot=short&apikey=f87d98bd,0.0,1,2021,10,4,0,0.0,0.0,0.0,4.07753744390572,1.0877535453332339,3,1,1,1,0,0,0,0,2.279043648385843,0
736074,tt14402926,"Batman: The Long Halloween, Part Two","Batman: The Long Halloween, Part Two","As Gotham City's young vigilante, the Batman, struggles to pursue a brutal serial killer, district attorney Harvey Dent gets caught in a feud involving the criminal family of the Falcones.",2021-07-26,Released,"Action, Animation, Crime, Mystery","holiday, superhero, halloween, based on graphic novel, aftercreditsstinger, tomorrowverse (dc)",Chris Palmer,"Jensen Ackles, Josh Duhamel, Naya Rivera, Billy Burke, Titus Welliver",0,0,87,7.401,579,1.9628,en,US,False,False,OMDb request failed: 401 Client Error: Unauthorized for url: https://www.omdbapi.com/?i=tt14402926&plot=short&apikey=f87d98bd,0.0,1,2021,7,3,1,0.0,0.0,0.0,6.363028103540465,1.0861347671569972,4,1,0,0,0,0,0,1,2.967624430604619,1
823609,tt15096796,Monster Family 2,Monster Family 2,"To free Baba Yaga and Renfield from the clutches of Monster Hunter Mila Starr, the Wishbone Family once more transforms into a Vampire, Frankenstein's Monster, a Mummy and a Werewolf but when aided by their three pet bats, the Monster Family zooms around the world again to save their friends, make new monstrous acquaintances.",2021-10-15,Released,"Animation, Comedy, Family",,Holger Tappe,"Emily Watson, Nick Frost, Jessica Brown Findlay, Ethan Rouse, Jason Isaacs",0,6722205,103,6.521,96,1.9584,en,DE,False,False,OMDb request failed: 401 Client Error: Unauthorized for url: https://www.omdbapi.com/?i=tt15096796&plot=short&apikey=f87d98bd,0.0,1,2021,10,4,0,0.0,6.722205,6.722205,4.574710978503383,1.0846485816507234,3,1,0,1,0,0,1,0,2.479153934023116,0
781816,tt13758684,Fortune Favors Lady Nikuko,漁港の肉子ちゃん,"Brash single mother Nikuko is well-known for her bold spirit, much to the embarrassment of Kikuko, her pensive yet imaginative daughter. In contrast to her mother, Kikuko wants nothing more than to fit in as she navigates the everyday social dramas of middle school. Life in the harbor is peaceful until a shocking revelation from the past threatens to uproot the pair's tender relationship.",2021-06-11,Released,"Animation, Comedy, Drama, Family","friendship, based on novel or book, slice of life, anime, life lessons, family problems, mother and daughter",Ayumu Watanabe,"Shinobu Otake, Cocomi, Natsuki Hanae, Ikuji Nakamura, Izumi Ishii",0,0,97,7.1,67,1.9412,ja,JP,False,False,OMDb request failed: 401 Client Error: Unauthorized for url: https://www.omdbapi.com/?i=tt13758684&plot=short&apikey=f87d98bd,0.0,1,2021,6,2,1,0.0,0.0,0.0,4.219507705176107,1.07881766133993,4,1,0,1,1,0,1,0,2.5697488049774053,0
736069,tt13804084,Justice Society: World War II,Justice Society: World War II,"When the Flash finds himself dropped into the middle of World War II, he joins forces with Wonder Woman and her top-secret team known as the Justice Society of America.",2021-04-27,Released,"Animation, Science Fiction, War","superhero, world war ii, time travel, based on comic, super power, excited, tomorrowverse (dc)",Jeff Wamester,"Matt Bomer, Stana Katic, Omid Abtahi, Chris Diamantopoulos, Matthew Mercer",0,0,84,7.385,606,1.9366,en,US,False,False,OMDb request failed: 401 Client Error: Unauthorized for url: https://www.omdbapi.com/?i=tt13804084&plot=short&apikey=f87d98bd,0.0,1,2021,4,2,0,0.0,0.0,0.0,6.408528791059498,1.0772524495467002,3,1,0,0,0,0,0,0,2.9691171860909296,1
839803,tt16345484,I Am What I Am,雄狮少年,"By a fortunate coincidence, Gyun is inspired and encouraged by a girl with the same name. Therefore, he decides to form a lion dance troupe with his friends, Kat and Doggie, to break the constraints of reality and fight for themselves for once.",2021-12-11,Released,"Action, Animation, Comedy, Drama",donghua,Sun Haipeng,"Li Xin, Yexiong Chen, Hao Guo, Li Meng, Li Jiasi",0,27620000,104,7.3,77,1.9345,zh,CN,False,False,OMDb request failed: 401 Client Error: Unauthorized for url: https://www.omdbapi.com/?i=tt16345484&plot=short&apikey=f87d98bd,0.0,1,2021,12,4,1,0.0,27.62,27.62,4.356708826689592,1.0765370810162522,4,1,0,0,1,0,1,1,2.6399868861558766,0
680813,tt8430054,Flee,Flugt,"Recounted mostly through animation to protect his identity, Amin looks back over his past as a child refugee from Afghanistan as he grapples with a secret he’s kept hidden for 20 years.",2021-06-17,Released,"Animation, Documentary","refugee, trauma, afghanistan, therapy, war trauma, memories, war refugees, gay theme, animated documentary",Jonas Poher Rasmussen,"Amin Nawabi, Daniel Karimyar, Fardin Mijdzadeh, Milad Eskandari, Belal Faiz",3400000,712229,89,7.747,392,1.9044,da,DK,False,False,OMDb request failed: 401 Client Error: Unauthorized for url: https://www.omdbapi.com/?i=tt8430054&plot=short&apikey=f87d98bd,0.2094791176470588,1,2021,6,2,1,3.4,0.712229,-2.687771,5.973809611869261,1.0662268285239547,2,1,0,0,0,0,0,0,3.087021069000159,1
682254,tt13676256,Scooby-Doo! The Sword and the Scoob,Scooby-Doo! The Sword and the Scoob,"An evil sorceress transports the gang back to the age of chivalrous knights, spell-casting wizards, and fire-breathing dragons.",2021-02-24,Released,"Adventure, Animation, Comedy, Family, Fantasy, Mystery","friendship, friends","Christina Sotta, Melchior Zwyer, Maxwell Atoms","Matthew Lillard, Frank Welker, Grey DeLisle, Kate Micucci, Jason Isaacs",0,0,72,7.612,197,1.8322,en,US,False,False,OMDb request failed: 401 Client Error: Unauthorized for url: https://www.omdbapi.com/?i=tt13676256&plot=short&apikey=f87d98bd,0.0,1,2021,2,1,0,0.0,0.0,0.0,5.288267030694535,1.0410537948068213,6,1,1,1,0,1,1,0,2.8523981238252034,1
588921,tt6570098,Ainbo: Spirit of the Amazon,Ainbo: Spirit of the Amazon,"An epic journey of a young hero and her Spirit Guides, 'Dillo' a cute and humorous armadillo and ""Vaca"" a goofy oversized tapir, who embark on a quest to save their home in the spectacular Amazon Rainforest.",2021-02-09,Released,"Adventure, Animation, Family, Fantasy","affectation, protection, amazon rainforest, hard, calm, candid, philosophical, lyrical, threatened ecosystem, playful","José Zelada, Richard Claus","Lola Raie, Alejandra Gollas, Thom Hoffman, Bernardo de Paula, Dino Andrade",10000000,10237061,84,7.023,470,1.8219,en,PE,False,False,OMDb request failed: 401 Client Error: Unauthorized for url: https://www.omdbapi.com/?i=tt6570098&plot=short&apikey=f87d98bd,1.0237061,1,2021,2,1,0,10.0,10.237061,0.237061,6.154858094016418,1.0374104169416658,4,1,1,1,0,1,0,0,3.295258021643712,1
823610,tt8456190,Seal Team,Seal Team,"After his best friend is killed in a shark attack, Quinn, a lovable yet tenacious seal assembles a SEAL TEAM to fight back against a gang of sharks overtaking the neighborhood. But this merry band of international seals are not at all trained for such a mission. They seek the help of a much more skillful combatant, Claggart, but even his tricks and flips can’t whip these guys into shape. However, with a little bit of ingenuity, intelligence and a lot of heart, our SEAL TEAM may actually be able to bring peace back to their undersea community.",2021-10-28,Released,"Animation, Family",sharks,Greig Cameron,"Jessie T. Usher, J.K. Simmons, Matthew Rhys, Kristen Schaal, Patrick Warburton",23000000,0,98,6.898,236,1.7866,en,ZA,False,False,OMDb request failed: 401 Client Error: Unauthorized for url: https://www.omdbapi.com/?i=tt8456190&plot=short&apikey=f87d98bd,0.0,1,2021,10,4,0,23.0,0.0,-23.0,5.4680601411351315,1.0248222146973542,2,1,0,1,0,0,0,0,2.698432353374873,0
831405,tt5012504,Injustice,Injustice,"When Lois Lane is killed, an unhinged Superman decides to take control of the Earth. Determined to stop him, Batman creates a team of freedom-fighting heroes. But when superheroes go to war, can the world survive?",2021-10-09,Released,"Action, Animation, Fantasy, Science Fiction","superhero, based on comic, based on video game",Matt Peters,"Justin Hartley, Anson Mount, Laura Bailey, Janet Varney, Zach Callison",0,0,78,7.332,844,1.7509,en,US,False,False,OMDb request failed: 401 Client Error: Unauthorized for url: https://www.omdbapi.com/?i=tt5012504&plot=short&apikey=f87d98bd,0.0,1,2021,10,4,0,0.0,0.0,0.0,6.739336627357174,1.0119281308637151,4,1,0,0,0,1,0,1,2.9956897137331335,1
843906,tt14903892,Straight Outta Nowhere: Scooby-Doo! Meets Courage the Cowardly Dog,Straight Outta Nowhere: Scooby-Doo! Meets Courage the Cowardly Dog,"With Mystery, Inc. on the tail of a strange object in Nowhere, Kansas, the strange hometown of Eustace, Muriel, and Courage, the gang soon find themselves contending with a giant cicada monster and her winged warriors.",2021-09-14,Released,"Animation, Mystery","friendship, monster, friends",Cecilia Aranovich,"Matthew Lillard, Thea White, Grey DeLisle, Frank Welker, Kate Micucci",0,0,72,7.7,403,1.7283,en,US,False,False,OMDb request failed: 401 Client Error: Unauthorized for url: https://www.omdbapi.com/?i=tt14903892&plot=short&apikey=f87d98bd,0.0,1,2021,9,3,0,0.0,0.0,0.0,6.0014148779611505,1.0036787046093711,2,1,0,0,0,0,0,0,2.975764037385578,1
839100,tt14837960,Bright: Samurai Soul,ブライト: サムライソウル,"Izo, a Ronin, and Raiden, an orc, work to bring a young elf girl and the wand she carries to the land of the elves in the north.",2021-10-12,Released,"Action, Animation, Fantasy","samurai, anime",Kyohei Ishiguro,"Yuuki Nomura, Daisuke Hirakawa, Shion Wakayama, MIYAVI, Maaya Sakamoto",0,0,80,5.669,80,1.6656,ja,JP,False,False,OMDb request failed: 401 Client Error: Unauthorized for url: https://www.omdbapi.com/?i=tt14837960&plot=short&apikey=f87d98bd,0.0,1,2021,10,4,0,0.0,0.0,0.0,4.394449154672439,0.9804291729903865,3,1,0,0,0,1,0,1,2.223481749149424,0
573164,tt8049994,An Egg Rescue,Un rescate de huevitos,Toto and his friends must rescue his egg children after they're taken away for a gourmet food event in Africa.,2021-08-12,Released,"Adventure, Animation, Comedy, Family",,"Rodolfo Riva Palacio Alatriste, Gabriel Riva Palacio Alatriste","Bruno Bichir, Maite Perroni, Carlos Espejel, Angélica Vale, Dione Riva Palacio Santacruz",6400000,4093345,89,7.867,418,1.6452,es,MX,False,False,OMDb request failed: 401 Client Error: Unauthorized for url: https://www.omdbapi.com/?i=tt8049994&plot=short&apikey=f87d98bd,0.63958515625,1,2021,8,3,0,6.4,4.093345,-2.306655,6.037870919922137,0.9727466768183702,4,1,1,1,0,0,1,0,3.306155959823576,1
965244,tt15392166,Ghost in the Shell: SAC_2045 Sustainable War,攻殻機動隊 SAC_2045 持続可能戦争,"In the year 2045, after an economic disaster known as the Synchronized Global Default, rapid developments in AI propelled the world to enter a state of ""Sustainable War"". However, the public is not aware of the threat that AI has towards the human race.  A compilation film with newly added footage.",2021-12-21,Released,"Action, Animation, Science Fiction","cyborg, cyberpunk, compilation, edited from tv series, anime, 3d animation","Shinji Aramaki, Kenji Kamiyama, Michihito Fujii","Atsuko Tanaka, Osamu Saka, Akio Otsuka, Koichi Yamadera, Yutaka Nakano",0,0,118,6.849,76,1.625,ja,JP,False,False,OMDb request failed: 401 Client Error: Unauthorized for url: https://www.omdbapi.com/?i=tt15392166&plot=short&apikey=f87d98bd,0.0,1,2021,12,4,1,0.0,0.0,0.0,4.343805421853684,0.965080896043587,3,1,0,0,0,0,0,1,2.5085829476845904,0
831827,tt14927356,Far from the Tree,Far from the Tree,"On an idyllic beach in the Pacific Northwest, curiosity gets the better of a young raccoon whose frustrated parent attempts to keep them both safe.",2021-11-24,Released,"Animation, Family",short film,Natalie Nourigat,,0,0,7,8.1,388,1.6042,en,US,False,False,OMDb request failed: 401 Client Error: Unauthorized for url: https://www.omdbapi.com/?i=tt14927356&plot=short&apikey=f87d98bd,0.0,1,2021,11,4,1,0.0,0.0,0.0,5.963579343618446,0.9571255263124909,2,1,0,1,0,0,0,0,3.0631057304896405,1
667276,tt10431332,Las leyendas: El origen,Las leyendas: El origen,"When a human baby crosses the Eternal Mirror, the portal between the living and the dead opens its path to the beings from the underworld.",2021-02-15,Released,"Adventure, Animation, Comedy, Family, Fantasy, Horror",,Ricardo Arnaiz,"Paola Ramones, Emiliano Ugarte, Liliana Barba Meinecke, Daniela Ibáñez, Alex Casas",800000,0,90,8.291,270,1.5858,es,MX,False,False,OMDb request failed: 401 Client Error: Unauthorized for url: https://www.omdbapi.com/?i=tt10431332&plot=short&apikey=f87d98bd,0.0,1,2021,2,1,0,0.8,0.0,-0.8,5.602118820879701,0.9500349378383158,6,1,1,1,0,1,1,0,3.0555730638077025,1
846214,tt14957270,"The Good, the Bart, and the Loki","The Good, the Bart, and the Loki",Loki is banished from Asgard once again and must face his toughest opponents yet: the Simpsons and Springfield’s mightiest heroes. The God of Mischief teams up with Bart Simpson in the ultimate crossover event paying tribute to the Marvel Cinematic Universe of superheroes and villains.,2021-07-07,Released,"Animation, Comedy, Family","parody, springfield illinois, mischief",David Silverman,"Tom Hiddleston, Dan Castellaneta, Nancy Cartwright, Yeardley Smith, Maurice LaMarche",0,0,6,7.225,692,1.5679,en,US,False,False,OMDb request failed: 401 Client Error: Unauthorized for url: https://www.omdbapi.com/?i=tt14957270&plot=short&apikey=f87d98bd,0.0,1,2021,7,3,1,0.0,0.0,0.0,6.541029999189903,0.9430884442595329,3,1,0,1,0,0,1,0,2.928867766517415,1
857702,tt15164924,LEGO Star Wars Terrifying Tales,LEGO Star Wars Terrifying Tales,"Poe Dameron and BB-8 must face the greedy crime boss Graballa the Hutt, who has purchased Darth Vader’s castle and is renovating it into the galaxy’s first all-inclusive Sith-inspired luxury hotel.",2021-10-01,Released,"Animation, Comedy, Family, Science Fiction",,Ken Cunningham,"Jake Green, Raphael Alejandro, Dana Snyder, Tony Hale, Christian Slater",0,0,49,6.817,281,1.5673,en,CA,False,False,OMDb request failed: 401 Client Error: Unauthorized for url: https://www.omdbapi.com/?i=tt15164924&plot=short&apikey=f87d98bd,0.0,1,2021,10,4,0,0.0,0.0,0.0,5.641907070938114,0.9428547629997064,4,1,0,1,0,0,1,0,2.691964275090673,0
811367,tt14499632,22 vs. Earth,22 vs. Earth,"Set before the events of ‘Soul’, 22 refuses to go to Earth, enlisting a gang of 5 new souls in attempt of rebellion. However, 22’s subversive plot leads to a surprising revelation about the meaning of life.",2021-04-30,Released,"Animation, Comedy, Family, Fantasy","earth, prequel, planet earth, short film, souls",Kevin Nolting,"Tina Fey, Alice Braga, Richard Ayoade, Micah Chen, Adela Drabek",0,0,9,7.0,486,1.5396,en,US,False,False,OMDb request failed: 401 Client Error: Unauthorized for url: https://www.omdbapi.com/?i=tt14499632&plot=short&apikey=f87d98bd,0.0,1,2021,4,2,0,0.0,0.0,0.0,6.18826412308259,0.9320065883141578,4,1,0,1,0,1,1,0,2.818040606709512,1
813258,tt14423802,Monster Pets: A Hotel Transylvania Short,Monster Pets: A Hotel Transylvania Short,Drac tries out some new monster pets to help occupy Tinkles for playtime.,2021-04-02,Released,"Animation, Comedy, Fantasy","monster, pet, dog, animals, pets, dracula, short film","Jennifer Kluska, Derek Drymon","Brian Hull, Jennifer Kluska, Derek Drymon, Genndy Tartakovsky, Jon Olson",0,0,6,7.382,408,1.4828,en,US,False,False,OMDb request failed: 401 Client Error: Unauthorized for url: https://www.omdbapi.com/?i=tt14423802&plot=short&apikey=f87d98bd,0.0,1,2021,4,2,0,0.0,0.0,0.0,6.013715156042802,0.9093869555573606,3,1,0,0,0,1,1,0,2.8839653167400243,1
809717,tt14534992,Moonbound,Peterchens Mondfahrt,"When Peter sets out on a magical journey to rescue his little sister Anne, he needs to travel to mysterious territory: the Moon! Anne was kidnapped by the evil Moon Man when she tried to help the beetle Mr. Zoomzeman in search for his wife. On his fantastic adventure, Peter lands on the Star Meadow where he meets the sleepy Mr. Sandman. He knows, only at the Night Fairy’s dinner in the castle in the clouds, they can find out where Anne is – but there aren’t enough seats for everyone. So they join the wild race along the Milky Way against the five Spirits of Nature: Storm Giant, Lightning Witch, Henry Hail, Rainy Robin and Mother Frost…",2021-06-24,Released,"Animation, Family",,Ali Samadi Ahadi,"David Daria, Stefko Hanushevsky, Thyra Uhde, Laurens Walter, Stephan Benson",2000000,6666618,81,6.452,94,1.466,de,AT,False,False,OMDb request failed: 401 Client Error: Unauthorized for url: https://www.omdbapi.com/?i=tt14534992&plot=short&apikey=f87d98bd,3.333309,1,2021,6,2,1,2.0,6.666618,4.666618,4.553876891600541,0.9025974047421526,2,1,0,1,0,0,0,0,3.931460194451404,1
778819,tt13387604,Checkered Ninja 2,Ternet Ninja 2,"After Phillip Eppermint manages to evade a prison sentence in Thailand, Checkered Ninja comes alive and seeks out Alex. Together, with Alex and his entire family, they now have to go to Thailand to bust Eppermint.",2021-08-19,Released,"Action, Animation, Comedy, Family","ninja fighter, computer animation, adult animation, superhero kids, ninja training","Anders Matthesen, Thorbjørn Christoffersen","Anders Matthesen, Louis Næss-Schmidt, Emma Sehested Høeg",0,0,86,6.664,61,1.4526,da,DK,False,False,OMDb request failed: 401 Client Error: Unauthorized for url: https://www.omdbapi.com/?i=tt13387604&plot=short&apikey=f87d98bd,0.0,1,2021,8,3,0,0.0,0.0,0.0,4.127134385045092,0.8971486863457886,4,1,0,1,0,0,1,1,2.419642460708632,0
768726,tt11777920,Dogtanian and the Three Muskehounds,D'Artacán y los tres mosqueperros,"France, 17th century, under the reign of Louis XIII. Dogtanian is an impetuous and innocent peasant from Gascony, as well as a skilled swordsman, who travels to Paris with the purpose of making his dream come true: to join the Corps of Muskehounds of the Royal Guard.",2021-06-25,Released,"Adventure, Animation, Comedy, Family","paris, france, based on novel or book, remake, musketeer, 17th century, anthropomorphic animal, based on tv series",Toni García,"Miguel Ángel Pérez, Eduardo Jover, Gloria Cámara, Antonio Ramírez de Antón, Ana Esther Alborg",0,0,89,6.748,117,1.4227,es,IN,False,False,OMDb request failed: 401 Client Error: Unauthorized for url: https://www.omdbapi.com/?i=tt11777920&plot=short&apikey=f87d98bd,0.0,1,2021,6,2,1,0.0,0.0,0.0,4.770684624465665,0.8848826207144749,4,1,1,1,0,0,1,0,2.535335086777021,0
896221,tt15720718,Trolls Holiday in Harmony,Trolls Holiday in Harmony,"Queen Poppy plans the first annual Trolls Kingdom Secret Holiday Gift Swap, but things don't go quite as expected.",2021-11-26,Released,"Animation, Comedy, Family, Fantasy","holiday, musical, christmas special, short film","Sean Charmatz, Tim Heitz","Anna Kendrick, Justin Timberlake, Kenan Thompson, Travis Scott, Carol Burnett",0,0,26,7.15,193,1.4143,en,US,False,False,OMDb request failed: 401 Client Error: Unauthorized for url: https://www.omdbapi.com/?i=tt15720718&plot=short&apikey=f87d98bd,0.0,1,2021,11,4,1,0.0,0.0,0.0,5.267858159063328,0.8814093900159714,4,1,0,1,0,1,1,0,2.709890132361895,0
805411,tt14250912,Descendants: The Royal Wedding,Descendants: The Royal Wedding,"Happily-ever-after continues for Auradon's power couple as they prepare to say ""I do"" at an epic celebration with their friends and family, but Hades threatens to ruin it all.",2021-08-13,Released,"Animation, Comedy, Drama, Family","wedding, animated wedding",Salvador Simó,"Dove Cameron, Sofia Carson, Booboo Stewart, Mitchell Hope, Sarah Jeffery",0,0,22,6.682,165,1.3396,en,US,False,False,OMDb request failed: 401 Client Error: Unauthorized for url: https://www.omdbapi.com/?i=tt14250912&plot=short&apikey=f87d98bd,0.0,1,2021,8,3,0,0.0,0.0,0.0,5.111987788356544,0.8499799745867336,4,1,0,1,1,0,1,0,2.5647951644414917,0
877183,tt15829632,The Simpsons in Plusaversary,The Simpsons in Plusaversary,"The Simpsons host a Disney+ Day party and everyone is on the list… except Homer. With friends from across the service and music fit for a Disney Princess, Plusaversary is Springfield's event of the year.",2021-11-12,Released,"Animation, Comedy, Fantasy","beer, adult animation, macabre, short film, absurd, distressing, embarrassed",David Silverman,"Dan Castellaneta, Nancy Cartwright, Yeardley Smith, Hank Azaria, Tress MacNeille",0,0,4,6.481,431,1.3262,en,US,False,False,OMDb request failed: 401 Client Error: Unauthorized for url: https://www.omdbapi.com/?i=tt15829632&plot=short&apikey=f87d98bd,0.0,1,2021,11,4,1,0.0,0.0,0.0,6.068425588244111,0.8442360349228014,3,1,0,0,0,1,1,0,2.657149243475037,0
874300,tt16375288,South Park: Post COVID: The Return of COVID,South Park: Post COVID: The Return of COVID,"If Stan, Kyle and Cartman could just work together, they could go back in time to make sure Covid never happened. But traveling back to the past seems to be the easy answer until they meet Victor Chaos.",2021-12-16,Released,"Animation, Comedy, TV Movie","time travel, pandemic, covid-19",Trey Parker,"Trey Parker, Matt Stone, April Stewart, Kimberly Brooks, Mona Marshall",0,0,62,7.389,468,1.3052,en,US,False,False,OMDb request failed: 401 Client Error: Unauthorized for url: https://www.omdbapi.com/?i=tt16375288&plot=short&apikey=f87d98bd,0.0,1,2021,12,4,1,0.0,0.0,0.0,6.150602768446279,0.8351674405803742,3,1,0,0,0,0,1,0,2.8951155313539982,1
763568,tt13454122,Arlo the Alligator Boy,Arlo the Alligator Boy,"Upon learning that he is from New York City, a wide-eyed boy, who is half human and half alligator, decides to leave his sheltered life in the swamp and search for his long lost father. A musical adventure.",2021-04-16,Released,"Adventure, Animation, Comedy, Family, Music","musical, chubby woman, half breed",Ryan Crego,"Michael J. Woodard, Mary Lambert, Annie Potts, Vincent Rodriguez III, Tony Hale",0,0,90,6.7,57,1.2612,en,US,False,False,OMDb request failed: 401 Client Error: Unauthorized for url: https://www.omdbapi.com/?i=tt13454122&plot=short&apikey=f87d98bd,0.0,1,2021,4,2,0,0.0,0.0,0.0,4.060443010546419,0.8158956458189988,5,1,1,1,0,0,1,0,2.406450798454813,0
852721,tt15088994,Nona,Nona,A grandmother is caught between her two favorite things when her granddaughter is unexpectedly dropped off during the day she was planning to spend watching her favorite TV show.,2021-08-27,Released,Animation,pixar sparkshorts,Louis Gonzales,"Wilma Bonet, Devon Libran",0,0,7,6.326,92,1.2481,en,US,False,False,OMDb request failed: 401 Client Error: Unauthorized for url: https://www.omdbapi.com/?i=tt15088994&plot=short&apikey=f87d98bd,0.0,1,2021,8,3,0,0.0,0.0,0.0,4.532599493153256,0.8100854150278266,1,1,0,0,0,0,0,0,2.3829027362271624,0
776660,tt13622118,Cryptozoo,Cryptozoo,"Cryptozookeepers try to capture a Baku, a dream-eating hybrid creature of legend, and start wondering if they should display these beasts or keep them hidden and unknown.",2021-08-20,Released,"Animation, Drama, Fantasy",adult animation,Dash Shaw,"Lake Bell, Michael Cera, Alex Karpovsky, Zoe Kazan, Louisa Krause",0,30226,95,5.798,57,1.2432,en,US,False,False,OMDb request failed: 401 Client Error: Unauthorized for url: https://www.omdbapi.com/?i=tt13622118&plot=short&apikey=f87d98bd,0.0,1,2021,8,3,0,0.0,0.030226,0.030226,4.060443010546419,0.8079034178581339,3,1,0,0,1,1,0,0,2.179751964260683,0
712454,tt7014378,The Summit of the Gods,Le Sommet des dieux,A photojournalist's obsessive quest for the truth about the first expedition to Mt. Everest leads him to search for an esteemed climber who went missing.,2021-09-22,Released,"Adventure, Animation, Mystery","based on manga, mount everest, missing body, alpine climbing, investigative reporter, sport",Patrick Imbert,"Éric Herson-Macarel, Damien Boisseau, Elisabeth Ventura, Lazare Herson-Macarel, Kylian Rehlinger",9850000,1756552,95,7.751,413,1.231,fr,FR,False,False,OMDb request failed: 401 Client Error: Unauthorized for url: https://www.omdbapi.com/?i=tt7014378&plot=short&apikey=f87d98bd,0.1783301522842639,1,2021,9,3,0,9.85,1.756552,-8.093448,6.025865973825314,0.8024499154503955,3,1,1,0,0,0,0,0,3.0422459519192753,1
818350,tt14460998,Blush,Blush,"When a horticulturalist-astronaut crashes onto a desolate planet, he encounters an ethereal visitor and discovers the joy of building a new life—realizing the universe has delivered something astonishing.",2021-06-13,Released,"Animation, Family, Fantasy, Romance, Science Fiction",based on true story,Joseph Mateo,,0,0,11,7.8,176,1.2293,en,US,False,False,OMDb request failed: 401 Client Error: Unauthorized for url: https://www.omdbapi.com/?i=tt14460998&plot=short&apikey=f87d98bd,0.0,1,2021,6,2,1,0.0,0.0,0.0,5.176149732573829,0.8016876348493962,5,1,0,1,0,1,0,0,2.8466756051134836,1
756403,tt10841088,Riverdance: The Animated Adventure,Riverdance: The Animated Adventure,A young Irish boy named Keegan and Spanish girl named Moya journey into a magical world of the Megaloceros Giganteus who teach them to appreciate Riverdance as a celebration of life. Based on the stage show phenomenon of the same name and featuring Bill Whelan’s multi-platinum Grammy Award-winning music.,2021-05-28,Released,"Adventure, Animation, Comedy, Family, Fantasy, Music","dance, grandparent grandchild relationship, river, village, stage show, deer, grief, ireland, st. patrick's day, talking animal","Eamonn Butler, Dave Rosenbaum","Pierce Brosnan, Sam Hardy, Hannah Herman Cortes, Lilly Singh, Jermaine Fowler",0,0,86,6.05,101,1.229,en,CA,False,False,OMDb request failed: 401 Client Error: Unauthorized for url: https://www.omdbapi.com/?i=tt10841088&plot=short&apikey=f87d98bd,0.0,1,2021,5,2,0,0.0,0.0,0.0,4.624972813284271,0.8015530544037318,6,1,1,1,0,1,1,0,2.3264788801532004,0
797394,tt13932162,Secret Magic Control Agency,"Ганзель, Гретель и Агентство Магии","The Secret Magic Control Agency sends its two best agents, Hansel and Gretel, to fight against the witch of the Gingerbread House.",2021-03-18,Released,"Animation, Comedy, Fantasy","rescue, magic, rescue mission",Alexey Tsitsilin,"Valery Smekalov, Irina Obrezkova, Alexey Makretsky, Regina Shchukina, Kseniya Brzhezovskaya",0,0,104,7.006,393,1.1784,ru,RU,False,False,OMDb request failed: 401 Client Error: Unauthorized for url: https://www.omdbapi.com/?i=tt13932162&plot=short&apikey=f87d98bd,0.0,1,2021,3,1,0,0.0,0.0,0.0,5.976350909297934,0.7785906623774127,3,1,0,0,0,1,1,0,2.764741235751302,0
874299,tt15005868,South Park: Post COVID,South Park: Post COVID,"What happened to the children who lived through the Pandemic? Stan, Kyle, Cartman and Kenny survived but will never be the same Post Covid.",2021-11-25,Released,"Animation, Comedy, TV Movie","future, pandemic, covid-19",Trey Parker,"Trey Parker, Matt Stone, April Stewart, Mona Marshall, Kimberly Brooks",0,0,59,7.236,392,1.1468,en,US,False,False,OMDb request failed: 401 Client Error: Unauthorized for url: https://www.omdbapi.com/?i=tt15005868&plot=short&apikey=f87d98bd,0.0,1,2021,11,4,1,0.0,0.0,0.0,5.973809611869261,0.7639783613205368,3,1,0,0,0,0,1,0,2.8196681959784695,1
881211,tt15553258,Snoopy Presents: For Auld Lang Syne,Snoopy Presents: For Auld Lang Syne,"After finding out her grandmother won't be visiting for Christmas, Lucy decides to cheer herself up by throwing the ultimate New Year's Eve party. Meanwhile, Charlie Brown tries to fulfill one of his resolutions before the clock strikes midnight.",2021-12-09,Released,"Animation, Comedy, Family","new year, holiday special",Clay Kaytis,"Etienne Kellici, Isabella Leo, Wyatt White, Terry McGurrin, Rob Tinkler",0,0,38,7.16,106,1.1414,en,CA,False,False,OMDb request failed: 401 Client Error: Unauthorized for url: https://www.omdbapi.com/?i=tt15553258&plot=short&apikey=f87d98bd,0.0,1,2021,12,4,1,0.0,0.0,0.0,4.672828834461906,0.7614598207420326,3,1,0,1,0,0,1,0,2.6051432982805904,0
834802,tt14317168,"Ben 10: Ben 10,010","Ben 10: Ben 10,010","In a future where an adult Gwen Tennyson is president and the world is being taken over by the alien horde known as the Xerge, a disillusioned Ben 10,000 is called out of retirement to recruit his 10-year-old version from the past. Based on the 2016 reboot.",2021-04-02,Released,"Action, Animation","extraterrestrial technology, superhero, time travel, alien, based on cartoon, based on tv series",Henrique Jardim,"Tara Strong, Montse Hernandez, David A. Kaye, Greg Cipes, John DiMaggio",0,0,44,6.4,87,1.1198,en,US,False,False,OMDb request failed: 401 Client Error: Unauthorized for url: https://www.omdbapi.com/?i=tt14317168&plot=short&apikey=f87d98bd,0.0,1,2021,4,2,0,0.0,0.0,0.0,4.477336814478207,0.7513217446110174,2,1,0,0,0,0,0,1,2.384298783863384,0
834404,tt14851194,Teen Titans Go! See Space Jam,Teen Titans Go! See Space Jam,"The Teen Titans are visited by the Nerdlucks, the Space Jam villains who tried to capture Michael Jordan and the Looney Tunes. Astonished to discover his fellow Titans have never seen Space Jam, Cyborg organizes an exclusive watch party.",2021-06-20,Released,"Animation, Comedy, Family, Fantasy, Science Fiction",,Peter Rida Michail,"Greg Cipes, Scott Menville, Khary Payton, Tara Strong, Hynden Walch",0,0,83,6.143,245,1.094,en,US,False,False,OMDb request failed: 401 Client Error: Unauthorized for url: https://www.omdbapi.com/?i=tt14851194&plot=short&apikey=f87d98bd,0.0,1,2021,6,2,1,0.0,0.0,0.0,5.5053315359323625,0.7390761124483451,5,1,0,1,0,1,1,0,2.472411147257106,0
876716,tt15476620,Ciao Alberto,Ciao Alberto,"With his best friend Luca away at school, Alberto is enjoying his new life in Portorosso working alongside Massimo—the imposing, tattooed, one-armed fisherman of few words—who's quite possibly the coolest human in the entire world as far as Alberto is concerned. He wants more than anything to impress his mentor, but it's easier said than done.",2021-11-11,Released,"Animation, Comedy, Family, Fantasy","sea, boat, mentor, pasta, short film, silence",Kenna Harris,"Jack Dylan Grazer, Marco Barricelli, Jacob Tremblay, Gino La Monica, Arturo Sorino",45223,0,7,7.381,701,1.0894,en,US,False,False,OMDb request failed: 401 Client Error: Unauthorized for url: https://www.omdbapi.com/?i=tt15476620&plot=short&apikey=f87d98bd,0.0,1,2021,11,4,1,0.045223,0.0,-0.045223,6.553933404025811,0.7368769434212705,4,1,0,1,0,1,1,0,2.938871552117062,1
864390,tt15708426,Mickey and Minnie Wish Upon a Christmas,Mickey and Minnie Wish Upon a Christmas,"After a series of mishaps, Mickey, Minnie and the gang are separated all over the world and must try to get back to Hot Dog Hills by Christmas Eve. A mysterious and jolly stranger shows up to tell them about The Wishing Star, which could be the secret to bringing everybody home in time to celebrate together.",2021-12-02,Released,"Animation, Comedy, Family, TV Movie","christmas, christmas special",Broni Likomanov,"Bret Iwan, Kaitlyn Robrock, Bill Farmer, Daniel Ross, Tress MacNeille",0,0,47,6.997,171,1.072,en,US,False,False,OMDb request failed: 401 Client Error: Unauthorized for url: https://www.omdbapi.com/?i=tt15708426&plot=short&apikey=f87d98bd,0.0,1,2021,12,4,1,0.0,0.0,0.0,5.147494476813453,0.7285143243972366,4,1,0,1,0,0,1,0,2.6306513201816033,0
753601,tt10341040,Around the World in 80 Days,Le Tour du monde en 80 jours,"Passepartout is a young and scholarly marmoset who always dreams of becoming an explorer. One day, he crosses paths with Phileas, a reckless and greedy frog, eager to take on a bet to circumnavigate the globe in 80 days and earn 10 million clams in the process. Seizing the opportunity of a lifetime to explore the world, Passepartout embarks with his new friend on a crazy and exhilarating adventure full of twists and surprises.",2021-08-04,Released,"Animation, Comedy, Family",,Samuel Tourneux,"Damien Frette, Julien Crampon, Kaycie Chase, Céline Ronté, Véronique Augereau",20000000,0,82,5.812,93,1.0602,fr,BE,False,False,OMDb request failed: 401 Client Error: Unauthorized for url: https://www.omdbapi.com/?i=tt10341040&plot=short&apikey=f87d98bd,0.0,1,2021,8,3,0,20.0,0.0,-20.0,4.543294782270004,0.722803065467456,3,1,0,1,0,0,1,0,2.242914677160619,0
795522,tt3885422,The Spine of Night,The Spine of Night,"When ancient dark magic falls into sinister hands and unleashes ages of suffering onto mankind, a group of heroes from different eras and cultures must band together in order to defeat it at all costs.",2021-10-29,Released,"Action, Animation, Fantasy, Horror","rotoscoping, adult animation, high fantasy, cosmic horror","Morgan Galen King, Philip Gelatt","Richard E. Grant, Lucy Lawless, Patton Oswalt, Betty Gabriel, Joe Manganiello",0,0,93,6.0,99,1.0574,en,US,False,False,OMDb request failed: 401 Client Error: Unauthorized for url: https://www.omdbapi.com/?i=tt3885422&plot=short&apikey=f87d98bd,0.0,1,2021,10,4,0,0.0,0.0,0.0,4.605170185988092,0.7214430497147926,4,1,0,0,0,1,0,1,2.298991985355433,0
858064,tt14961110,Night of the Animated Dead,Night of the Animated Dead,"An animated retelling of ‘Night of the Living Dead’, in which a group of people in a rural farmhouse struggle to survive the threat of bloodthirsty zombies.",2021-09-21,Released,"Animation, Horror","zombie, adult animation",Jason Axinn,"Josh Duhamel, Dulé Hill, Katharine Isabelle, James Roday Rodriguez, Katee Sackhoff",0,0,71,6.0,118,1.0492,en,US,False,False,OMDb request failed: 401 Client Error: Unauthorized for url: https://www.omdbapi.com/?i=tt14961110&plot=short&apikey=f87d98bd,0.0,1,2021,9,3,0,0.0,0.0,0.0,4.77912349311153,0.7174494730829101,2,1,0,0,0,0,0,0,2.324485944929166,0
554594,tt7974634,Koati,Koati,"Three unlikely heroes - Nachi, a free-spirited coati; Xochi, a fearless monarch butterfly and Pako, a hyperactive glass frog - embark on an adventure to stop wicked coral snake Zaina from destroying their rain forest homeland.",2021-10-22,Released,Animation,,Rodrigo Perez-Castro,"Sofía Vergara, Sebastián Villalobos, Evaluna Montaner, Daniel Sosa, Juan Carlos Tinoco",0,0,92,7.1,84,1.0128,en,MX,False,False,OMDb request failed: 401 Client Error: Unauthorized for url: https://www.omdbapi.com/?i=tt7974634&plot=short&apikey=f87d98bd,0.0,1,2021,10,4,0,0.0,0.0,0.0,4.442651256490317,0.6995267875239843,1,1,0,0,0,0,0,0,2.546326706602145,0
785545,tt15857304,Shaun the Sheep: The Flight Before Christmas,Shaun the Sheep: The Flight Before Christmas,Shaun's seasonal excitement turns to dismay when a farmhouse raid to get bigger stockings for the flock inadvertently leads to Timmy going missing. Can Shaun get Timmy back before he becomes someone else’s present?,2021-12-03,Released,"Animation, Comedy, Family","sheep, technology, holiday, gadget, anthropomorphism, stop motion, children's story, christmas, sheep farm",Steve Cox,"Justin Fletcher, John Sparkes, Kate Harbour, Laura Aikman, Marcus Brigstocke",0,2061406,30,6.96,176,0.9738,en,GB,False,False,OMDb request failed: 401 Client Error: Unauthorized for url: https://www.omdbapi.com/?i=tt15857304&plot=short&apikey=f87d98bd,0.0,1,2021,12,4,1,0.0,2.061406,2.061406,5.176149732573829,0.6799606187557697,3,1,0,1,0,0,1,0,2.61841655269944,0
649928,tt11332850,Robin Robin,Robin Robin,A bird raised by mice begins to question where she belongs and sets off on a daring journey of self-discovery.,2021-10-09,Released,"Adventure, Animation, Family","holiday, musical","Mikey Please, Daniel Ojari","Bronte Carmichael, Richard E. Grant, Gillian Anderson, Adeel Akhtar, Amira Macey-Michael",0,0,30,7.039,216,0.9577,en,GB,False,False,OMDb request failed: 401 Client Error: Unauthorized for url: https://www.omdbapi.com/?i=tt11332850&plot=short&apikey=f87d98bd,0.0,1,2021,10,4,0,0.0,0.0,0.0,5.37989735354046,0.6717703148003599,3,1,1,1,0,0,0,0,2.6675001502511226,0
864388,tt15470224,Mickey's Tale of Two Witches,Mickey's Tale of Two Witches,"On Halloween, Mickey tells a tale of two witches-in-training, Minnie and Daisy, who must pass four tests to graduate from the With Academy in Happy Haunt Hills.",2021-10-07,Released,"Animation, Family, TV Movie",halloween,Jeff Gordon,"Bret Iwan, Bill Farmer, Tress MacNeille, Kaitlyn Robrock, April Winchell",0,0,46,7.008,125,0.9277,en,US,False,False,OMDb request failed: 401 Client Error: Unauthorized for url: https://www.omdbapi.com/?i=tt15470224&plot=short&apikey=f87d98bd,0.0,1,2021,10,4,0,0.0,0.0,0.0,4.836281906951478,0.6563275824214087,3,1,0,1,0,0,0,0,2.575891423405933,0
812204,tt11207240,Rock Dog 2: Rock Around the Park,Rock Dog 2: Rock Around the Park,"When Bodi and his band 'True Blue' leave Snow Mountain to tour with pop sensation Lil' Foxy, they learn that fame comes at a price.",2021-08-05,Released,"Animation, Comedy, Family, Music","rock 'n' roll, musician, fox, dog, mastiff, music",Mark Baldo,"Graham Hamilton, Ashleigh Ball, Andrew Francis, Kathleen Barr, Brian Drummond",0,786528,90,6.623,114,0.9074,en,CN,False,False,OMDb request failed: 401 Client Error: Unauthorized for url: https://www.omdbapi.com/?i=tt11207240&plot=short&apikey=f87d98bd,0.0,1,2021,8,3,0,0.0,0.786528,0.786528,4.74493212836325,0.6457410581626749,4,1,0,1,0,0,1,0,2.4643509779788886,0
778814,tt11482894,Daisy Quokka: World's Scariest Animal,Daisy Quokka: World's Scariest Animal,"When an unbearably adorable, eternally optimistic Quokka named Daisy wants to achieve the impossible – to win the annual ‘World’s Scariest Animal’ championship, she enlists the guidance of a washed-up, former champion, a grouchy Saltwater Crocodile, to help her achieve her dreams and prove that champions can come in all sizes.",2021-02-04,Released,"Animation, Comedy, Family","competition, animals, quokka",Ricard Cussó,"Angourie Rice, Sam Neill, Sharnee Tones, Grant Denyer, Lucy Durack",0,0,88,6.43,79,0.8759,en,AU,False,False,OMDb request failed: 401 Client Error: Unauthorized for url: https://www.omdbapi.com/?i=tt11482894&plot=short&apikey=f87d98bd,0.0,1,2021,2,1,0,0.0,0.0,0.0,4.382026634673881,0.6290885442592249,3,1,0,1,0,0,1,0,2.359167276839966,0
315162,tt3915174,Puss in Boots: The Last Wish,Puss in Boots: The Last Wish,"Puss in Boots discovers that his passion for adventure has taken its toll: He has burned through eight of his nine lives, leaving him with only one life left. Puss sets out on an epic journey to find the mythical Last Wish and restore his nine lives.",2022-12-07,Released,"Adventure, Animation, Comedy, Family, Fantasy","fairy tale, sequel, talking dog, spin off, aftercreditsstinger, talking cat, fear of death, inspirational",Joel Crawford,"Antonio Banderas, Salma Hayek Pinault, Harvey Guillén, Wagner Moura, Florence Pugh",90000000,484700000,103,8.205,8804,17.5602,en,US,False,False,OMDb request failed: 401 Client Error: Unauthorized for url: https://www.omdbapi.com/?i=tt3915174&plot=short&apikey=f87d98bd,5.385555555555555,1,2022,12,4,1,90.0,484.7,394.7,9.083075020930307,2.9210195031620643,5,1,1,1,0,1,1,0,6.275364178613856,1
508947,tt8097030,Turning Red,Turning Red,"Thirteen-year-old Mei is experiencing the awkwardness of being a teenager with a twist – when she gets too excited, she transforms into a giant red panda.",2022-03-10,Released,"Animation, Comedy, Family, Fantasy","friendship, canada, concert, temple, shapeshifting, toronto, canada, coming of age, teenage girl, female protagonist, east asian lead",Domee Shi,"Rosalie Chiang, Sandra Oh, Ava Morse, Hyein Park, Maitreyi Ramakrishnan",0,21813358,100,7.328,5808,15.6079,en,US,False,False,OMDb request failed: 401 Client Error: Unauthorized for url: https://www.omdbapi.com/?i=tt8097030&plot=short&apikey=f87d98bd,0.0,1,2022,3,1,0,0.0,21.813358,21.813358,8.667163717992533,2.8098784857707457,4,1,0,1,0,1,1,0,3.5535563305644917,1
585083,tt9848626,Hotel Transylvania: Transformania,Hotel Transylvania: Transformania,"When Van Helsing's mysterious invention, the ""Monsterfication Ray,"" goes haywire, Drac and his monster pals are all transformed into humans, and Johnny becomes a monster. In their new mismatched bodies, Drac and Johnny must team up and race across the globe to find a cure before it's too late, and before they drive each other crazy.",2022-01-31,Released,"Adventure, Animation, Comedy, Family, Fantasy","monster, vampire, transformation, aftercreditsstinger, duringcreditsstinger, human","Derek Drymon, Jennifer Kluska","Andy Samberg, Selena Gomez, Kathryn Hahn, Jim Gaffigan, Steve Buscemi",75000000,18500000,92,7.037,3014,11.6434,en,US,False,False,OMDb request failed: 401 Client Error: Unauthorized for url: https://www.omdbapi.com/?i=tt9848626&plot=short&apikey=f87d98bd,0.2466666666666666,1,2022,1,1,0,75.0,18.5,-56.5,8.011355109161286,2.5371353398898746,5,1,1,1,0,1,1,0,3.452523567357674,1
1007401,tt21477618,Mortal Kombat Legends: Snow Blind,Mortal Kombat Legends: Snow Blind,"The vicious, power-mad Kano is determined to take over Earthrealm, one soul at a time. Assisted by a trio of cold Black Dragon mercenaries, he embarks on a brutal assault from town to defenseless town. The choice is simple: kneel or be annihilated. Kenshi, a rebel warrior, calls on Kuai Liang, the only one powerful enough to challenge the malevolent Kano. But Kuai Liang has given up the ways of the warrior, and Kenshi is too undisciplined to defeat Kano himself. If Kuai Liang cannot break through the glacier of doubt that holds him back, Earthrealm will fall.",2022-10-09,Released,"Action, Animation, Fantasy","martial arts, fighting, based on video game, adult animation, extreme blood",Rick Morales,"Manny Jacinto, David Wenham, Artt Butler, Yuri Lowenthal, Sumalee Montano",0,0,82,7.767,234,11.3162,en,US,False,False,OMDb request failed: 401 Client Error: Unauthorized for url: https://www.omdbapi.com/?i=tt21477618&plot=short&apikey=f87d98bd,0.0,1,2022,10,4,0,0.0,0.0,0.0,5.459585514144159,2.510915468969051,3,1,0,0,0,1,0,1,3.1373251474669814,1
438148,tt5113044,Minions: The Rise of Gru,Minions: The Rise of Gru,"A fanboy of a supervillain supergroup known as the Vicious 6, Gru hatches a plan to become evil enough to join them, with the backup of his followers, the Minions.",2022-06-29,Released,"Action, Adventure, Animation, Comedy, Crime, Family, Fantasy, Science Fiction","1970s, villain, sequel, spin off, duringcreditsstinger, supervillain",Kyle Balda,"Steve Carell, Pierre Coffin, Alan Arkin, Taraji P. Henson, Julie Andrews",85000000,940203765,87,7.269,4007,10.9193,en,US,False,False,OMDb request failed: 401 Client Error: Unauthorized for url: https://www.omdbapi.com/?i=tt5113044&plot=short&apikey=f87d98bd,11.061220764705883,1,2022,6,2,1,85.0,940.203765,855.203765,8.2960476427647,2.4781589350806184,8,1,1,1,0,1,1,1,8.410930330794445,1
629542,tt8115900,The Bad Guys,The Bad Guys,"When the Bad Guys, a crew of criminal animals, are finally caught after years of heists and being the world’s most-wanted villains, Mr. Wolf brokers a deal to save them all from prison.",2022-03-17,Released,"Action, Animation, Comedy, Crime, Family","based on novel or book, snake, wolf, affectation, spider, villain, heist, anthropomorphism, shark, guinea pig",Pierre Perifel,"Sam Rockwell, Marc Maron, Awkwafina, Craig Robinson, Anthony Ramos",80000000,250162278,100,7.528,2546,10.845,en,US,False,False,OMDb request failed: 401 Client Error: Unauthorized for url: https://www.omdbapi.com/?i=tt8115900&plot=short&apikey=f87d98bd,3.127028475,1,2022,3,1,0,80.0,250.162278,170.162278,7.842671474979457,2.471905837610749,5,1,0,1,0,0,1,1,4.8363494106385305,1
916224,tt16428256,Suzume,すずめの戸締まり,"Suzume, 17, lost her mother as a little girl. On her way to school, she meets a mysterious young man. But her curiosity unleashes a calamity that endangers the entire population of Japan, and so Suzume embarks on a journey to set things right.",2022-11-11,Released,"Adventure, Animation, Drama, Fantasy","magic, door, natural disaster, calamity, travel, teenage girl, female protagonist, shrine, supernatural creature, enviromental",Makoto Shinkai,"Nanoka Hara, Hokuto Matsumura, Eri Fukatsu, Shota Sometani, Sairi Ito",13000000,314992206,122,7.882,1729,10.3205,ja,JP,False,False,OMDb request failed: 401 Client Error: Unauthorized for url: https://www.omdbapi.com/?i=tt16428256&plot=short&apikey=f87d98bd,24.230169692307697,1,2022,11,4,1,13.0,314.992206,301.992206,7.455876687491824,2.4266152414108957,4,1,1,0,1,1,0,0,14.35645015087387,1
585511,tt7214954,Luck,Luck,"Suddenly finding herself in the never-before-seen Land of Luck, the unluckiest person in the world must unite with the magical creatures there to turn her luck around.",2022-08-05,Released,"Adventure, Animation, Comedy, Family, Fantasy","superstition, bad luck, leprechaun, computer animation, female protagonist, calm",Peggy Holmes,"Eva Noblezada, Simon Pegg, Jane Fonda, Whoopi Goldberg, Colin O'Donoghue",0,0,105,7.718,1945,9.3606,en,ES,False,False,OMDb request failed: 401 Client Error: Unauthorized for url: https://www.omdbapi.com/?i=tt7214954&plot=short&apikey=f87d98bd,0.0,1,2022,8,3,0,0.0,0.0,0.0,7.57353126274595,2.3380101502122397,5,1,1,1,0,1,1,0,3.416231211943728,1
610150,tt14614892,Dragon Ball Super: Super Hero,ドラゴンボール超 スーパーヒーロー,"The Red Ribbon Army, an evil organization that was once destroyed by Goku in the past, has been reformed by a group of people who have created new and mightier Androids, Gamma 1 and Gamma 2, and seek vengeance against Goku and his family.",2022-06-11,Released,"Action, Animation, Science Fiction","android, martial arts, superhero, sequel, attack, based on manga, fighting, aftercreditsstinger, duringcreditsstinger, shounen",Tetsuro Kodama,"Masako Nozawa, Toshio Furukawa, Yuko Minaguchi, Hiroshi Kamiya, Mamoru Miyano",0,86600000,100,7.882,3018,7.6758,ja,JP,False,False,OMDb request failed: 401 Client Error: Unauthorized for url: https://www.omdbapi.com/?i=tt14614892&plot=short&apikey=f87d98bd,0.0,1,2022,6,2,1,0.0,86.6,86.6,8.012680929706839,2.1605375406011835,3,1,0,0,0,0,0,1,3.496482770546203,1
820067,tt15721650,The Quintessential Quintuplets Movie,映画 五等分の花嫁,"When five lovely young girls who hate studying hire part-time tutor Futaro, he guides not only their education but also their hearts. Time spent has brought them all closer, with feelings growing within the girls and Futaro. As they finish their third year of high school and their last school festival approaches, they set their sights on what’s next. Is there a future with one of them and Futaro?",2022-05-20,Released,"Animation, Comedy, Romance","adolescence, twin sister, harem, sister, romance, slice of life, school, based on manga, anime, japanese high school",Masato Jimbo,"Yoshitsugu Matsuoka, Kana Hanazawa, Ayana Taketatsu, Miku Ito, Ayane Sakura",0,17288993,136,8.278,440,7.474,ja,JP,False,False,OMDb request failed: 401 Client Error: Unauthorized for url: https://www.omdbapi.com/?i=tt15721650&plot=short&apikey=f87d98bd,0.0,1,2022,5,2,0,0.0,17.288993,17.288993,6.089044875446846,2.1370026522043677,3,1,0,0,0,0,1,0,3.303407129147682,1
718789,tt10298810,Lightyear,Lightyear,Legendary Space Ranger Buzz Lightyear embarks on an intergalactic adventure alongside a group of ambitious recruits and his robot companion Sox.,2022-06-15,Released,"Adventure, Animation, Family, Science Fiction","time warp, villain, time travel, space travel, alien life-form, alien planet, stranded, spin off, aftercreditsstinger, duringcreditsstinger",Angus MacLane,"Chris Evans, Keke Palmer, Peter Sohn, Taika Waititi, Dale Soules",200000000,226425420,105,6.873,3785,6.7987,en,US,False,False,OMDb request failed: 401 Client Error: Unauthorized for url: https://www.omdbapi.com/?i=tt10298810&plot=short&apikey=f87d98bd,1.1321271,1,2022,6,2,1,200.0,226.42542,26.42542,8.239065331769268,2.053957053138447,4,1,1,1,0,0,0,0,3.771660552736157,1
900667,tt16183464,One Piece Film Red,ONE PIECE FILM RED,A new adventure begins for Luffy and his crew when mysterious pop superstar Uta unveils her identity — and launches a misguided plan for world peace.,2022-08-06,Released,"Action, Adventure, Animation, Fantasy","pirate, fighting, super power, aftercreditsstinger, shounen, anime, idol, adventure, non-canon",Goro Taniguchi,"Mayumi Tanaka, Kazuya Nakai, Shuichi Ikeda, Kaori Nazuka, Akemi Okamura",0,171315305,115,7.206,1124,6.4886,ja,JP,False,False,OMDb request failed: 401 Client Error: Unauthorized for url: https://www.omdbapi.com/?i=tt16183464&plot=short&apikey=f87d98bd,0.0,1,2022,8,3,0,0.0,171.315305,171.315305,7.025538314638521,2.013381864170326,4,1,1,0,0,1,0,1,3.1573380268213267,1
774825,tt13634480,The Ice Age Adventures of Buck Wild,The Ice Age Adventures of Buck Wild,The fearless one-eyed weasel Buck teams up with mischievous possum brothers Crash & Eddie as they head off on a new adventure into Buck's home: The Dinosaur World.,2022-01-28,Released,"Adventure, Animation, Comedy, Family","ice age, snow, spin off, polar adventure",John C. Donkin,"Simon Pegg, Vincent Tong, Aaron Harris, Utkarsh Ambudkar, Justina Machado",0,0,82,6.6,1819,6.2824,en,CA,False,False,OMDb request failed: 401 Client Error: Unauthorized for url: https://www.omdbapi.com/?i=tt13634480&plot=short&apikey=f87d98bd,0.0,1,2022,1,1,0,0.0,0.0,0.0,7.506591780070841,1.985460478208942,4,1,1,1,0,0,1,0,3.0738078387419674,1
560057,tt9288046,The Sea Beast,The Sea Beast,"When a young girl stows away on the ship of a legendary sea monster hunter, they launch an epic journey into uncharted waters — and make history to boot.",2022-06-24,Released,"Action, Adventure, Animation, Family, Fantasy","ship, orphan, sea monster, 17th century, lighthearted, awestruck, cheerful",Chris Williams,"Karl Urban, Zaris-Angel Hator, Jared Harris, Marianne Jean-Baptiste, Benjamin Plessala",0,0,115,7.326,1700,6.1883,en,US,False,False,OMDb request failed: 401 Client Error: Unauthorized for url: https://www.omdbapi.com/?i=tt9288046&plot=short&apikey=f87d98bd,0.0,1,2022,6,2,1,0.0,0.0,0.0,7.438971592395862,1.9724547042774256,5,1,1,1,0,1,0,1,3.243213944500993,1
916192,tt17382524,"The Tunnel to Summer, the Exit of Goodbyes",夏へのトンネル、さよならの出口,"Urashima Tunnel – Once you enter that tunnel, you can get whatever you want, but at a price. Kaoru Tohno, who seems to have an elusive personality and traumatic past, and Anzu Hanashiro, who is struggling to reconcile her ideal image and true-to-heart attitude, team up to investigate the Urashima Tunnel and get what they want. This is an unforgettable summer story of nostalgia and sprinting in a remote countryside.",2022-09-09,Released,"Animation, Drama, Fantasy, Romance, Science Fiction","high school, adolescence, legend, supernatural, time travel, coming of age, tragedy, school, tunnel, seinen",Tomohisa Taguchi,"Ouji Suzuka, Marie Iitoyo, Tasuku Hatanaka, Arisa Komiya, Haruka Terui",0,872000,83,7.681,276,6.1009,ja,JP,False,False,OMDb request failed: 401 Client Error: Unauthorized for url: https://www.omdbapi.com/?i=tt17382524&plot=short&apikey=f87d98bd,0.0,1,2022,9,3,0,0.0,0.872,0.872,5.6240175061873385,1.9602215365772087,5,1,0,0,1,1,0,0,3.057885856414682,1
876792,tt15467380,That Time I Got Reincarnated as a Slime the Movie: Scarlet Bond,劇場版 転生したらスライムだった件 紅蓮の絆編,"A long-running conspiracy is swirling over a mysterious power wielded by the Queen in Raja, a small country west of Tempest. When a slime who evolved into a Demon Lord named Rimuru Tempest crosses paths with Hiiro, a survivor of the Ogre race, an incredible adventure packed with new characters begins. The power of bonds will be put to the test!",2022-11-25,Released,"Adventure, Animation, Fantasy","monster, magic, slime, reincarnation, demon, shounen, anime, other world, isekai, adventure",Yasuhito Kikuchi,"Miho Okasaki, Makoto Furukawa, Megumi Toyoguchi, Tomoaki Maeno, Sayaka Senbongi",0,11628645,108,7.372,432,6.0847,ja,JP,False,False,OMDb request failed: 401 Client Error: Unauthorized for url: https://www.omdbapi.com/?i=tt15467380&plot=short&apikey=f87d98bd,0.0,1,2022,11,4,1,0.0,11.628645,11.628645,6.07073772800249,1.9579375292680317,3,1,1,0,0,1,0,0,3.047301288590578,1
555604,tt1488589,Guillermo del Toro's Pinocchio,Guillermo del Toro's Pinocchio,"During the rise of fascism in Mussolini's Italy, a wooden boy brought magically to life struggles to live up to his father's expectations.",2022-11-09,Released,"Adventure, Animation, Drama, Fantasy","based on novel or book, italy, fascism, greed, woodcutter, musical, puppet, benito mussolini, stop motion, dark fantasy","Mark Gustafson, Guillermo del Toro","Ewan McGregor, David Bradley, Gregory Mann, Burn Gorman, Ron Perlman",35000000,0,117,8.02,3319,5.675,en,US,False,False,OMDb request failed: 401 Client Error: Unauthorized for url: https://www.omdbapi.com/?i=tt1488589&plot=short&apikey=f87d98bd,0.0,1,2022,11,4,1,35.0,0.0,-35.0,8.107720061910534,1.8983692042863132,4,1,1,0,1,1,0,0,3.505913389929527,1
539681,tt8912936,DC League of Super-Pets,DC League of Super-Pets,"When Superman and the rest of the Justice League are kidnapped, Krypto the Super-Dog must convince a rag-tag shelter pack - Ace the hound, PB the potbellied pig, Merton the turtle and Chip the squirrel - to master their own newfound powers and help him rescue the superheroes.",2022-07-27,Released,"Adventure, Animation, Comedy, Family, Science Fiction","superhero, villain, based on comic, dog, super power, aftercreditsstinger, duringcreditsstinger, evil mastermind, supervillain, talking animal",Jared Stern,"Dwayne Johnson, Kevin Hart, John Krasinski, Keanu Reeves, Kate McKinnon",90000000,203000000,105,7.154,1723,4.9993,en,US,False,False,OMDb request failed: 401 Client Error: Unauthorized for url: https://www.omdbapi.com/?i=tt8912936&plot=short&apikey=f87d98bd,2.2555555555555555,1,2022,7,3,1,90.0,203.0,113.0,7.452402451223638,1.7916427957553034,5,1,1,1,0,0,1,0,4.190106787046841,1
420821,tt3513500,Chip 'n Dale: Rescue Rangers,Chip 'n Dale: Rescue Rangers,"Decades since their successful television series was canceled, Chip has succumbed to a life of suburban domesticity as an insurance salesman. Dale, meanwhile, has had CGI surgery and works the nostalgia convention circuit, desperate to relive his glory days. When a former cast mate mysteriously disappears, Chip and Dale must repair their broken friendship and take on their Rescue Rangers detective personas once again to save their friend’s life.",2022-05-20,Released,"Adventure, Animation, Comedy, Family, Mystery","cartoon, los angeles, california, former best friend, missing person, duringcreditsstinger, live action and animation, bootleg, corrupt cop",Akiva Schaffer,"Andy Samberg, John Mulaney, KiKi Layne, Will Arnett, Eric Bana",70000000,623190,99,6.992,1369,4.502,en,US,False,False,OMDb request failed: 401 Client Error: Unauthorized for url: https://www.omdbapi.com/?i=tt3513500&plot=short&apikey=f87d98bd,0.0089027142857142,1,2022,5,2,0,70.0,0.62319,-69.37681,7.222566018822171,1.7051116625023828,5,1,1,1,0,0,1,0,3.0911578736272545,1
893712,tt15830702,Sword Art Online the Movie – Progressive – Scherzo of Deep Night,劇場版 ソードアート・オンライン -プログレッシブ- 冥き夕闇のスケルツォ,"Over a month has passed since 10,000 users were trapped inside the ""Sword Art Online"" world. Asuna, who cleared the first floor of the floating iron castle of Aincrad, joined up with Kirito and continued her journey to reach the top floor. With the support of female Information Broker Argo, clearing the floors seemed to be progressing smoothly, but conflict erupts between two major guilds who should be working together – the top player groups ALS (the Aincrad Liberation Squad) and DKB (the Dragon Knights Brigade). And meanwhile, behind the scenes exists a mysterious figure pulling the strings…",2022-10-22,Released,"Action, Animation, Fantasy, Science Fiction","monster, virtual reality, fantasy world, anime, mmorpg, virtual world, based on light novel, vrmmo",Ayako Kono,"Haruka Tomatsu, Yoshitsugu Matsuoka, Inori Minase, Shiori Izawa, Hiroki Yasumoto",0,9071701,100,7.655,222,4.1908,ja,JP,False,False,OMDb request failed: 401 Client Error: Unauthorized for url: https://www.omdbapi.com/?i=tt15830702&plot=short&apikey=f87d98bd,0.0,1,2022,10,4,0,0.0,9.071701,9.071701,5.407171771460119,1.6468878278809385,4,1,0,0,0,1,0,1,2.971858939901159,1
912598,tt16360006,Bubble,バブル,"In an abandoned Tokyo overrun by bubbles and gravitational abnormalities, one gifted young man has a fateful meeting with a mysterious girl.",2022-02-14,Released,"Adventure, Animation, Fantasy, Science Fiction","adolescence, parkour, romance, disaster, tokyo, japan, battle, gravity, anime, anxious, casual",Tetsuro Araki,"Jun Shison, Riria., Alice Hirose, Mamoru Miyano, Yuki Kaji",0,0,101,7.289,476,4.1622,ja,JP,False,False,OMDb request failed: 401 Client Error: Unauthorized for url: https://www.omdbapi.com/?i=tt16360006&plot=short&apikey=f87d98bd,0.0,1,2022,2,1,0,0.0,0.0,0.0,6.1675164908883415,1.6413628452184743,4,1,1,0,0,1,0,0,2.993581900416022,1
997317,tt23770418,Kaguya-sama: Love Is War -The First Kiss That Never Ends-,かぐや様は告らせたい-ファーストキッスは終わらない-,"After pining for one another and plotting for so long, Kaguya Shinomiya and Miyuki Shirogane finally have their climactic first kiss. However, they struggle to define their relationship. After all, how much of their true selves have they really shown to one another?",2022-12-17,Released,"Animation, Comedy, Romance","high school, romcom, sequel, based on manga, school life, seinen, christmas, anime, japanese high school",Mamoru Hatakeyama,"Makoto Furukawa, Aoi Koga, Konomi Kohara, Ryota Suzuki, Miyu Tomita",0,440441,96,7.957,94,4.0281,ja,JP,False,False,OMDb request failed: 401 Client Error: Unauthorized for url: https://www.omdbapi.com/?i=tt23770418&plot=short&apikey=f87d98bd,0.0,1,2022,12,4,1,0.0,0.440441,0.440441,4.553876891600541,1.6150421791539322,3,1,0,0,0,0,1,0,2.914587860613171,1
903939,tt19770970,Detective Conan: The Bride of Halloween,名探偵コナン ハロウィンの花嫁,"Shibuya, Tokyo, is bustling with the Halloween season. A wedding is being held at Shibuya Hikarie, where Detective Miwako Sato of the Metropolitan Police Department is dressed in a wedding dress. While Conan and the other invited guests are watching, an assailant suddenly bursts in, and Detective Wataru Takagi, who was trying to protect Sato, is injured. Takagi survived and the situation was settled, but in Sato's eyes, the image of the grim reaper that she had seen when Detective Matsuda, the man she had been in love with, had been killed in a series of bombings three years ago, overlapped with Takagi's.",2022-04-15,Released,"Action, Animation, Crime, Mystery","detective, anime",Susumu Mitsunaka,"Minami Takayama, Kappei Yamaguchi, Wakana Yamazaki, Rikiya Koyama, Toru Furuya",0,72699093,111,6.407,113,4.0102,ja,JP,False,False,OMDb request failed: 401 Client Error: Unauthorized for url: https://www.omdbapi.com/?i=tt19770970&plot=short&apikey=f87d98bd,0.0,1,2022,4,2,0,0.0,72.699093,72.699093,4.736198448394496,1.6114758344596658,4,1,0,0,0,0,0,1,2.553901142428124,0
995133,tt22667880,"The Boy, the Mole, the Fox and the Horse","The Boy, the Mole, the Fox and the Horse","The unlikely friendship of a boy, a mole, a fox and a horse traveling together in the boy's search for home.",2022-12-25,Released,"Adventure, Animation, Drama, Family","friendship, hope, fox, horse, based on children's book, kindness, family, candid, hand drawn animation, short film","Peter Baynton, Charlie Mackesy","Jude Coward Nicoll, Tom Hollander, Idris Elba, Gabriel Byrne",0,0,35,8.222,718,3.9484,en,GB,False,False,OMDb request failed: 401 Client Error: Unauthorized for url: https://www.omdbapi.com/?i=tt22667880&plot=short&apikey=f87d98bd,0.0,1,2022,12,4,1,0.0,0.0,0.0,6.577861357721047,1.5990642920065394,4,1,1,1,1,0,0,0,3.282038847459138,1
877269,tt10298840,Strange World,Strange World,"A journey deep into an uncharted and treacherous land, where fantastical creatures await the legendary Clades—a family of explorers whose differences threaten to topple their latest, and by far most crucial, mission.",2022-11-23,Released,"Adventure, Animation, Family, Fantasy, Science Fiction","monster, coming of age, harmony, farmer, explorer, lgbt teen, alternative world, cliché",Don Hall,"Jake Gyllenhaal, Dennis Quaid, Jaboukie Young-White, Gabrielle Union, Lucy Liu",180000000,73621640,102,6.232,1418,3.8626,en,US,False,False,OMDb request failed: 401 Client Error: Unauthorized for url: https://www.omdbapi.com/?i=tt10298840&plot=short&apikey=f87d98bd,0.4090091111111111,1,2022,11,4,1,180.0,73.62164,-106.37836,7.257707677160043,1.5815732742857957,5,1,1,1,0,1,0,0,3.067946242716876,1
877957,tt15494038,Drifting Home,雨を告げる漂流団地,"One fateful summer, a group of elementary school kids set adrift on an abandoned apartment building must look within themselves to find a way back home.",2022-09-09,Released,"Adventure, Animation, Fantasy","friendship, supernatural, slice of life, magic realism, anime",Hiroyasu Ishida,"Mutsumi Tamura, Asami Seto, Ayumu Murase, Daiki Yamashita, Yumiko Kobayashi",0,0,121,7.331,341,3.7554,ja,JP,False,False,OMDb request failed: 401 Client Error: Unauthorized for url: https://www.omdbapi.com/?i=tt15494038&plot=short&apikey=f87d98bd,0.0,1,2022,9,3,0,0.0,0.0,0.0,5.834810737062605,1.559280814436165,3,1,1,0,0,1,0,0,2.9418637327248156,1
782054,tt13740078,Doraemon the Movie: Nobita's Little Star Wars 2021,映画ドラえもん のび太の宇宙小戦争 2021,"During summer vacation Nobita picks up a small rocket containing Papi, a palm-sized alien president escaping rebels on his home planet Pirika.",2022-03-04,Released,"Adventure, Animation, Comedy, Family, Fantasy, Science Fiction",anime,Susumu Yamaguchi,"Wasabi Mizuta, Megumi Oohara, Yumi Kakazu, Subaru Kimura, Tomokazu Seki",0,22044058,108,6.583,133,3.7186,ja,JP,False,False,OMDb request failed: 401 Client Error: Unauthorized for url: https://www.omdbapi.com/?i=tt13740078&plot=short&apikey=f87d98bd,0.0,1,2022,3,1,0,0.0,22.044058,22.044058,4.897839799950911,1.5515121454304759,6,1,1,1,0,1,1,0,2.613152791807208,0
783675,tt15242330,The First Slam Dunk,THE FIRST SLAM DUNK,"Shohoku's “speedster” and point guard, Ryota Miyagi, always plays with brains and lightning speed, running circles around his opponents while feigning composure. In his second year of high school, Ryota plays with the Shohoku High School basketball team along with Sakuragi, Rukawa, Akagi, and Mitsui as they take the stage at the Inter-High School National Championship. And now, they are on the brink of challenging the reigning champions, Sannoh Kogyo High School.",2022-12-03,Released,"Animation, Comedy, Drama","high school, competition, basketball, rivalry, high school sports, romance, tournament, based on manga, sport competition, school life",Takehiko Inoue,"Shugo Nakamura, Jun Kasama, Kenta Miyake, Shinichiro Kamio, Subaru Kimura",0,258000000,125,7.8,532,3.5219,ja,JP,False,False,OMDb request failed: 401 Client Error: Unauthorized for url: https://www.omdbapi.com/?i=tt15242330&plot=short&apikey=f87d98bd,0.0,1,2022,12,4,1,0.0,258.0,258.0,6.278521424165844,1.5089322595024561,3,1,0,0,1,0,1,0,3.118118052550245,1
942881,tt22868842,Lonely Castle in the Mirror,かがみの孤城,"Shy outcast Kokoro has been avoiding school for weeks when she discovers a portal in her bedroom mirror. She reaches through and finds herself transported to an enchanting castle where she is joined by six other students. When a girl in a wolf mask explains that they have been invited to play a game, the teens must work together to uncover the mysterious connection that unites them. However, anyone who breaks the rules will be eaten by a wolf.",2022-12-23,Released,"Animation, Drama, Fantasy, Mystery","based on novel or book, survival, seinen, nervous, anime, dramatic, excited, powerful, human mystery",Keiichi Hara,"Ami Touma, Takumi Kitamura, Sakura Kiryu, Rihito Itagaki, Naho Yokomizo",0,0,116,7.123,106,3.4746,ja,JP,False,False,OMDb request failed: 401 Client Error: Unauthorized for url: https://www.omdbapi.com/?i=tt22868842&plot=short&apikey=f87d98bd,0.0,1,2022,12,4,1,0.0,0.0,0.0,4.672828834461906,1.4984169622568388,4,1,0,0,1,1,0,0,2.7064368695078116,0
366672,tt4428398,Paws of Fury: The Legend of Hank,Paws of Fury: The Legend of Hank,"A hard-on-his-luck hound finds himself in a town full of cats in need of a hero to defend them from a ruthless villain's wicked plot to wipe their village off the map. With help from a reluctant mentor, our underdog must assume the role of town samurai and team up with the villagers to save the day.",2022-07-14,Released,"Adventure, Animation, Comedy, Family","japan, samurai, remake, racism, cartoon cat, tyrant, sumo, cartoon dog, aftercreditsstinger, duringcreditsstinger","Rob Minkoff, Chris Bailey, Mark Koetsier","Michael Cera, Samuel L. Jackson, Ricky Gervais, Kylie Kuioka, Mel Brooks",45000000,42500000,94,6.631,329,3.3181,en,CA,False,False,OMDb request failed: 401 Client Error: Unauthorized for url: https://www.omdbapi.com/?i=tt4428398&plot=short&apikey=f87d98bd,0.9444444444444444,1,2022,7,3,1,45.0,42.5,-2.5,5.799092654460526,1.4628154906943003,4,1,1,1,0,0,1,0,3.1720362217732236,1
938567,tt15313532,Teasing Master Takagi-san: The Movie,劇場版 からかい上手の高木さん,"Takagi and Nishikata’s final summer in junior high is about to begin, and it’s already off to a heartwarming start! When the pair find an abandoned kitten, they decide to work together and take care of Hana, their adorable new companion until they can locate its missing mother.",2022-06-10,Released,"Animation, Comedy, Romance","cat, romcom, sequel, romance, slice of life, school, based on manga, school life, shounen, anime",Hiroaki Akagi,"Yuki Kaji, Rie Takahashi, Inori Minase, Konomi Kohara, Mao Ichimichi",0,2739967,73,8.455,144,3.1962,ja,JP,False,False,OMDb request failed: 401 Client Error: Unauthorized for url: https://www.omdbapi.com/?i=tt15313532&plot=short&apikey=f87d98bd,0.0,1,2022,6,2,1,0.0,2.739967,2.739967,4.976733742420574,1.4341793538404635,3,1,0,0,0,0,1,0,3.0753869644391556,1
676710,tt10473036,The Amazing Maurice,The Amazing Maurice,"Maurice is a streetwise ginger cat who comes up with a money-making scam by befriending a group of self-taught talking rats. When Maurice and the rodents meet a bookworm called Malicia, their little con soon goes down the drain.",2022-12-16,Released,"Adventure, Animation, Comedy, Family, Fantasy","based on novel or book, grim reaper, cartoon cat, nine lives, rat, terry pratchett, discworld, interspecies friendship",Toby Genkel,"Hugh Laurie, Emilia Clarke, David Thewlis, Himesh Patel, David Tennant",17000000,21110363,93,6.669,186,2.9421,en,BE,False,False,OMDb request failed: 401 Client Error: Unauthorized for url: https://www.omdbapi.com/?i=tt10473036&plot=short&apikey=f87d98bd,1.2417860588235294,1,2022,12,4,1,17.0,21.110363,4.110363,5.231108616854587,1.3717135762423573,5,1,1,1,0,1,1,0,3.2164770554351296,1
778855,tt12532368,Chickenhare and the Hamster of Darkness,Chickenhare and the Hamster of Darkness,"Young Chickenhare is the adopted son of King Peter, a famous adventurer. Part chicken and part hare, he has a really tough time growing up and disguises himself as a hare to avoid the mockeries of his peers. When the day of the Royal Adventurer Society trials comes, Chickenhare, hampered by his disguise, fails miserably. But he is determined to grab a second chance and find the Scepter of the Hamster of Darkness, before his evil Uncle Lapin. The Scepter will give immense power to its holder. If Lapin gets hold of it, he will be unstoppable. Accompanied by his faithful servant Abe, a sarcastic turtle, and Meg, a martial arts expert skunk, he sets of on an epic and initiatory quest.",2022-02-16,Released,"Adventure, Animation, Comedy, Family, Fantasy",,"Benjamin Mousquet, Ben Stassen","Jordan Tartakow, Joe Ochman, Laila Berzins, Danny Fehsenfeld, Chris McCune",20000000,10885116,91,7.3,284,2.8142,en,BE,False,False,OMDb request failed: 401 Client Error: Unauthorized for url: https://www.omdbapi.com/?i=tt12532368&plot=short&apikey=f87d98bd,0.5442558,1,2022,2,1,0,20.0,10.885116,-9.114884,5.652489180268651,1.338730944188281,5,1,1,1,0,1,1,0,3.11859812866854,1
642538,tt10540510,Inu-Oh,犬王,A cursed dancer and a blind musician — both ostracized by society — become business partners and inseparable friends as their larger-than-life concerts propel them to stardom in 14th century Japan.,2022-05-28,Released,"Animation, Drama, Fantasy, History, Music","japan, based on novel or book, musical, period drama, historical, anime, classic cartoon, heike story, muromachi period, sarugaku",Masaaki Yuasa,"Avu-chan, Mirai Moriyama, Tasuku Emoto, Kenjiro Tsuda, Yutaka Matsushige",0,484127,98,7.301,161,2.7101,ja,JP,False,False,OMDb request failed: 401 Client Error: Unauthorized for url: https://www.omdbapi.com/?i=tt10540510&plot=short&apikey=f87d98bd,0.0,1,2022,5,2,0,0.0,0.484127,0.484127,5.087596335232384,1.311058830433984,5,1,0,0,1,1,0,0,2.7850482748499554,1
751741,tt13623880,Night at the Museum: Kahmunrah Rises Again,Night at the Museum: Kahmunrah Rises Again,"Nick Daley is following in his father's footsteps as night watchman at the American Museum of Natural History, so he knows what happens when the sun goes down. But when the maniacal ruler Kahmunrah escapes, it is up to Nick to save the museum once and for all.",2022-12-08,Released,"Adventure, Animation, Comedy, Family, Fantasy","magic, museum, mummy, pharao, sequel, school, pharaoh, egyptian tomb, ancient tablet, stone tablet",Matt Danner,"Joshua Bassett, Thomas Lennon, Joseph Kamal, Akmal Saleh, Steve Zahn",0,0,77,6.357,283,2.675,en,US,False,False,OMDb request failed: 401 Client Error: Unauthorized for url: https://www.omdbapi.com/?i=tt13623880&plot=short&apikey=f87d98bd,0.0,1,2022,12,4,1,0.0,0.0,0.0,5.648974238161206,1.3015531326648,5,1,1,1,0,1,1,0,2.631829105623901,0
844075,tt19757204,New Gods: Yang Jian,新神榜：杨戬,"Fifteen hundred years after the war of gods, the heaven declined. Yang Jian, the God of Erlang, made a living by working as a catcher. One day, Yang Jian was ordered to hunt down a young man, his own nephew.",2022-08-19,Released,"Adventure, Animation, Comedy, Fantasy","god, 3d animation, chinese mythology, donghua",Zhao Ji,"Kai Wang, Ji Guanlin, Lihong Li, Li Lanling, Zhao Yi",0,70826303,128,7.484,95,2.6093,zh,CN,False,False,OMDb request failed: 401 Client Error: Unauthorized for url: https://www.omdbapi.com/?i=tt19757204&plot=short&apikey=f87d98bd,0.0,1,2022,8,3,0,0.0,70.826303,70.826303,4.564348191467836,1.2835138477254515,4,1,1,0,0,1,1,0,2.748179305878993,0
897192,tt15847828,Diary of a Wimpy Kid: Rodrick Rules,Diary of a Wimpy Kid: Rodrick Rules,"As a new school year begins, Greg is subject to relentless teasing from his brother Rodrick. Will Greg manage to get along with him? Or will a secret ruin everything?",2022-12-01,Released,"Animation, Comedy, Family","based on novel or book, sequel",Luke Cormican,"Brady Noon, Ethan William Childress, Hunter Dillon, Erica Cerra, Chris Diamantopoulos",0,0,74,6.777,191,2.572,en,CA,False,False,OMDb request failed: 401 Client Error: Unauthorized for url: https://www.omdbapi.com/?i=tt15847828&plot=short&apikey=f87d98bd,0.0,1,2022,12,4,1,0.0,0.0,0.0,5.2574953720277815,1.2731256630142527,3,1,0,1,0,0,1,0,2.6738431552563053,0
926899,tt11703050,The House,The House,"Across different eras, a poor family, an anxious developer and a fed-up landlady become tied to the same mysterious house in this animated dark comedy.",2022-01-14,Released,"Animation, Comedy, Drama, Fantasy, Horror","dark comedy, surreal, stop motion","Paloma Baeza, Marc James Roels, Emma De Swaef, Niki Lindroth von Bahr","Mia Goth, Matthew Goode, Claudie Blakley, Eleanor De Swaef-Roels, Mark Heap",0,0,97,7.023,1130,2.4972,en,GB,False,False,OMDb request failed: 401 Client Error: Unauthorized for url: https://www.omdbapi.com/?i=tt11703050&plot=short&apikey=f87d98bd,0.0,1,2022,1,1,0,0.0,0.0,0.0,7.030857476116121,1.251962648324599,5,1,0,0,1,1,1,0,2.9981730186661077,1
676701,tt14941698,Tad the Lost Explorer and the Emerald Tablet,Tadeo Jones 3: La Tabla Esmeralda,"Tad accidentally unleashes an ancient spell, endangering the lives of his friends Mummy, Jeff, and Belzoni. With everyone against him and only helped by Sara, he sets off on an adventure to end the Curse of the Mummy.",2022-08-24,Released,"Adventure, Animation, Comedy, Family, Fantasy",,Enrique Gato,"Óscar Barberán, Luis Posada, Michelle Jenner, Anuska Alborg, Alexandra Jiménez",11983950,32800000,89,7.469,339,2.3798,es,ES,False,False,OMDb request failed: 401 Client Error: Unauthorized for url: https://www.omdbapi.com/?i=tt14941698&plot=short&apikey=f87d98bd,2.736994062892452,1,2022,8,3,0,11.98395,32.8,20.81605,5.8289456176102075,1.2178165361465862,5,1,1,1,0,1,1,0,4.155911651365123,1
989937,tt17677744,The Seven Deadly Sins: Grudge of Edinburgh Part 1,七つの大罪 怨嗟のエジンバラ 前編,"Tristan, the son of Meliodas and Elizabeth, inherits the power of the Goddess Clan and can heal people’s wounds and injuries, but he often ends up hurting others due to his inability to control his Demon Clan power. To protect his family, Tristan heads to Edinburgh Castle and meets a host of new friends along the way.",2022-12-20,Released,"Action, Adventure, Animation, Fantasy","magic, based on manga, demon, anime, 3d animation, original net animation (ona)",Bob Shirohata,"Ayumu Murase, Sora Amamiya, Yohei Azakami, Jun Fukuyama, Keisuke Hamaoka",0,0,52,7.678,290,2.3489,ja,JP,False,False,OMDb request failed: 401 Client Error: Unauthorized for url: https://www.omdbapi.com/?i=tt17677744&plot=short&apikey=f87d98bd,0.0,1,2022,12,4,1,0.0,0.0,0.0,5.673323267171493,1.2086319337066591,4,1,1,0,0,1,0,1,2.9517932801317226,1
1015724,tt21919270,Trick or Treat Scooby-Doo!,Trick or Treat Scooby-Doo!,"Mystery Inc. has cracked the case to top all cases! They’ve tracked down Coco Diablo, the head of a notorious costume crime syndicate. With Coco and her kitty in prison, Mystery Inc. thinks that they can finally enjoy a break. Wrong! Suddenly, menacing doppelgänger ghosts of the Scooby crew and favorite classic foes show up in Coolsville to threaten Halloween. Now it’s up to the meddling kids to unmask the latest scoundrel and save Halloween!",2022-10-04,Released,"Adventure, Animation, Comedy, Family, Mystery","halloween, talking dog, doppelgänger, ghost",Audie Harrison,"Frank Welker, Grey DeLisle, Matthew Lillard, Kate Micucci, Myrna Velasco",0,0,77,6.983,208,2.3163,en,US,False,False,OMDb request failed: 401 Client Error: Unauthorized for url: https://www.omdbapi.com/?i=tt21919270&plot=short&apikey=f87d98bd,0.0,1,2022,10,4,0,0.0,0.0,0.0,5.342334251964811,1.1988497036271655,5,1,1,1,0,0,1,0,2.7269275933387966,0
869626,tt15339456,Marcel the Shell with Shoes On,Marcel the Shell with Shoes On,"Marcel is an adorable one-inch-tall shell who ekes out a colorful existence with his grandmother Connie and their pet lint, Alan. Once part of a sprawling community of shells, they now live alone as the sole survivors of a mysterious tragedy. When a documentarian discovers them amongst the clutter of his Airbnb, his resulting short film brings Marcel millions of passionate fans, as well as unprecedented dangers and a new hope at finding his long-lost family.",2022-06-24,Released,"Animation, Comedy, Drama, Family","journalist, mockumentary, stop motion, family, fake documentary, viral video, shell, children's story, kids, airbnb",Dean Fleischer Camp,"Jenny Slate, Dean Fleischer Camp, Isabella Rossellini, Joe Gabler, Shari Finkelstein",6000000,6909209,90,7.65,693,2.3157,en,US,False,False,OMDb request failed: 401 Client Error: Unauthorized for url: https://www.omdbapi.com/?i=tt15339456&plot=short&apikey=f87d98bd,1.1515348333333333,1,2022,6,2,1,6.0,6.909209,0.909209,6.542471960506805,1.19866876273403,4,1,0,1,1,0,1,0,3.591861783486125,1
504827,tt7466442,The Bob's Burgers Movie,The Bob's Burgers Movie,"When a ruptured water main creates an enormous sinkhole right in front of Bob's Burgers, it blocks the entrance indefinitely and ruins the Belchers’ plans for a successful summer. While Bob and Linda struggle to keep the business afloat, the kids try to solve a mystery that could save their family's restaurant. As the dangers mount, these underdogs help each other find hope and fight to get back behind the counter, where they belong.",2022-05-26,Released,"Animation, Comedy, Crime, Mystery","test of courage, crime scene, aftercreditsstinger, based on tv series, secret playroom, carney town, optimistic","Bernard Derriman, Loren Bouchard","H. Jon Benjamin, Kristen Schaal, John Roberts, Dan Mintz, Eugene Mirman",38000000,34148750,102,6.978,365,2.3039,en,US,False,False,OMDb request failed: 401 Client Error: Unauthorized for url: https://www.omdbapi.com/?i=tt7466442&plot=short&apikey=f87d98bd,0.8986513157894737,1,2022,5,2,0,38.0,34.14875,-3.85125,5.902633333401366,1.1951035888568708,4,1,0,0,0,0,1,0,3.2135536304439984,1
566466,tt14364238,Laid-Back Camp the Movie,映画 ゆるキャン△,"Your favorite cozy camping anime returns with a movie as the former members of the Outdoors Club get together again, this time to build a campsite! Reunite with Nadeshiko, Rin, Chiaki, Aoi, and Ena as they gather around the campfire once more with good food and good company.",2022-07-01,Released,"Animation, Comedy","camping, slice of life, hobby, camp, based on manga, journey, anime, outdoors, yamanashi, japan",Yoshiaki Kyougoku,"Yumiri Hanamori, Nao Toyama, Sayuri Hara, Aki Toyosaki, Rie Takahashi",0,7283918,121,7.601,69,2.2024,ja,JP,False,False,OMDb request failed: 401 Client Error: Unauthorized for url: https://www.omdbapi.com/?i=tt14364238&plot=short&apikey=f87d98bd,0.0,1,2022,7,3,1,0.0,7.283918,7.283918,4.248495242049359,1.1639005286962267,2,1,0,0,0,0,1,0,2.7121093656118376,0
778810,tt8354218,Fireheart,Fireheart,The film explores the world of firefighters in 1920s New York City and tells the story of a 16-year-old girl who will have to become a hero in order to save her city.,2022-01-16,Released,"Adventure, Animation, Comedy, Family","new york city, fire brigade, affectation, speculative, 1920s, candid, philosophical, playful, fireman, cautionary","Theodore Anthony Lee Ty, Laurent Zeitoun","Olivia Cooke, Kenneth Branagh, William Shatner, Laurie Holden, Kevin Dennis",0,0,92,7.214,290,2.1821,en,CA,False,False,OMDb request failed: 401 Client Error: Unauthorized for url: https://www.omdbapi.com/?i=tt8354218&plot=short&apikey=f87d98bd,0.0,1,2022,1,1,0,0.0,0.0,0.0,5.673323267171493,1.1575413561973973,4,1,1,1,0,0,1,0,2.8281296935053337,1
886396,tt21197740,Batman and Superman: Battle of the Super Sons,Batman and Superman: Battle of the Super Sons,"After discovering he has powers, 11-year-old Jonathan Kent and assassin-turned-Boy-Wonder Damian Wayne must join forces to rescue their fathers (Superman & Batman) and save the planet from the malevolent alien force known as Starro.",2022-10-17,Released,"Action, Animation, Science Fiction","superhero, villain, based on comic, alien invasion, super power",Matt Peters,"Jack Dylan Grazer, Jack Griffo, Laura Bailey, Troy Baker, Darin De Paul",0,0,80,7.635,349,2.1136,en,US,False,False,OMDb request failed: 401 Client Error: Unauthorized for url: https://www.omdbapi.com/?i=tt21197740&plot=short&apikey=f87d98bd,0.0,1,2022,10,4,0,0.0,0.0,0.0,5.857933154483459,1.1357796130095488,3,1,0,0,0,0,0,1,2.9578069151239514,1
1045944,tt23546646,The Boss Baby: Christmas Bonus,The Boss Baby: Christmas Bonus,Christmas Eve takes a twisty turn when the Boss Baby accidentally swaps places with one of Santa's elves and gets stranded at the North Pole.,2022-12-06,Released,"Adventure, Animation, Family","holiday, santa claus, christmas","Matt Engstrom, Christo Stamboliev","JP Karliak, Pierce Gagnon, Amaryllis Aubel, Jodi Benson, Alex Cazares",0,0,45,6.686,317,2.0545,en,US,False,False,OMDb request failed: 401 Client Error: Unauthorized for url: https://www.omdbapi.com/?i=tt23546646&plot=short&apikey=f87d98bd,0.0,1,2022,12,4,1,0.0,0.0,0.0,5.762051382780177,1.1166159131076845,3,1,1,1,0,0,0,0,2.703300094383179,0
846993,tt14967958,"Goodbye, Don Glees!",グッバイ、ドン・グリーズ！,"Teen misfits Roma, Toto, and Drop call themselves the “Don Glees,” an informal name for their backyard adventures. One day, when the trio gets blamed for a nearby forest fire, they set off into the woods to prove their innocence. As disaster strikes their expedition, tensions flare between the friends as they realize that growing up has taken them on wildly different paths in life.",2022-02-18,Released,"Adventure, Animation, Drama","iceland, friends, slice of life, travel, summer vacation, anime, atlantic",Atsuko Ishizuka,"Natsuki Hanae, Yuki Kaji, Ayumu Murase, Kana Hanazawa, Rino Sashihara",0,0,95,7.036,55,2.0531,ja,JP,False,False,OMDb request failed: 401 Client Error: Unauthorized for url: https://www.omdbapi.com/?i=tt14967958&plot=short&apikey=f87d98bd,0.0,1,2022,2,1,0,0.0,0.0,0.0,4.02535169073515,1.1161574678838586,3,1,1,0,1,0,0,0,2.530226373792851,0
573171,tt8101238,Little Eggs: A Frozen Rescue,Huevitos congelados,"In the final Huevos adventure, Toto and his family will have to travel to the South Pole to fulfill their promise to return a polar bear and some Spanish penguins to their home. In order to do so, they will have to overcome some obstacles that will teach them how important teamwork is.",2022-12-14,Released,"Adventure, Animation, Comedy, Family",,"Rodolfo Riva Palacio Alatriste, Gabriel Riva Palacio Alatriste","Bruno Bichir, Carlos Espejel, Angélica Vale, Maite Perroni, Gabriel Riva Palacio Alatriste",0,0,91,7.6,363,2.0348,es,MX,False,False,OMDb request failed: 401 Client Error: Unauthorized for url: https://www.omdbapi.com/?i=tt8101238&plot=short&apikey=f87d98bd,0.0,1,2022,12,4,1,0.0,0.0,0.0,5.8971538676367405,1.1101455244817828,4,1,1,1,0,0,1,0,2.9510949088177787,1
765172,tt9784708,Rise of the Teenage Mutant Ninja Turtles: The Movie,Rise of the Teenage Mutant Ninja Turtles: The Movie,"When a mysterious stranger arrives from the future with a dire warning, Leo is forced to rise and lead his brothers, Raph, Donnie, and Mikey in a fight to save the world from a terrifying alien species.",2022-11-19,Released,"Action, Animation, Comedy, Science Fiction","superhero, mutant, time travel, turtle, ninja, superhero team, teen superhero, based on tv series","Andy Suriano, Ant Ward","Ben Schwartz, Omar Benson Miller, Brandon Mychal Smith, Josh Brener, Haley Joel Osment",0,0,86,7.176,108,2.0347,en,US,False,False,OMDb request failed: 401 Client Error: Unauthorized for url: https://www.omdbapi.com/?i=tt9784708&plot=short&apikey=f87d98bd,0.0,1,2022,11,4,1,0.0,0.0,0.0,4.6913478822291435,1.1101125728383165,4,1,0,0,0,0,1,1,2.664219068260119,0
874745,tt15450826,"To Me, the One Who Loved You",君を愛したひとりの僕へ,"Koyomi Hidaka and Shiori Sato meet at his father’s research center and begin to fall in love, but so do their parents, who eventually marry. To avoid becoming stepsiblings, they decide to run away to a parallel universe. Traveling between dimensions is common in their world, but not without repercussions. Does a universe exist for the young couple, and what will it cost them to find it?",2022-10-07,Released,"Animation, Romance, Science Fiction","based on novel or book, time travel, coming of age, parallel world, anime, anxious",Kenichi Kasai,"Hio Miyazawa, Aju Makita, Ai Hashimoto, Kimiko Yo, Maki Mizuno",0,0,98,6.095,79,2.0245,ja,JP,False,False,OMDb request failed: 401 Client Error: Unauthorized for url: https://www.omdbapi.com/?i=tt15450826&plot=short&apikey=f87d98bd,0.0,1,2022,10,4,0,0.0,0.0,0.0,4.382026634673881,1.106745788564832,3,1,0,0,0,0,0,0,2.347065863485807,0
1027014,tt10687116,Entergalactic,Entergalactic,Ambitious artist Jabari attempts to balance success and love when he moves into his dream Manhattan apartment and falls for his next-door neighbor.,2022-09-28,Released,"Animation, Music, Romance","new york city, photographer, ex-girlfriend, artist, graffiti, romance, neighbor, bike, brooklyn, new york city, stoner",Fletcher Moules,"Kid Cudi, Jessica Williams, Laura Harrier, Ty Dolla Sign, Timothée Chalamet",0,0,93,7.694,488,1.9423,en,GB,False,False,OMDb request failed: 401 Client Error: Unauthorized for url: https://www.omdbapi.com/?i=tt10687116&plot=short&apikey=f87d98bd,0.0,1,2022,9,3,0,0.0,0.0,0.0,6.192362489474872,1.0791915884285057,3,1,0,0,0,0,0,0,3.0142331116855066,1
862491,tt15248702,Catwoman: Hunted,Catwoman: Hunted,"Catwoman's attempt to steal a priceless jewel puts her squarely in the crosshairs of both a powerful consortium of villains and the ever-resourceful Interpol, not to mention Batwoman.",2022-02-07,Released,"Action, Animation, Crime","superhero, adult animation",Shinsuke Terasawa,"Elizabeth Gillies, Stephanie Beatriz, Jonathan Banks, Steve Blum, Lauren Cohan",0,0,78,5.744,129,1.9321,en,US,False,False,OMDb request failed: 401 Client Error: Unauthorized for url: https://www.omdbapi.com/?i=tt15248702&plot=short&apikey=f87d98bd,0.0,1,2022,2,1,0,0.0,0.0,0.0,4.867534450455582,1.0757188898548,3,1,0,0,0,0,0,1,2.3274880010465573,0
678287,tt8746404,Marmaduke,Marmaduke,"Great Dane Marmaduke epitomizes the overgrown lapdog, with an irascible streak and a penchant for mischief that is tempered with a deep sense of love and responsibility for his human family, the Winslows. The new animation is set in the world of elite dog shows, rife divas, rivalries and slapstick comedy.",2022-04-28,Released,"Adventure, Animation, Comedy, Family","competition, pet, computer animation, dog, animals, great dane, dog show",Mark A.Z. Dippé,"Pete Davidson, J.K. Simmons, David Koechner, Mary Hart, Julie Nathanson",0,1379888,87,5.151,93,1.9232,en,HK,False,False,OMDb request failed: 401 Client Error: Unauthorized for url: https://www.omdbapi.com/?i=tt8746404&plot=short&apikey=f87d98bd,0.0,1,2022,4,2,0,0.0,1.379888,1.379888,4.543294782270004,1.0726789066416051,4,1,1,1,0,0,1,0,2.130146053336741,0
828947,tt14145426,Beavis and Butt-Head Do the Universe,Beavis and Butt-Head Do the Universe,"In 1998, Beavis and Butt-Head are sentenced to Space Camp by a “creative” judge. Their obsession with a docking simulator (huh huh) leads to a trip on the Space Shuttle, with predictably disastrous results. After going through a black hole, they re-emerge in our time, where they look for love, misuse iPhones, and are hunted by the Deep State. Spoiler: They don’t score.",2022-06-23,Released,"Animation, Comedy, Science Fiction, TV Movie","cartoon, time travel, space travel, sex talk, adult animation, male virgin, 1990s","John Rice, Albert Calleros","Mike Judge, Andrea Savage, Gary Cole, Nat Faxon, Chi McBride",0,0,86,6.936,259,1.8788,en,US,False,False,OMDb request failed: 401 Client Error: Unauthorized for url: https://www.omdbapi.com/?i=tt14145426&plot=short&apikey=f87d98bd,0.0,1,2022,6,2,1,0.0,0.0,0.0,5.560681631015528,1.0573735406515121,4,1,0,0,0,0,1,0,2.726708275750056,0
1037858,tt22774688,The Soccer Football Movie,The Soccer Football Movie,"When mysterious green slime monsters start popping out of soccer balls, all-star athletes Zlatan Ibrahimović and Megan Rapinoe must team up with their four biggest fans to stop evil scientist ""Weird Al"" Yankovic from stealing their talent.",2022-11-09,Released,"Animation, Comedy, Family","monster, sports, mutant, football (soccer), evil scientist, idol",Mitch Schauer,"Zlatan Ibrahimović, Megan Rapinoe, 'Weird Al' Yankovic, Rob Stone, Kieran Walton",0,0,70,5.657,124,1.8408,en,US,False,False,OMDb request failed: 401 Client Error: Unauthorized for url: https://www.omdbapi.com/?i=tt22774688&plot=short&apikey=f87d98bd,0.0,1,2022,11,4,1,0.0,0.0,0.0,4.8283137373023015,1.0440857026467412,3,1,0,1,0,0,1,0,2.2951099159923563,0
980804,tt20784210,LEGO Star Wars Summer Vacation,LEGO Star Wars Summer Vacation,"Looking for a much-needed break, Finn arranges a surprise vacation for his friends Rey, Poe, Rose, Chewie, BB-8, R2-D2, and C-3PO, aboard the luxurious Halcyon. However, Finn's plan to have one last hurrah together quickly goes awry.",2022-08-05,Released,"Animation, Comedy, Family, Science Fiction","space battle, summer vacation",Ken Cunningham,"Kelly Marie Tran, Shelby Young, Matt Lanter, Anthony Daniels, Omar Benson Miller",0,0,49,6.312,101,1.7936,en,CA,False,False,OMDb request failed: 401 Client Error: Unauthorized for url: https://www.omdbapi.com/?i=tt20784210&plot=short&apikey=f87d98bd,0.0,1,2022,8,3,0,0.0,0.0,0.0,4.624972813284271,1.027331086663146,4,1,0,1,0,0,1,0,2.425845584992113,0
511817,tt5181830,Wendell & Wild,Wendell & Wild,Two scheming demons strike a deal with a punk rock-loving teen so they can leave the Underworld and live out their dreams in the Land of the Living.,2022-10-21,Released,"Adventure, Animation, Comedy, Fantasy, Horror","based on novel or book, stop motion, demon, underworld",Henry Selick,"Lyric Ross, Keegan-Michael Key, Jordan Peele, Sam Zelaya, James Hong",0,0,105,6.618,382,1.7651,en,US,False,False,OMDb request failed: 401 Client Error: Unauthorized for url: https://www.omdbapi.com/?i=tt5181830&plot=short&apikey=f87d98bd,0.0,1,2022,10,4,0,0.0,0.0,0.0,5.948034989180646,1.0170768006855913,5,1,1,0,0,1,1,0,2.6992667684799354,0
892153,tt15831226,Tom and Jerry Cowboy Up!,Tom and Jerry Cowboy Up!,"This time, the rivals team up to help a cowgirl and her brother save their homestead from a greedy land-grabber, and they’re going to need some help! Jerry’s three precocious nephews are all ready for action, and Tom is rounding up a posse of prairie dogs. But can a ragtag band of varmints defeat a deceitful desperado determined to deceive a damsel in distress? No matter what happens with Tom and Jerry in the saddle, it’ll be a rootin’ tootin’ good time!",2022-01-24,Released,"Animation, Comedy, Family, Western",,Darrell Van Citters,"George Ackles, Sean Burgos, Trevor Devall, Chris Edgerly, Georgie Kidder",0,0,75,6.908,447,1.758,en,US,False,False,OMDb request failed: 401 Client Error: Unauthorized for url: https://www.omdbapi.com/?i=tt15831226&plot=short&apikey=f87d98bd,0.0,1,2022,1,1,0,0.0,0.0,0.0,6.104793232414985,1.01450577937111,4,1,0,1,0,0,1,0,2.794894851767914,1
913205,tt18250460,Teen Titans Go! & DC Super Hero Girls: Mayhem in the Multiverse,Teen Titans Go! & DC Super Hero Girls: Mayhem in the Multiverse,"With the help of an ancient Kryptonian power, Lex Luthor unites the world’s Super-Villains to capture all of Earth's Super Heroes, until…only the DC Super Hero Girls are left to stop the Legion of Doom. Our heroes must cross dimensions to rescue their fellow Super Heroes from the Phantom Zone, but a fortuitous wrong turn leads them to Titans Tower – where they find much-needed allies in the Teen Titans!",2022-05-24,Released,"Action, Animation, Comedy",,"Matt Peters, Katie Rice","Tara Strong, Greg Cipes, Scott Menville, Khary Payton, Hynden Walch",0,0,79,5.92,137,1.7391,en,US,False,False,OMDb request failed: 401 Client Error: Unauthorized for url: https://www.omdbapi.com/?i=tt18250460&plot=short&apikey=f87d98bd,0.0,1,2022,5,2,0,0.0,0.0,0.0,4.927253685157205,1.007629399289543,3,1,0,0,0,0,1,1,2.370232462667012,0
664996,tt7978758,Apollo 10½: A Space Age Childhood,Apollo 10½: A Space Age Childhood,"A man narrates stories of his life as a 10-year-old boy in 1969 Houston, weaving tales of nostalgia with a fantastical account of a journey to the moon.",2022-03-24,Released,"Animation, Comedy, Drama","galaxy, nasa, secret mission, texas, moon landing, houston, texas, coming of age, childhood, adult animation, semi autobiographical",Richard Linklater,"Milo Coy, Jack Black, Lee Eddy, Bill Wise, Natalie L'Amoreaux",0,0,99,7.03,319,1.6344,en,US,False,False,OMDb request failed: 401 Client Error: Unauthorized for url: https://www.omdbapi.com/?i=tt7978758&plot=short&apikey=f87d98bd,0.0,1,2022,3,1,0,0.0,0.0,0.0,5.768320995793772,0.9686554520800175,3,1,0,0,1,0,1,0,2.7680464671810685,0
791348,tt18305072,DC Showcase - Constantine: The House of Mystery,DC Showcase - Constantine: The House of Mystery,"John Constantine wakes up in the eerie House of Mystery with no recollection of how he got there. Fortunately, Zatanna and his friends are all there. Unfortunately, they have a bad habit of turning into demons and ripping him to shreds, over and over again!",2022-05-02,Released,"Action, Adventure, Animation, Horror","magic, superhero, vertigo, supernatural, haunted house, dark fantasy, demon hunter, interactive, short film, dc animated movie universe (dcamu)",Matt Peters,"Matt Ryan, Ray Chase, Robin Atkin Downes, Grey DeLisle, Camilla Luddington",0,0,27,6.847,183,1.6024,en,US,False,False,OMDb request failed: 401 Client Error: Unauthorized for url: https://www.omdbapi.com/?i=tt18305072&plot=short&apikey=f87d98bd,0.0,1,2022,5,2,0,0.0,0.0,0.0,5.214935757608986,0.9564340961770047,4,1,1,0,0,0,0,1,2.6374554780678987,0
887357,tt20192230,Green Lantern: Beware My Power,Green Lantern: Beware My Power,"Recently discharged Marine sniper John Stewart is at a crossroads in his life, one which is only complicated by receiving an extraterrestrial ring which grants him the powers of the Green Lantern of Earth. Unfortunately, the ring doesn't come with instructions - but it does come with baggage, like a horde of interplanetary killers bent on eliminating every Green Lantern in the universe. Now, with the aid of the light-hearted Green Arrow, Adam Strange and Hawkgirl, this reluctant soldier must journey into the heart of a galactic Rann/Thanagar war and somehow succeed where all other Green Lanterns have failed.",2022-07-26,Released,"Action, Animation, Science Fiction","superhero, alien, alien planet, super power, ex-marine, superhero team, war, tomorrowverse (dc)",Jeff Wamester,"Aldis Hodge, Jimmi Simpson, Ike Amadi, Brian Bloom, Jamie Gray Hyder",0,0,88,6.7,249,1.5714,en,US,False,False,OMDb request failed: 401 Client Error: Unauthorized for url: https://www.omdbapi.com/?i=tt20192230&plot=short&apikey=f87d98bd,0.0,1,2022,7,3,1,0.0,0.0,0.0,5.521460917862246,0.9444504976680114,3,1,0,0,0,0,0,1,2.6448867123295385,0
1001865,tt20917338,Scrooge: A Christmas Carol,Scrooge: A Christmas Carol,"On a cold Christmas Eve, selfish miser Ebenezer Scrooge has one night left to face his past — and change the future — before time runs out.",2022-11-18,Released,"Animation, Family, Fantasy","london, england, based on novel or book, holiday, musical, based on play or musical, victorian england, ghost, based on movie, christmas, 19th century",Stephen Donnelly,"Luke Evans, Olivia Colman, Jessie Buckley, Johnny Flynn, Fra Fee",0,0,97,6.786,477,1.5492,en,GB,False,False,OMDb request failed: 401 Client Error: Unauthorized for url: https://www.omdbapi.com/?i=tt20917338&plot=short&apikey=f87d98bd,0.0,1,2022,11,4,1,0.0,0.0,0.0,6.169610732491456,0.935779584458002,3,1,0,1,0,1,0,0,2.7623085475424185,0
560052,tt9288748,My Father's Dragon,My Father's Dragon,"Struggling to cope after a move to the city with his mother, Elmer runs away in search of Wild Island and a young dragon who waits to be rescued. Elmer’s adventures introduce him to ferocious beasts, a mysterious island and the friendship of a lifetime.",2022-11-04,Released,"Adventure, Animation, Comedy, Family, Fantasy","island, young boy, dragon, based on children's book, hand drawn animation",Nora Twomey,"Jacob Tremblay, Golshifteh Farahani, Gaten Matarazzo, Dianne Wiest, Rita Moreno",0,0,99,7.061,115,1.5293,en,IE,False,False,OMDb request failed: 401 Client Error: Unauthorized for url: https://www.omdbapi.com/?i=tt9288748&plot=short&apikey=f87d98bd,0.0,1,2022,11,4,1,0.0,0.0,0.0,4.7535901911063645,0.9279425846146027,5,1,1,1,0,1,1,0,2.6174799163581453,0
987750,tt6661616,Inspector Sun and the Curse of the Black Widow,Inspector Sun y la maldición de la viuda negra,"After being put on indefinite leave by his chief of police uncle, the highly intelligent and arrogant huntsman spider Inspector Sun boards a San Francisco bound seaplane. Joined by an intrepid young fan, Sun is pulled into a murder case where the turnout could affect both the insect and human worlds.",2022-12-28,Released,"Animation, Comedy, Family, Mystery","kung fu, san francisco, california, spider, cartoon, ant, child hero, seagull, golden gate bridge, locust, disturbed",Julio Soto Gurpide,"Fernando Cabrera, Andrea Villaverde, Catherina Martínez, Ana Jiménez, Txema Moscoso",0,3644575,88,6.7,152,1.466,es,ES,False,False,OMDb request failed: 401 Client Error: Unauthorized for url: https://www.omdbapi.com/?i=tt6661616&plot=short&apikey=f87d98bd,0.0,1,2022,12,4,1,0.0,3.644575,3.644575,5.030437921392435,0.9025974047421526,4,1,0,1,0,0,1,0,2.564955298920188,0
1018403,tt21958986,Tom and Jerry: Snowman's Land,Tom and Jerry: Snowman's Land,"It’s time to chase that holiday spirit with Tom and Jerry! With magic in the air, Jerry and his nephew, Tuffy, make a snow mouse that miraculously comes to life! To keep their new friend, Larry the snow mouse from melting, Tuffy and Jerry must race him to the fabled Snowman’s Village. In hot pursuit, Tom and devious Dr. Doublevay have their own plans for Larry’s magic.",2022-09-06,Released,"Adventure, Animation, Comedy, Family","magic, holiday, snowman, cat and mouse",Darrell Van Citters,"Carlos Alazraqui, Kimberly Brooks, Joey D'Auria, Regi Davis, Laraine Newman",0,0,76,6.686,51,1.4427,en,US,False,False,OMDb request failed: 401 Client Error: Unauthorized for url: https://www.omdbapi.com/?i=tt21958986&plot=short&apikey=f87d98bd,0.0,1,2022,9,3,0,0.0,0.0,0.0,3.9512437185814275,0.8931039848988194,4,1,1,1,0,0,1,0,2.398152155522037,0
1010818,tt13820496,Groot's First Steps,Groot's First Steps,"Following the events of “Guardians of the Galaxy Vol. 1,” Baby Groot is finally ready to try taking his first steps out of his pot—only to learn you have to walk before you can run.",2022-08-10,Released,"Animation, Comedy, Family, Science Fiction","marvel cinematic universe (mcu), short film",Kirsten Lepore,"Vin Diesel, Fred Tatasciore",0,0,6,7.001,371,1.4123,en,US,False,False,OMDb request failed: 401 Client Error: Unauthorized for url: https://www.omdbapi.com/?i=tt13820496&plot=short&apikey=f87d98bd,0.0,1,2022,8,3,0,0.0,0.0,0.0,5.918893854273146,0.8805806492400761,4,1,0,1,0,0,1,0,2.7701711755269836,0
1010821,tt21316848,Groot Takes a Bath,Groot Takes a Bath,"Everybody needs some alone time to relax and wash up, but things go quite differently when you’re a Flora Colossi toddler.",2022-08-10,Released,"Animation, Comedy, Family, Science Fiction","marvel cinematic universe (mcu), short film",Kirsten Lepore,"Vin Diesel, Fred Tatasciore, Kaitlyn Robrock",0,0,6,7.139,359,1.4028,en,US,False,False,OMDb request failed: 401 Client Error: Unauthorized for url: https://www.omdbapi.com/?i=tt21316848&plot=short&apikey=f87d98bd,0.0,1,2022,8,3,0,0.0,0.0,0.0,5.886104031450156,0.8766347239938693,4,1,0,1,0,0,1,0,2.799160813316604,1
939210,tt15038118,Blue's Big City Adventure,Blue's Big City Adventure,"When Josh gets the opportunity of a lifetime to audition for Rainbow Puppy’s Broadway musical, Josh and Blue skidoo to NYC for the very first time where they meet new friends and discover the magic of music, dance, and following one’s dreams.",2022-11-18,Released,"Adventure, Animation, Comedy, Family, Music","musical, dog",Matt Stawski,"Joshua Dela Cruz, Steve Burns, Donovan Patton, Traci Paige Johnson, Nick Balaban",0,0,74,7.159,113,1.3937,en,CA,False,False,OMDb request failed: 401 Client Error: Unauthorized for url: https://www.omdbapi.com/?i=tt15038118&plot=short&apikey=f87d98bd,0.0,1,2022,11,4,1,0.0,0.0,0.0,4.736198448394496,0.8728402860002079,5,1,1,1,0,0,1,0,2.6311058101592053,0
1030419,tt32909363,Legend of the Galactic Heroes: Die Neue These - Intrigue 1,銀河英雄伝説 Die Neue These 策謀 1,"The story focuses on the exploits of rivals Reinhard von Lohengramm and Yang Wen-li, as they rise to power and fame in the Galactic Empire and the Free Planets Alliance, respectively.",2022-09-30,Released,"Animation, Drama, Science Fiction, War","space war, space opera, military, anime",Shunsuke Tada,"Kenichi Suzumura, Mamoru Miyano, Teruyuki Tanzawa, Kaito Ishikawa, Shinnosuke Ogami",0,0,90,6.073,55,1.3598,ja,UN,False,False,OMDb request failed: 401 Client Error: Unauthorized for url: https://www.omdbapi.com/?i=tt32909363&plot=short&apikey=f87d98bd,0.0,1,2022,9,3,0,0.0,0.0,0.0,4.02535169073515,0.8585768696836817,4,1,0,0,1,0,0,0,2.250839284062825,0
955644,tt5790684,Mia and Me: The Hero of Centopia,Mia and Me: The Hero of Centopia,"Mia discovers her magic stone is part of an ancient prophecy and embarks on a thrilling journey to the farthest islands of Centopia to face a great evil, and shape her own destiny.",2022-05-26,Released,"Adventure, Animation, Family, Fantasy","unicorn, live action and animation, magic stone, based on tv series, good vs evil","Matthias Temmermans, Adam Gunn","Julian Maroun, Bettina Kenney, Margot Nuccetelli, Elisa Boyd, James Dyke",0,4249286,82,6.746,67,1.3134,en,AU,False,False,OMDb request failed: 401 Client Error: Unauthorized for url: https://www.omdbapi.com/?i=tt5790684&plot=short&apikey=f87d98bd,0.0,1,2022,5,2,0,0.0,4.249286,4.249286,4.219507705176107,0.838718303879164,4,1,1,1,0,1,0,0,2.4452339013582907,0
1010819,tt14513152,The Little Guy,The Little Guy,Groot discovers a miniature civilization that believes the seemingly enormous tree toddler is the hero they’ve been waiting for.,2022-08-10,Released,"Animation, Comedy, Family, Science Fiction","marvel cinematic universe (mcu), short film",Kirsten Lepore,"Vin Diesel, Bob Bergen, Terri Douglas, Scott Menville, Kaitlyn Robrock",0,0,6,7.3,286,1.2673,en,US,False,False,OMDb request failed: 401 Client Error: Unauthorized for url: https://www.omdbapi.com/?i=tt14513152&plot=short&apikey=f87d98bd,0.0,1,2022,8,3,0,0.0,0.0,0.0,5.659482215759621,0.8185896962504599,4,1,0,1,0,0,1,0,2.796710786801512,1
597845,tt15547806,Finnick,Финник,"Not many people know that every house is secretly inhabited by little monsters! These furry creatures take care of a family’s house but cannot be seen. Finnick is a little monster, who doesn’t seem to care about his responsibility of making a home out of the house. But everything changes after a new family comes to his house. When Finn meets 13-year-old Christine, inexplicable events begin to happen in the city and life will never be the same again!",2022-03-24,Released,"Adventure, Animation, Comedy, Family, Fantasy","invisible monster, bizarre creatures, talking creatures",Denis Chernov,"Mikhail Khrustalev, Veronika Makeeva, Ida Galich, Boris Dergachev, Danila Milokhin",0,7523353,85,7.376,121,1.2644,ru,RU,False,False,OMDb request failed: 401 Client Error: Unauthorized for url: https://www.omdbapi.com/?i=tt15547806&plot=short&apikey=f87d98bd,0.0,1,2022,3,1,0,0.0,7.523353,7.523353,4.804021044733257,0.8173098231803678,5,1,1,1,0,1,1,0,2.687199630187044,0
587092,tt10483152,Unicorn Wars,Unicorn Wars,"An army of bear cubs train and indoctrinate young recruits for the war against the unicorns, which threatens the safety of the cubs. Brothers Bluey and Tubby, along with a group of inexperienced cadets, are sent on a dangerous mission to save the Magic Forest, where the unicorns live, and start a terrible battle.",2022-10-21,Released,"Action, Animation, Fantasy, Horror, War","gore, bear, psychological thriller, adult animation, unicorn, horrors of war, poisoning, mother son relationship, brother brother relationship, acid trip",Alberto Vázquez,"Jon Goiri, Jaione Insausti, Ramón Barea, Txema Regalado, Manu Heras",0,28809,93,7.624,213,1.2287,es,BE,False,False,OMDb request failed: 401 Client Error: Unauthorized for url: https://www.omdbapi.com/?i=tt10483152&plot=short&apikey=f87d98bd,0.0,1,2022,10,4,0,0.0,0.028809,0.028809,5.365976015021851,0.8014184558437332,5,1,0,0,0,1,0,1,2.8311091706298375,1
947938,tt18526902,Dolphin Boy,Мальчик-дельфин,"When a plane crashes at sea, dolphins rescue a little boy and raise him as family. He lives a carefree life beneath the waves until an evil monster seizes power over the underwater world. Banished to dry land, the boy is taken in by a kind-hearted captain. With his new companion's help, the boy embarks on a journey to solve the mystery of his true identity.",2022-04-07,Released,"Adventure, Animation, Comedy, Fantasy",,Mohammad Kheirandish,"Polina Avdeenko, Yuliya Rudina, Alexander Fenin, Boris Khasanov, Alexander Vasilyev",4000000,2613252,90,6.301,83,1.1731,ru,DE,False,False,OMDb request failed: 401 Client Error: Unauthorized for url: https://www.omdbapi.com/?i=tt18526902&plot=short&apikey=f87d98bd,0.653313,1,2022,4,2,0,4.0,2.613252,-1.386748,4.430816798843313,0.7761547195435536,4,1,1,0,0,1,1,0,2.6502865777580302,0
952217,tt18951472,King Tweety,King Tweety,"Everyone's favorite yellow canary unexpectedly becomes next in line for the crown when the queen of an island paradise disappears. His Little Highness’ entourage includes motorbike daredevil Granny and sly Sylvester, whose allegiance is tested when he uncovers a sinister plot to eliminate Tweety for good.",2022-06-13,Released,"Adventure, Animation, Comedy, Family, Fantasy, Mystery","royal family, canary, royalty, talking cat, canary islands",Careen Ingle,"Eric Bauza, Candi Milo, Jon Daly, Niccole Thurman, Flula Borg",0,0,81,6.707,92,1.1638,en,US,False,False,OMDb request failed: 401 Client Error: Unauthorized for url: https://www.omdbapi.com/?i=tt18951472&plot=short&apikey=f87d98bd,0.0,1,2022,6,2,1,0.0,0.0,0.0,4.532599493153256,0.771865935271336,6,1,1,1,0,1,1,0,2.472419814263689,0
1044343,tt23626160,Zen - Grogu and Dust Bunnies,禅 グローグーとマックロクロスケ,A hand drawn animated short by Studio Ghibli.,2022-11-11,Released,"Animation, Fantasy","anime, short film",Katsuya Kondo,,0,0,3,6.093,102,1.1428,ja,JP,False,False,OMDb request failed: 401 Client Error: Unauthorized for url: https://www.omdbapi.com/?i=tt23626160&plot=short&apikey=f87d98bd,0.0,1,2022,11,4,1,0.0,0.0,0.0,4.634728988229636,0.7621133850246682,2,1,0,0,0,1,0,0,2.3327763559881456,0
1031396,,Naruto 20th Anniversary - Road of Naruto,アニメ『NARUTO -ナルト-』20周年記念・完全新作 PV “ROAD OF NARUTO”,Promotional video celebrating 20 years of the Naruto animation project.,2022-10-02,Released,"Action, Adventure, Animation","ninja, based on manga, anime, promotional film",Yoshifumi Sasahara,"Junko Takeuchi, Noriaki Sugiyama",0,0,10,7.6,69,1.1388,ja,JP,False,False,,0.0,1,2022,10,4,0,0.0,0.0,0.0,4.248495242049359,0.7602449240924395,3,1,1,0,0,0,0,1,2.65131102492127,0
1015602,tt21983602,Welcome to the Club,Welcome to the Club,"Heart set on becoming a princess, Lisa Simpson is surprised to learn being bad might be more fun.",2022-09-08,Released,"Animation, Comedy","adult animation, short film",David Silverman,"Nancy Cartwright, Yeardley Smith, Chris Edgerly, Dawnn Lewis, Tress MacNeille",0,0,4,6.307,199,1.1163,en,US,False,False,OMDb request failed: 401 Client Error: Unauthorized for url: https://www.omdbapi.com/?i=tt21983602&plot=short&apikey=f87d98bd,0.0,1,2022,9,3,0,0.0,0.0,0.0,5.298317366548036,0.749669280884271,2,1,0,0,0,0,1,0,2.4839479971148464,0
931405,tt17639060,"Run, Tiger Run!",小虎墩大英雄,The film follows a young boy who sets out on a mission to try and track down his long lost parents.,2022-02-01,Released,"Action, Adventure, Animation, Comedy, Family","journey, child protagonist, 3d animation, donghua","Stanley Tsang, Joey Zou","Nianci Shen, Liang Dawei, Liang Zou, Jianru Zhang, Lu Qi",0,0,90,5.9,61,1.0656,zh,CN,False,False,OMDb request failed: 401 Client Error: Unauthorized for url: https://www.omdbapi.com/?i=tt17639060&plot=short&apikey=f87d98bd,0.0,1,2022,2,1,0,0.0,0.0,0.0,4.127134385045092,0.725420741110241,5,1,1,1,0,0,1,1,2.2028832689233,0
1037929,tt22899102,Mickey Saves Christmas,Mickey Saves Christmas,"Mickey, Minnie and their pals attempt to celebrate the perfect Christmas at their snowy cabin. However, when Pluto causes Santa to lose all the presents on his sleigh, the friends travel to the North Pole on a quest to save Christmas.",2022-11-27,Released,"Animation, Comedy, Family, TV Movie","computer animation, christmas spirit, christmas, christmas special, christian tradition",David H. Brooks,"Bret Iwan, Kaitlyn Robrock, Bill Farmer, Tony Anselmo, Debra Wilson",0,0,23,7.353,51,1.0483,en,US,False,False,OMDb request failed: 401 Client Error: Unauthorized for url: https://www.omdbapi.com/?i=tt22899102&plot=short&apikey=f87d98bd,0.0,1,2022,11,4,1,0.0,0.0,0.0,3.9512437185814275,0.7170101808244729,4,1,0,1,0,0,1,0,2.538488084910885,0
1012801,tt21933210,Barbie: Mermaid Power,Barbie: Mermaid Power,"Barbie 'Brooklyn' Roberts, Barbie 'Malibu' Roberts, and sisters Skipper, Stacie, and Chelsea go on an underwater adventure as they transform into mermaids to help save the world of Pacifica.",2022-10-14,Released,"Animation, Family","magic, mermaid, based on toy, female protagonist, 3d animation",Ron Myrick,"America Young, Tatiana Varria, Kirsten Day, Cassandra Lee Morris, Natalie Lashkari",0,0,64,6.584,77,1.0402,en,US,False,False,OMDb request failed: 401 Client Error: Unauthorized for url: https://www.omdbapi.com/?i=tt21933210&plot=short&apikey=f87d98bd,0.0,1,2022,10,4,0,0.0,0.0,0.0,4.356708826689592,0.7130478422662815,2,1,0,1,0,0,0,0,2.406463500343381,0
949580,tt19316654,"Snoopy Presents: It's the Small Things, Charlie Brown","Snoopy Presents: It's the Small Things, Charlie Brown","Charlie Brown is determined to win the big baseball game. But things turn into a fiasco right before the matchup, when Sally bonds with a little flower on the pitcher's mound and vows to protect it at all costs.",2022-04-14,Released,"Animation, Family","musical, dog",Raymond S. Persi,"Tyler James Nathan, Terry McGurrin, Hattie Kragten, Rob Tinkler, Lexi Perri",0,0,38,7.32,50,1.0317,en,CA,False,False,OMDb request failed: 401 Client Error: Unauthorized for url: https://www.omdbapi.com/?i=tt19316654&plot=short&apikey=f87d98bd,0.0,1,2022,4,2,0,0.0,0.0,0.0,3.9318256327243257,0.7088728810214278,2,1,0,1,0,0,0,0,2.526104777061863,0
599019,tt9719256,Big Trip 2: Special Delivery,Большое путешествие. Специальная доставка,"It has been a year since Mic Mic and Oscar returned from their incredible adventure. And now, after a diabolical plan by Vulture to sabotage the delivery of the Grizzly cub to his opponent in the American presidential elections, Mic Mic, Oscar, Panda teenager and Stork set off on another great adventure as they ride a zeppelin to return little Grizzly to its rightful parents and save the American elections and the whole continent from an erupting volcano.",2022-10-07,Released,"Adventure, Animation, Comedy, Family","panda, bear, rabbit",Vasily Rovensky,"Daniil Medvedev, Bernard Jacobsen, Stephen Thomas Ochsner, Liza Klimova, Kate Lann",0,5534875,90,6.4,96,1.0305,ru,RU,False,False,OMDb request failed: 401 Client Error: Unauthorized for url: https://www.omdbapi.com/?i=tt9719256&plot=short&apikey=f87d98bd,0.0,1,2022,10,4,0,0.0,5.534875,5.534875,4.574710978503383,0.7082820681442155,4,1,1,1,0,0,1,0,2.3924489569971397,0
974691,tt15783698,South Park the Streaming Wars,South Park the Streaming Wars,Cartman locks horns with his mom in a battle of wills while an epic conflict unfolds that threatens South Park’s very existence.,2022-06-01,Released,"Animation, Comedy, TV Movie","adult animation, drought, water",Trey Parker,"Trey Parker, Matt Stone, April Stewart, Kimberly Brooks, Adrien Beard",0,0,49,7.174,282,1.0134,en,US,False,False,OMDb request failed: 401 Client Error: Unauthorized for url: https://www.omdbapi.com/?i=tt15783698&plot=short&apikey=f87d98bd,0.0,1,2022,6,2,1,0.0,0.0,0.0,5.645446897643238,0.699824835313186,3,1,0,0,0,0,1,0,2.7452907599434635,0
1010820,tt21316834,Groot's Pursuit,Groot's Pursuit,"Groot investigates a spooky noise that’s been haunting the Quadrant, which leads to an intense dance off.",2022-08-10,Released,"Animation, Comedy, Family, Science Fiction","marvel cinematic universe (mcu), short film",Kirsten Lepore,"Vin Diesel, James Gunn, Trevor Devall, Terri Douglas",0,0,6,7.106,282,1.0114,en,US,False,False,OMDb request failed: 401 Client Error: Unauthorized for url: https://www.omdbapi.com/?i=tt21316834&plot=short&apikey=f87d98bd,0.0,1,2022,8,3,0,0.0,0.0,0.0,5.645446897643238,0.698830997028243,4,1,0,1,0,0,1,0,2.728141684200722,0
1058732,tt24082346,"The Simpsons Meet the Bocellis in ""Feliz Navidad""","The Simpsons Meet the Bocellis in ""Feliz Navidad""","This Christmas, Homer surprises Marge with the ultimate gift: an unforgettable performance from Italian opera superstar Andrea Bocelli and his children Matteo and Virginia.",2022-12-15,Released,"Animation, Comedy, Family","holiday, opera singer, christmas, gift, short film",David Silverman,"Nancy Cartwright, Yeardley Smith, Dan Castellaneta, Julie Kavner, Andrea Bocelli",0,0,4,5.759,83,1.0102,en,US,False,False,OMDb request failed: 401 Client Error: Unauthorized for url: https://www.omdbapi.com/?i=tt24082346&plot=short&apikey=f87d98bd,0.0,1,2022,12,4,1,0.0,0.0,0.0,4.430816798843313,0.6982342196085024,3,1,0,1,0,0,1,0,2.2091076527677727,0
991833,tt27049583,Cat Pack: A PAW Patrol Exclusive Event,Cat Pack: A PAW Patrol Exclusive Event,"When Mayor Humdinger transforms his robot cat Meow-Meow into a tiger-sized metal-eating menace, the PAW Patrol calls in the Cat Pack for help in the stopping the creature.",2022-06-24,Released,"Animation, Family",,Charles E. Bastien,"Kyle Hodgson, Wyatt White, Tianna SwamiNathan, Justin Paul Kelly, Lucien Duncan-Reid",0,0,68,7.5,83,0.9328,en,CA,False,False,OMDb request failed: 401 Client Error: Unauthorized for url: https://www.omdbapi.com/?i=tt27049583&plot=short&apikey=f87d98bd,0.0,1,2022,6,2,1,0.0,0.0,0.0,4.430816798843313,0.6589697287583587,2,1,0,1,0,0,0,0,2.638467979140251,0
1010823,tt21316870,Magnum Opus,Magnum Opus,"Groot sets out to paint a family portrait of himself and the Guardians, only to discover just how messy the artistic process can be.",2022-07-18,Released,"Animation, Comedy, Family, Science Fiction","marvel cinematic universe (mcu), short film",Kirsten Lepore,"Vin Diesel, Bradley Cooper, Fred Tatasciore",0,0,5,7.2,279,0.9325,en,US,False,False,OMDb request failed: 401 Client Error: Unauthorized for url: https://www.omdbapi.com/?i=tt21316870&plot=short&apikey=f87d98bd,0.0,1,2022,7,3,1,0.0,0.0,0.0,5.634789603169249,0.65881450147944,4,1,0,1,0,0,1,0,2.7440406156973034,0
464768,tt6848928,Junk Head,JUNK HEAD,Mankind can no longer reproduce because of gene manipulation aimed at making life longer. The clones ruling the bottomless underworld may have become fertile. Parton is selected to go on a mission through a subterranean labyrinth crawling with monsters to secure humanity's future.,2022-02-18,Released,"Action, Adventure, Animation, Science Fiction","monster, virtual reality, post-apocalyptic future, dark comedy, mad scientist, distant future, stop motion, cloning, drone, robot",Takahide Hori,"Takahide Hori, Atsuko Miyake, Yuji Sugiyama",0,81755,100,6.6,59,0.9238,ja,JP,False,False,OMDb request failed: 401 Client Error: Unauthorized for url: https://www.omdbapi.com/?i=tt6848928&plot=short&apikey=f87d98bd,0.0,1,2022,2,1,0,0.0,0.081755,0.081755,4.0943445622221,0.6543023967363781,4,1,1,0,0,0,0,1,2.3622970438437716,0
993729,tt21198156,South Park the Streaming Wars Part 2,South Park the Streaming Wars Part 2,A drought has brought the town of South Park to the brink of disaster.,2022-07-13,Released,"Animation, Comedy, TV Movie","conspiracy, urine, water park, adult animation, drought, mother son relationship, water",Trey Parker,"Trey Parker, Matt Stone, April Stewart, Kimberly Brooks, Adrien Beard",0,0,52,7.054,194,0.9223,en,US,False,False,OMDb request failed: 401 Client Error: Unauthorized for url: https://www.omdbapi.com/?i=tt21198156&plot=short&apikey=f87d98bd,0.0,1,2022,7,3,1,0.0,0.0,0.0,5.272999558563747,0.6535223857766777,3,1,0,0,0,0,1,0,2.6524782916510636,0
893366,tt10290244,Little Nicholas: Happy as Can Be,Le Petit Nicolas - Qu'est-ce qu'on attend pour être heureux ?,"Somewhere between Montmartre and Saint-Germain-des-Prés, Jean-Jacques Sempé and René Goscinny lean over a large white sheet of paper and bring to life a mischievous and endearing boy, Little Nicolas. From schoolyard games and fights to summer camp pranks and camaraderie, Nicolas lives a merry and enriching childhood – and brings friendship and newfound life to his creators, too.",2022-02-15,Released,"Animation, Family",,"Amandine Fredon, Benjamin Massoubre","Alain Chabat, Laurent Lafitte, Simon Faliu, Alban Aumard, Alicia Hava",0,3813788,86,6.8,107,0.726,fr,FR,False,False,OMDb request failed: 401 Client Error: Unauthorized for url: https://www.omdbapi.com/?i=tt10290244&plot=short&apikey=f87d98bd,0.0,1,2022,2,1,0,0.0,3.813788,3.813788,4.68213122712422,0.5458065926612362,2,1,0,1,0,0,0,0,2.4841906729678183,0
985103,tt21148942,King Shakir Recycle,Kral Şakir: Geri Dönüşüm,"Scientists trying to solve the environmental crisis of pollution devise a way to send the collected garbage into space via rocket ships. When this garbage starts to land on alien planets, the outraged aliens head to Earth for revenge. King Shakir and his family must do their best to protect the world from alien destruction.",2022-07-14,Released,"Action, Adventure, Animation, Comedy, Family, Science Fiction",,"Haluk Can Dizdaroglu, Berk Tokay","Mustafa Oral, Atilla Şendil, Levent Ünsal, Sema Kahriman, Didem Atlıhan",0,0,92,5.829,70,0.7149,tr,TR,False,False,OMDb request failed: 401 Client Error: Unauthorized for url: https://www.omdbapi.com/?i=tt21148942&plot=short&apikey=f87d98bd,0.0,1,2022,7,3,1,0.0,0.0,0.0,4.2626798770413155,0.5393547698799643,6,1,1,1,0,0,1,1,2.177555197038192,0
973608,tt19851736,Larva Pendant,라바 펜던트,"This silly short-film sequel to ""Larva Island"" and ""The Larva Island Movie"" follows farting friends Red and Yellow's bumbling misadventures in the city.",2022-05-25,Released,"Animation, Comedy, Family",,Young-cheol Joe,"Hong Bum-ki, Kang Shi-hyun",0,0,33,7.3,83,0.6989,ko,KR,False,False,OMDb request failed: 401 Client Error: Unauthorized for url: https://www.omdbapi.com/?i=tt19851736&plot=short&apikey=f87d98bd,0.0,1,2022,5,2,0,0.0,0.0,0.0,4.430816798843313,0.5299809828057319,3,1,0,1,0,0,1,0,2.5691196672473566,0
962659,tt19696852,When Billie Met Lisa,When Billie Met Lisa,Lisa Simpson is discovered by chart-topping artists Billie Eilish and FINNEAS while searching for a quiet place to practice her saxophone. Billie invites Lisa to her studio for a special jam session she’ll never forget.,2022-04-22,Released,"Animation, Comedy, Music",short film,David Silverman,"Billie Eilish, FINNEAS, Yeardley Smith, Nancy Cartwright, Chris Edgerly",0,0,4,5.292,65,0.6516,en,US,False,False,OMDb request failed: 401 Client Error: Unauthorized for url: https://www.omdbapi.com/?i=tt19696852&plot=short&apikey=f87d98bd,0.0,1,2022,4,2,0,0.0,0.0,0.0,4.189654742026425,0.5017445150297981,3,1,0,0,0,0,1,0,2.0267098885584334,0
588555,tt11488024,My Grandfather's Demons,Os Demónios do Meu Avô,"Rosa's life, a highly valued professional, is turned upside down when her grandfather Marcelino dies.",2022-09-21,Released,"Animation, Drama, Fantasy","workaholic, family secrets, stop motion, rural life, grandfather granddaughter relationship",Nuno Beato,"Victoria Guerra, António Durães, Ana Sofia Martins, Nuno Lopes, João Tempera",0,0,85,5.9,87,0.5411,pt,FR,False,False,OMDb request failed: 401 Client Error: Unauthorized for url: https://www.omdbapi.com/?i=tt11488024&plot=short&apikey=f87d98bd,0.0,1,2022,9,3,0,0.0,0.0,0.0,4.477336814478207,0.43249644715919483,3,1,0,0,1,1,0,0,2.2114749892456103,0
1029599,tt21230032,"Eagle and Jaguar, The Legendary Warriors",Águila y Jaguar: Los guerreros legendarios,"In a post-apocalyptic future in which water has almost disappeared, two young survivors travel back in time to find the mythical power of the prehispanic God of water, and so be able to create the vital resource. However, when they arrive at the present they discover that the power is in the hands of an unscrupulous businessman who had always wanted to monopolize water and who knows everything about prehispanic myths. The Aztaya brotherhood, a group of heroes, successors from the legendary Aztec and Mayan warriors, will begin the adventure to prevent the villain's plan and help the travelers to change their sad future, teaming up to fight the powerful enemy and his dark allies. To win, the heroes will have to awake the greatest warriors of Aztec and Mayan mythology: The Eagle and the Jaguar.",2022-09-29,Released,"Action, Adventure, Animation",,Mike R. Ortiz,"José Eduardo Derbez, Romina Marroquín, Franco Escamilla, Roberto Palazuelos, Eduardo España",0,0,106,6.902,51,0.3618,es,MX,False,False,OMDb request failed: 401 Client Error: Unauthorized for url: https://www.omdbapi.com/?i=tt21230032&plot=short&apikey=f87d98bd,0.0,1,2022,9,3,0,0.0,0.0,0.0,3.9512437185814275,0.3088073540667292,3,1,1,0,0,0,0,1,2.3645076608972238,0
742872,tt20240228,The Flying Sailor,The Flying Sailor,"The Flying Sailor is based on the Halifax Explosion of 1917 when two ships collided in the Halifax Harbour causing the largest accidental explosion in history. Among the tragic stories of the disaster is the remarkable account of a sailor who, blown skyward from the deck of a British cargo steamer, flew over 2 km before landing completely unharmed, but naked except for his boots.",2022-06-13,Released,"Animation, Comedy, Fantasy, History","based on true story, halifax explosion, hand drawn animation, short film","Amanda Forbis, Wendy Tilby",,0,0,8,5.936,54,0.2402,en,CA,False,False,OMDb request failed: 401 Client Error: Unauthorized for url: https://www.omdbapi.com/?i=tt20240228&plot=short&apikey=f87d98bd,0.0,1,2022,6,2,1,0.0,0.0,0.0,4.007333185232471,0.21527265693364053,4,1,0,0,0,1,1,0,2.117390876324917,0
502356,tt6718170,The Super Mario Bros. Movie,The Super Mario Bros. Movie,"While working underground to fix a water main, Brooklyn plumbers—and brothers—Mario and Luigi are transported down a mysterious pipe and wander into a magical new world. But when the brothers are separated, Mario embarks on an epic quest to find Luigi.",2023-04-05,Released,"Adventure, Animation, Comedy, Family, Fantasy","gorilla, plumber, villain, anthropomorphism, based on video game, nostalgic, toad, aftercreditsstinger, duringcreditsstinger, damsel in distress","Michael Jelenic, Aaron Horvath","Chris Pratt, Anya Taylor-Joy, Charlie Day, Jack Black, Keegan-Michael Key",100000000,1360879735,93,7.597,10679,42.4097,en,JP,False,False,OMDb request failed: 401 Client Error: Unauthorized for url: https://www.omdbapi.com/?i=tt6718170&plot=short&apikey=f87d98bd,13.60879735,1,2023,4,2,0,100.0,1360.879735,1260.879735,9.276128112514186,3.7706829184375876,5,1,1,1,0,1,1,0,9.980230462142767,1
569094,tt9362722,Spider-Man: Across the Spider-Verse,Spider-Man: Across the Spider-Verse,"After reuniting with Gwen Stacy, Brooklyn’s full-time, friendly neighborhood Spider-Man is catapulted across the Multiverse, where he encounters the Spider Society, a team of Spider-People charged with protecting the Multiverse's very existence. But when the heroes clash on how to handle a new threat, Miles finds himself pitted against the other Spiders and must set out on his own to save those he loves most.",2023-05-31,Released,"Action, Adventure, Animation, Science Fiction","new york city, hero, double life, sacrifice, secret identity, superhero, villain, portal, based on comic, sequel","Kemp Powers, Justin K. Thompson, Joaquim Dos Santos","Shameik Moore, Hailee Steinfeld, Brian Tyree Henry, Luna Lauren Vélez, Jake Johnson",100000000,690897910,140,8.335,8575,24.7553,en,US,False,False,OMDb request failed: 401 Client Error: Unauthorized for url: https://www.omdbapi.com/?i=tt9362722&plot=short&apikey=f87d98bd,6.9089791,1,2023,5,2,0,100.0,690.89791,590.89791,9.056722883310583,3.2486404311733543,4,1,1,0,0,0,0,1,7.03859509217259,1
976573,tt15789038,Elemental,Elemental,"In a city where fire, water, land and air residents live together, a fiery young woman and a go-with-the-flow guy will discover something elemental: how much they have in common.",2023-06-14,Released,"Animation, Comedy, Family, Fantasy, Romance","fire, earth, computer animation, duringcreditsstinger, elements, water, city, lighthearted, romantic, whimsical",Peter Sohn,"Leah Lewis, Mamoudou Athie, Ronnie del Carmen, Shila Ommi, Wendi McLendon-Covey",200000000,496444308,102,7.577,5277,14.1651,en,US,False,False,OMDb request failed: 401 Client Error: Unauthorized for url: https://www.omdbapi.com/?i=tt15789038&plot=short&apikey=f87d98bd,2.48222154,1,2023,6,2,1,200.0,496.444308,296.444308,8.57130251706327,2.7189967352500264,5,1,0,1,0,1,1,0,4.704794580846994,1
940551,tt6495056,Migration,Migration,"After a migrating duck family alights on their pond with thrilling tales of far-flung places, the Mallard family embarks on a family road trip, from New England, to New York City, to tropical Jamaica.",2023-12-06,Released,"Adventure, Animation, Comedy, Family","duck, villain, migration, flight, anthropomorphism, family, animals, chef, overprotective father, bird",Benjamin Renner,"Kumail Nanjiani, Elizabeth Banks, Caspar Jennings, Tresi Gazal, Awkwafina",72000000,298776052,83,7.351,2234,13.0195,en,US,False,False,OMDb request failed: 401 Client Error: Unauthorized for url: https://www.omdbapi.com/?i=tt6495056&plot=short&apikey=f87d98bd,4.149667388888889,1,2023,12,4,1,72.0,298.776052,226.776052,7.711996507047669,2.6404492176324035,4,1,1,1,0,0,1,0,5.257967183702011,1
508883,tt6587046,The Boy and the Heron,君たちはどう生きるか,"While the Second World War rages, the teenage Mahito, haunted by his mother's tragic death, is relocated from Tokyo to the serene rural home of his new stepmother Natsuko, a woman who bears a striking resemblance to the boy's mother.  As he tries to adjust, this strange new world grows even stranger following the appearance of a persistent gray heron, who perplexes and bedevils Mahito, dubbing him the ""long-awaited one.""",2023-07-14,Released,"Animation, Drama, Fantasy","loss of loved one, world war ii, supernatural, education, coming of age, spirituality, poverty, teenage boy, parallel world, troubled childhood",Hayao Miyazaki,"Soma Santoki, Masaki Suda, Ko Shibasaki, Aimyon, Yoshino Kimura",50000000,294200000,124,7.403,2625,11.6474,ja,JP,False,False,OMDb request failed: 401 Client Error: Unauthorized for url: https://www.omdbapi.com/?i=tt6587046&plot=short&apikey=f87d98bd,5.884,1,2023,7,3,1,50.0,294.2,244.2,7.873217054862741,2.537451660451767,3,1,0,0,1,1,0,0,6.060150307297176,1
1034062,tt22698070,Mortal Kombat Legends: Cage Match,Mortal Kombat Legends: Cage Match,"In 1980s Hollywood, action star Johnny Cage is looking to become an A-list actor. But when his costar, Jennifer, goes missing from set, Johnny finds himself thrust into a world filled with shadows, danger, and deceit. As he embarks on a bloody journey, Johnny quickly discovers the City of Angels has more than a few devils in its midst. He faces off against a sinister secret society plotting a nefarious scheme, but the brutal fight against the bloodthirsty warriors of the Netherrealm is just beginning.",2023-10-17,Released,"Action, Animation, Fantasy","martial arts, fighting, based on video game, adult animation, extreme blood",Ethan Spaulding,"Joel McHale, Jennifer Grey, Dusan Brown, Grey DeLisle, Robin Atkin Downes",0,0,80,6.768,149,10.8141,en,US,False,False,OMDb request failed: 401 Client Error: Unauthorized for url: https://www.omdbapi.com/?i=tt22698070&plot=short&apikey=f87d98bd,0.0,1,2023,10,4,0,0.0,0.0,0.0,5.0106352940962555,2.4692937333828238,3,1,0,0,0,1,0,1,2.8139893541218615,1
893723,tt15837338,PAW Patrol: The Mighty Movie,PAW Patrol: The Mighty Movie,"A magical meteor crash lands in Adventure City and gives the PAW Patrol pups superpowers, transforming them into The Mighty Pups.",2023-09-21,Released,"Adventure, Animation, Comedy, Family, Science Fiction","superhero, cartoon, mad scientist, sequel, dog, animals, kids, elasticity, based on tv series",Cal Brunker,"Mckenna Grace, Taraji P. Henson, Marsai Martin, Iain Armitage, Ron Pardo",30000000,202231360,88,6.962,546,10.1553,en,CA,False,False,OMDb request failed: 401 Client Error: Unauthorized for url: https://www.omdbapi.com/?i=tt15837338&plot=short&apikey=f87d98bd,6.741045333333333,1,2023,9,3,0,30.0,202.23136,172.23136,6.304448802421981,2.411914721292475,5,1,1,1,0,0,1,0,6.081424928557168,1
1022796,tt11304740,Wish,Wish,"Asha, a sharp-witted idealist, makes a wish so powerful that it is answered by a cosmic force – a little ball of boundless energy called Star. Together, Asha and Star confront a most formidable foe - the ruler of Rosas, King Magnifico - to save her community and prove that when the will of one courageous human connects with the magic of the stars, wondrous things can happen.",2023-11-13,Released,"Adventure, Animation, Family, Fantasy","friendship, villain, black magic, wish, musical, computer animation, female protagonist, betrayal by friend, aftercreditsstinger, woman director","Fawn Veerasunthorn, Chris Buck","Ariana DeBose, Chris Pine, Alan Tudyk, Angelique Cabral, Victor Garber",175000000,254997360,95,6.221,1773,7.9596,en,US,False,False,OMDb request failed: 401 Client Error: Unauthorized for url: https://www.omdbapi.com/?i=tt11304740&plot=short&apikey=f87d98bd,1.4571277714285715,1,2023,11,4,1,175.0,254.99736,79.99736,7.480992162869525,2.1927255831331744,4,1,1,1,0,1,0,0,3.6620151590432624,1
812225,tt22868844,Black Clover: Sword of the Wizard King,映画 ブラッククローバー 魔法帝の剣,"As a lionhearted boy who can't wield magic strives for the title of Wizard King, four banished Wizard Kings of yore return to crush the Clover Kingdom.",2023-06-16,Released,"Action, Adventure, Animation, Fantasy","magic, based on manga, demon, wizard, shounen, anime",Ayataka Tanemura,"Gakuto Kajiwara, Nobunaga Shimazaki, Junichi Suwabe, Kana Yuuki, Toshihiko Seki",0,0,113,8.091,380,7.2861,ja,JP,False,False,OMDb request failed: 401 Client Error: Unauthorized for url: https://www.omdbapi.com/?i=tt22868844&plot=short&apikey=f87d98bd,0.0,1,2023,6,2,1,0.0,0.0,0.0,5.942799375126701,2.114579412131746,4,1,1,0,0,1,0,1,3.231356818088767,1
1075794,tt5755238,Leo,Leo,"Jaded 74-year-old reptile Leo has been stuck in the same Florida classroom for decades with his terrarium-mate turtle. When he learns he only has one year left to live, he plans to escape to experience life on the outside but instead gets caught up in the problems of his anxious students — including an impossibly mean substitute teacher.",2023-11-17,Released,"Animation, Comedy, Family","midlife crisis, classroom, musical, school, unlikely friendship, bucket list, growing pains, animal human friendship, heartfelt, exhilarated","Robert Marianetti, Robert Smigel, David Wachtenheim","Adam Sandler, Bill Burr, Cecily Strong, Jason Alexander, Rob Schneider",0,0,102,7.368,1336,6.7309,en,AU,False,False,OMDb request failed: 401 Client Error: Unauthorized for url: https://www.omdbapi.com/?i=tt5755238&plot=short&apikey=f87d98bd,0.0,1,2023,11,4,1,0.0,0.0,0.0,7.198183577101943,2.0452252853174153,3,1,0,1,0,0,1,0,3.2285113293629037,1
901362,tt14362112,Trolls Band Together,Trolls Band Together,"When Branch's brother, Floyd, is kidnapped for his musical talents by a pair of nefarious pop-star villains, Branch and Poppy embark on a harrowing and emotional journey to reunite the other brothers and rescue Floyd from a fate even worse than pop-culture obscurity.",2023-10-12,Released,"Adventure, Animation, Comedy, Family, Fantasy, Music","pop star, brother, musical, sequel, based on toy, troll, duringcreditsstinger, reunite, sister sister relationship, brother brother relationship",Walt Dohrn,"Anna Kendrick, Justin Timberlake, Camila Cabello, Eric André, Amy Schumer",95000000,210231405,91,7.252,981,6.5799,en,US,False,False,OMDb request failed: 401 Client Error: Unauthorized for url: https://www.omdbapi.com/?i=tt14362112&plot=short&apikey=f87d98bd,2.212962157894737,1,2023,10,4,0,95.0,210.231405,115.231405,6.889591308354466,2.0255000069551197,6,1,1,1,0,1,1,0,4.146096668349069,1
1047041,tt27521477,Detective Conan: Black Iron Submarine,名探偵コナン 黒鉄の魚影（サブマリン）,"While visiting Hachijo-jima, Conan sneaks aboard a security boat heading to the Pacific Buoy, an off-shore facility constructed near the coasts built to connect surveillance cameras used by police forces around the world. However, an engineer gets abducted! An eerie sound of a propeller hums underwater as a dark figure begins to creep toward Ai Haibara... When the forbidden Black Box is opened, the sealed-away past will surface above the treacherous waves!",2023-04-14,Released,"Action, Animation, Crime, Mystery","submarine, detective, anime, suspense, mystery",Yuzuru Tachikawa,"Minami Takayama, Wakana Yamazaki, Rikiya Koyama, Megumi Hayashibara, Shuichi Ikeda",0,106771806,110,7.025,141,6.4316,ja,JP,False,False,OMDb request failed: 401 Client Error: Unauthorized for url: https://www.omdbapi.com/?i=tt27521477&plot=short&apikey=f87d98bd,0.0,1,2023,4,2,0,0.0,106.771806,106.771806,4.955827057601261,2.0057411787498785,4,1,0,0,0,0,0,1,2.800485235452671,1
496450,tt10364034,"Miraculous: Ladybug & Cat Noir, The Movie",Miraculous - le film,"After a guardian of magical jewels turns an awkward girl and a popular boy into superheroes, they can never reveal their identities — even to each other.",2023-07-05,Released,"Action, Animation, Family, Fantasy, Romance","paris, france, superhero, musical, interracial romance, teen superhero",Jeremy Zag,"Anouck Hautbois, Benjamin Bollen, Fanny Bloc, Alexandre Nguyen, Antoine Tomé",86000000,40208268,105,7.606,951,6.3158,fr,CN,False,False,OMDb request failed: 401 Client Error: Unauthorized for url: https://www.omdbapi.com/?i=tt10364034&plot=short&apikey=f87d98bd,0.467538,1,2023,7,3,1,86.0,40.208268,-45.791732,6.858565034791365,1.990036392812137,5,1,0,1,0,1,0,1,3.439182314140525,1
614930,tt8589698,Teenage Mutant Ninja Turtles: Mutant Mayhem,Teenage Mutant Ninja Turtles: Mutant Mayhem,"After years of being sheltered from the human world, the Turtle brothers set out to win the hearts of New Yorkers and be accepted as normal teenagers through heroic acts. Their new friend April O'Neil helps them take on a mysterious crime syndicate, but they soon get in over their heads when an army of mutants is unleashed upon them.",2023-07-31,Released,"Action, Animation, Comedy, Science Fiction","new york city, sibling relationship, skateboarding, crime fighter, superhero, turtle, based on comic, ninja, duringcreditsstinger, playful",Jeff Rowe,"Micah Abbey, Shamon Brown Jr., Nicolas Cantu, Brady Noon, Ayo Edebiri",75000000,180513586,100,7.218,1582,6.1428,en,CA,False,False,OMDb request failed: 401 Client Error: Unauthorized for url: https://www.omdbapi.com/?i=tt8589698&plot=short&apikey=f87d98bd,2.4068478133333335,1,2023,7,3,1,75.0,180.513586,105.513586,7.367077059881012,1.9661048563408325,4,1,0,0,0,0,1,1,4.287558803433276,1
1040148,tt27155038,"Ruby Gillman, Teenage Kraken","Ruby Gillman, Teenage Kraken","Ruby Gillman, a sweet and awkward high school student, discovers she's a direct descendant of the warrior kraken queens. The kraken are sworn to protect the oceans of the world against the vain, power-hungry mermaids. Destined to inherit the throne from her commanding grandmother, Ruby must use her newfound powers to protect those she loves most.",2023-06-28,Released,"Animation, Comedy, Family, Fantasy","high school, ocean, boat, transformation, fisherman, mermaid, villain, coming of age, prom, teenage girl",Kirk DeMicco,"Lana Condor, Toni Collette, Annie Murphy, Sam Richardson, Liza Koshy",70000000,46247409,92,7.168,1104,6.1186,en,US,False,False,OMDb request failed: 401 Client Error: Unauthorized for url: https://www.omdbapi.com/?i=tt27155038&plot=short&apikey=f87d98bd,0.6606772714285715,1,2023,6,2,1,70.0,46.247409,-23.752591,7.007600613951853,1.962711076876343,4,1,0,1,0,1,1,0,3.434851525767086,1
1139087,tt28035641,Once Upon a Studio,Once Upon a Studio,"Created for Disney's 100th anniversary, the short features Mickey Mouse corralling a gallery of legendary Disney characters for a group photo.",2023-09-24,Released,"Animation, Comedy, Drama, Family, Fantasy","live action and animation, dedication, short film, cgi-live action hybrid","Trent Correy, Dan Abraham","Chris Diamantopoulos, Kaitlyn Robrock, Tony Anselmo, Bill Farmer, Jim Cummings",0,0,9,8.27,428,6.1019,en,US,False,False,OMDb request failed: 401 Client Error: Unauthorized for url: https://www.omdbapi.com/?i=tt28035641&plot=short&apikey=f87d98bd,0.0,1,2023,9,3,0,0.0,0.0,0.0,6.061456918928017,1.9603623538810715,5,1,0,1,1,1,1,0,3.2707728909213634,1
961323,tt19500164,Nimona,Nimona,"A knight framed for a tragic crime teams with a scrappy, shape-shifting teen to prove his innocence.",2023-06-23,Released,"Adventure, Animation, Family, Fantasy, Science Fiction","monster, supernatural, on the run, knight, based on graphic novel, metamorphosis, lgbt, shape shifter, unlikely friendship, girl power","Troy Quane, Nick Bruno","Chloë Grace Moretz, Riz Ahmed, Eugene Lee Yang, Frances Conroy, Lorraine Toussaint",0,0,99,7.854,1386,4.8062,en,US,False,False,OMDb request failed: 401 Client Error: Unauthorized for url: https://www.omdbapi.com/?i=tt19500164&plot=short&apikey=f87d98bd,0.0,1,2023,6,2,1,0.0,0.0,0.0,7.234898420314831,1.7589263121328147,5,1,1,1,0,1,0,0,3.312573709867147,1
1083862,tt26674627,Resident Evil: Death Island,バイオハザード：デスアイランド,"In San Francisco, Jill Valentine is dealing with a zombie outbreak and a new T-Virus, Leon Kennedy is on the trail of a kidnapped DARPA scientist, and Claire Redfield is investigating a monstrous fish that is killing whales in the bay. Joined by Chris Redfield and Rebecca Chambers, they discover the trail of clues from their separate cases all converge on the same location, Alcatraz Island, where a new evil has taken residence and awaits their arrival.",2023-06-22,Released,"Action, Animation, Horror, Science Fiction","prison, alcatraz prison, outbreak, zombie, based on video game, survival horror, virus, special agent, anime",Eiichiro Hasumi,"Matthew Mercer, Nicole Tompkins, Kevin Dorman, Stephanie Panisello, Erin Cahill",0,53929,91,7.271,1103,4.7872,ja,JP,False,False,OMDb request failed: 401 Client Error: Unauthorized for url: https://www.omdbapi.com/?i=tt26674627&plot=short&apikey=f87d98bd,0.0,1,2023,6,2,1,0.0,0.053929,0.053929,7.00669522683704,1.7556485822156964,4,1,0,0,0,0,0,1,3.132101571357911,1
1062807,tt26684398,SPY x FAMILY CODE: White,劇場版 SPY×FAMILY CODE: White,"While under the guise of taking his family on a weekend winter getaway, Loid's attempt to make progress on his current mission Operation Strix proves difficult when Anya mistakenly gets involved and triggers events that threaten world peace.",2023-12-22,Released,"Action, Adventure, Animation, Comedy","espionage, spy, slice of life, female assassin, based on manga, family, aftercreditsstinger, shounen, anime",Takashi Katagiri,"Takuya Eguchi, Atsumi Tanezaki, Saori Hayami, Kenichirou Matsuda, Tomoya Nakamura",5000000,59629242,110,7.132,637,4.6966,ja,JP,False,False,OMDb request failed: 401 Client Error: Unauthorized for url: https://www.omdbapi.com/?i=tt26684398&plot=short&apikey=f87d98bd,11.9258484,1,2023,12,4,1,5.0,59.629242,54.629242,6.45833828334479,1.7398695056407658,4,1,1,0,0,0,1,1,8.379362948347833,1
838240,tt13429870,Robot Dreams,Robot Dreams,A lonely dog's friendship with his robot companion takes a sad turn when an unexpected malfunction forces him to abandon Robot at the beach. Will Dog ever meet Robot again?,2023-12-06,Released,"Animation, Comedy, Drama, Science Fiction","friendship, based on comic, bromance, summer, robot, silent film, adult animation",Pablo Berger,"Ivan Labanda, Tito Trifol, Rafa Calvo, José García Tos, José Luis Mediavilla",5300000,4656348,102,7.967,793,4.2255,es,FR,False,False,OMDb request failed: 401 Client Error: Unauthorized for url: https://www.omdbapi.com/?i=tt13429870&plot=short&apikey=f87d98bd,0.8785562264150943,1,2023,12,4,1,5.3,4.656348,-0.643652,6.677083461247136,1.6535504870524214,4,1,0,0,1,0,1,0,3.636695394131726,1
459003,tt6685538,Mavka: The Forest Song,Мавка: Лісова пісня,"Mavka, a Soul of the Forest, faces an impossible choice between love and her duty as Guardian of the Heart of the Forest when she falls for a human, a talented young musician named Lukas.",2023-03-02,Released,"Adventure, Animation, Family, Fantasy","based on novel or book, fairy, nature, folklore, based on myths, legends or folklore, mavka, ukrainian folklore, independent film, love vs duty","Oleh Malamuzh, Oleksandra Ruban","Natalka Denysenko, Artem Pyvovarov, Nazar Zadniprovskyi, Oleh Skrypka, Olena Kravets",5000000,17974964,99,7.15,846,3.9987,uk,UA,False,False,OMDb request failed: 401 Client Error: Unauthorized for url: https://www.omdbapi.com/?i=tt6685538&plot=short&apikey=f87d98bd,3.5949928,1,2023,3,1,0,5.0,17.974964,12.974964,6.741700694652055,1.6091778786282405,4,1,1,1,0,1,0,0,4.657878545992044,1
1147400,tt29259099,"Miraculous World: Paris, Tales of Shadybug and Claw Noir","Miraculous World : Paris, Les Aventures de Toxinelle et Griffe Noire","Miraculous holders from another world appear in Paris. They come from a parallel universe where everything is reversed: the holders of Ladybug and Black Cat Miraculouses, Shadybug and Claw Noir, are the bad guys, and the holder of the Butterfly Miraculous, Betterfly, is a superhero. Ladybug and Cat Noir will have to help Betterfly counter the attacks of their evil doubles and prevent them from seizing the Butterfly Miraculous. Can our heroes also help Betterfly make Shadybug and Claw Noir better people?",2023-10-21,Released,"Action, Adventure, Animation, Family, Fantasy","paris, france, superhero, alternative reality, kids, interdimensional travel",Thomas Astruc,"Antoine Tomé, Anouck Hautbois, Benjamin Bollen, Fanny Bloc, Marie Nonnenmacher",0,0,48,7.3,629,3.9204,fr,CA,False,False,OMDb request failed: 401 Client Error: Unauthorized for url: https://www.omdbapi.com/?i=tt29259099&plot=short&apikey=f87d98bd,0.0,1,2023,10,4,0,0.0,0.0,0.0,6.4457198193855785,1.593389828012493,5,1,1,1,0,1,0,1,3.0308664471097106,1
520758,tt8337264,Chicken Run: Dawn of the Nugget,Chicken Run: Dawn of the Nugget,A band of fearless chickens flock together to save poultry-kind from an unsettling new threat: a nearby farm that's cooking up something suspicious.,2023-12-08,Released,"Adventure, Animation, Comedy, Family","rescue, chicken, villain, sequel, heist, stop motion, animals, reboot, claymation, plasticine",Sam Fell,"Thandiwe Newton, Zachary Levi, Bella Ramsey, Imelda Staunton, Lynn Ferguson",0,0,101,6.938,881,3.8938,en,GB,False,False,OMDb request failed: 401 Client Error: Unauthorized for url: https://www.omdbapi.com/?i=tt8337264&plot=short&apikey=f87d98bd,0.0,1,2023,12,4,1,0.0,0.0,0.0,6.782192056006791,1.5879690978184473,4,1,1,1,0,0,1,0,2.9900241730737855,1
1064835,tt25010142,The Seven Deadly Sins: Grudge of Edinburgh Part 2,七つの大罪 怨嗟のエジンバラ 後編,"Reunited with Lancelot for the first time since their tragic accident, Tristan must learn to conquer his inner demons in order to save his mother's life.",2023-08-08,Released,"Action, Adventure, Animation, Fantasy","magic, based on manga, demon, anime, 3d animation, original net animation (ona)",Bob Shirohata,"Ayumu Murase, Koki Uchiyama, Yuki Kaji, Sora Amamiya, Tatsuhisa Suzuki",0,0,55,7.181,232,3.7848,ja,JP,False,False,OMDb request failed: 401 Client Error: Unauthorized for url: https://www.omdbapi.com/?i=tt25010142&plot=short&apikey=f87d98bd,0.0,1,2023,8,3,0,0.0,0.0,0.0,5.4510384535657,1.5654442267482103,4,1,1,0,0,1,0,1,2.847722402047087,1
1086591,tt28036417,Rascal Does Not Dream of a Knapsack Kid,青春ブタ野郎はランドセルガールの夢を見ない,"Finally, the day of Mai's high school graduation has arrived. While Sakuta eagerly waits for his girlfriend, an elementary schooler who looks exactly like her appears before him. Suspicious, and for all the wrong reasons... Meanwhile, Sakuta and Kaede's father suddenly calls, saying that their mother wants to see her daughter. She was hospitalized because Kaede's condition had been too much for her to bear, so what could she possibly want now?",2023-12-01,Released,"Animation, Drama, Fantasy","based on novel or book, supernatural, sequel, romance, shocking, anime, japanese high school, based on light novel",Soichi Masui,"Kaito Ishikawa, Asami Seto, Yurika Kubo, Nao Toyama, Atsumi Tanezaki",0,2050242,75,7.724,78,3.7547,ja,JP,False,False,OMDb request failed: 401 Client Error: Unauthorized for url: https://www.omdbapi.com/?i=tt28036417&plot=short&apikey=f87d98bd,0.0,1,2023,12,4,1,0.0,2.050242,2.050242,4.3694478524670215,1.5591336025243525,3,1,0,0,1,1,0,0,2.820287218248706,1
1076364,tt26736061,Carl's Date,Carl's Date,"Carl Fredricksen reluctantly agrees to go on a date with a lady friend—but admittedly has no idea how dating works these days. Ever the helpful friend, Dug steps in to calm Carl's pre-date jitters and offer some tried-and-true tips for making friends—if you're a dog.",2023-06-15,Released,"Animation, Comedy, Family, Romance","date, love, dog, short film",Bob Peterson,"Ed Asner, Bob Peterson",0,0,9,7.443,444,3.5768,en,US,False,False,OMDb request failed: 401 Client Error: Unauthorized for url: https://www.omdbapi.com/?i=tt26736061&plot=short&apikey=f87d98bd,0.0,1,2023,6,2,1,0.0,0.0,0.0,6.09807428216624,1.521000063972182,4,1,0,1,0,0,1,0,3.003611151920763,1
845387,tt14935892,maboroshi,アリスとテレスのまぼろし工場,"A factory explosion plunges a small town into a timeless freeze, leaving teenage Masamune and his pals to grapple with a quickly collapsing reality.",2023-09-15,Released,"Animation, Drama, Fantasy, Romance","small town, supernatural, coming of age, love, explosion, time freeze , anime, uncertainty, audacious, enchant","Mari Okada, Seimei Kidokoro","Junya Enoki, Reina Ueda, Misaki Kuno, Koji Seto, Kento Hayashi",0,1700000,112,7.26,131,3.4286,ja,JP,False,False,OMDb request failed: 401 Client Error: Unauthorized for url: https://www.omdbapi.com/?i=tt14935892&plot=short&apikey=f87d98bd,0.0,1,2023,9,3,0,0.0,1.7,1.7,4.882801922586371,1.4880835070219245,4,1,0,0,1,1,0,0,2.770632814441244,0
816904,tt23177868,Mummies,Momias,"Through a series of unfortunate events, three mummies end up in present-day London and embark on a wacky and hilarious journey in search of an old ring belonging to the Royal Family, stolen by ambitious archaeologist Lord Carnaby.",2023-01-05,Released,"Adventure, Animation, Family, Fantasy","egypt, london, england, museum, mummy, chariot race, musical, wedding ring, archaeologist, ancient egypt, aftercreditsstinger",Juan Jesús García Galocha,"Joe Thomas, Eleanor Tomlinson, Santiago Winder, Hugh Bonneville, Sean Bean",12000000,53400000,88,6.908,507,3.4178,es,ES,False,False,OMDb request failed: 401 Client Error: Unauthorized for url: https://www.omdbapi.com/?i=tt23177868&plot=short&apikey=f87d98bd,4.45,1,2023,1,1,0,12.0,53.4,41.4,6.230481447578482,1.485641834620589,4,1,1,1,0,1,0,0,4.88691849232986,1
1056803,tt27348312,Rascal Does Not Dream of a Sister Venturing Out,青春ブタ野郎はおでかけシスターの夢を見ない,"After a draining December, Sakuta is quickly nearing the end of his second year of high school. Since Mai is a third-year student, they don't have much time left together before graduation rolls around. Meanwhile, his sister, Kaede, is slowly but steadily venturing outdoors again. Just as she begins to find her footing, she announces her most ambitious goal yet—attending her brother's high school! Sakuta knows better than anyone how difficult this will be for Kaede, and he's ready to support her however he can. He's just not sure if that's what's best for her...or what she really wants...",2023-06-23,Released,"Animation, Drama, Fantasy","supernatural, sequel, anime, japanese high school, sister sister relationship, idol, high school life, based on light novel, sisters relationship, family bonds",Soichi Masui,"Kaito Ishikawa, Asami Seto, Yurika Kubo, Nao Toyama, Atsumi Tanezaki",0,0,74,7.707,58,3.264,ja,JP,False,False,OMDb request failed: 401 Client Error: Unauthorized for url: https://www.omdbapi.com/?i=tt27348312&plot=short&apikey=f87d98bd,0.0,1,2023,6,2,1,0.0,0.0,0.0,4.07753744390572,1.4502076868635434,3,1,0,0,1,1,0,0,2.7559117696153894,0
998731,tt29092780,Sasaki and Miyano: Graduation,映画 佐々木と宮野ー卒業編ー,"As Sasaki prepares for his college entrance exams, Miyano tries to make the most of their limited time together while grappling with his own emotions.",2023-02-17,Released,"Animation, Romance","high school, bisexuality, sequel, coming of age, based on manga, lgbt, anime, japanese high school, boys' love (bl)",Shinji Ishihira,"Yusuke Shirai, Soma Saito, Yoshitsugu Matsuoka, Yuki Ono, Yuma Uchida",0,0,50,6.0,51,3.2378,ja,JP,False,False,OMDb request failed: 401 Client Error: Unauthorized for url: https://www.omdbapi.com/?i=tt29092780&plot=short&apikey=f87d98bd,0.0,1,2023,2,1,0,0.0,0.0,0.0,3.9512437185814275,1.4440442666607944,2,1,0,0,0,0,0,0,2.3092931977863334,0
832502,tt8637498,The Monkey King,The Monkey King,"A stick-wielding monkey teams with a young girl on an epic quest for immortality, battling demons, dragons, gods — and his own ego — along the way.",2023-07-30,Released,"Adventure, Animation, Comedy, Family, Fantasy",,Anthony Stacchi,"Jimmy O. Yang, Bowen Yang, Jolie Hoang-Rappaport, Jo Koy, Ron Yuan",0,0,92,6.531,338,2.9246,en,US,False,False,OMDb request failed: 401 Client Error: Unauthorized for url: https://www.omdbapi.com/?i=tt8637498&plot=short&apikey=f87d98bd,0.0,1,2023,7,3,1,0.0,0.0,0.0,5.82600010738045,1.367264435213085,5,1,1,1,0,1,1,0,2.71173968138903,0
968868,tt39318020,Pretty Guardian Sailor Moon Cosmos the Movie Part 1,劇場版 美少女戦士セーラームーンCosmos 前編,"The Sailor Guardians enjoy a brief moment of peace until Mamoru's Golden Crystal is stolen by Sailor Galaxia and the mysterious Sailor Starlights appear. One by one, Sailor Moon’s friends and loved ones are targeted by a formidable new enemy who threatens to destroy everything and rule over the cosmos.",2023-06-09,Released,"Action, Adventure, Animation, Fantasy, Romance","sequel, based on manga, shoujo, anime, magical girl",Tomoya Takahashi,"Kotono Mitsuishi, Kenji Nojima, Misato Fukuen, Hisako Kanemoto, Rina Sato",0,0,80,7.329,70,2.7467,ja,JP,False,False,OMDb request failed: 401 Client Error: Unauthorized for url: https://www.omdbapi.com/?i=tt39318020&plot=short&apikey=f87d98bd,0.0,1,2023,6,2,1,0.0,0.0,0.0,4.2626798770413155,1.3208754525550122,5,1,1,0,0,1,0,1,2.669783299439449,0
1003581,tt27687527,Justice League: Warworld,Justice League: Warworld,"Until now, the Justice League has been a loose association of superpowered individuals. But when they are swept away to Warworld, a place of unending brutal gladiatorial combat, Batman, Superman, Wonder Woman and the others must somehow unite to form an unbeatable resistance able to lead an entire planet to freedom.",2023-07-25,Released,"Action, Adventure, Animation, Science Fiction","superhero, investigation, based on comic, alien invasion, wild west, shape shifter, excited, tomorrowverse (dc)",Jeff Wamester,"Jensen Ackles, Darren Criss, Stana Katic, Ike Amadi, Troy Baker",0,0,90,6.763,298,2.645,en,US,False,False,OMDb request failed: 401 Client Error: Unauthorized for url: https://www.omdbapi.com/?i=tt27687527&plot=short&apikey=f87d98bd,0.0,1,2023,7,3,1,0.0,0.0,0.0,5.700443573390687,1.2933563654606215,4,1,1,0,0,0,0,1,2.739819990827696,0
968870,tt28284638,Pretty Guardian Sailor Moon Cosmos the Movie Part 2,劇場版 美少女戦士セーラームーンCosmos 後編,"One by one, Sailor Moon’s friends and loved ones are targeted by a formidable new enemy who threatens to destroy everything and rule over the cosmos. After devastating losses, Sailor Moon endures her battle against Shadow Galactica. Will despair crush her, or will she find light in the darkness?",2023-06-30,Released,"Adventure, Animation, Fantasy, Romance","time travel, sequel, based on manga, shoujo, anime, magical girl, noble sacrifice",Tomoya Takahashi,"Kotono Mitsuishi, Kenji Nojima, Misato Fukuen, Hisako Kanemoto, Rina Sato",0,524551,80,7.925,53,2.5956,ja,JP,False,False,OMDb request failed: 401 Client Error: Unauthorized for url: https://www.omdbapi.com/?i=tt28284638&plot=short&apikey=f87d98bd,0.0,1,2023,6,2,1,0.0,0.524551,0.524551,3.9889840465642745,1.2797108757171072,4,1,1,0,0,1,0,0,2.7715542383422074,1
1150394,tt28283972,La Leyenda de los Chaneques,La Leyenda de los Chaneques,"Five years after giving up his powers and separating from his friends, Leo San Juan has started a new life trying to focus on his family and their bakery, staying away from danger and adventures. However, Leo knows that his plans are rarely fulfilled and this time is no exception: while traveling with Nando to Veracruz, things start to get weird, and from the depths of the Tuxtlas jungle, an ancient curse has returned and only Leo can face it.",2023-07-14,Released,"Animation, Comedy, Family, Horror",,Marvick Núñez,"Benny Emmanuel, Emilio Treviño, Jorge Rafael, Mayté Cordero, Annie Rojas",1100000,0,89,8.364,258,2.4981,es,MX,False,False,OMDb request failed: 401 Client Error: Unauthorized for url: https://www.omdbapi.com/?i=tt28283972&plot=short&apikey=f87d98bd,0.0,1,2023,7,3,1,1.1,0.0,-1.1,5.556828061699537,1.252219963952225,4,1,0,1,0,0,1,0,3.1123572038477643,1
1146348,tt28508231,"Scooby-Doo! and Krypto, Too!","Scooby-Doo! and Krypto, Too!","When the Justice League goes missing and villains overrun Metropolis, there's only one team that can solve this mystery: Scooby-Doo and the gang! But wait, there's a new dog in town – Krypto – Superman's Superdog with Super Powers. Mystery Inc. will need all the help it can get when phantoms menace the Justice League's headquarters.",2023-09-25,Released,"Animation, Comedy, Family, Fantasy, Mystery","superhero, villain, talking dog, dog hero, team up, excited",Cecilia Aranovich,"Frank Welker, Grey DeLisle, Matthew Lillard, Kate Micucci, P.J. Byrne",0,0,79,7.417,96,2.2914,en,US,False,False,OMDb request failed: 401 Client Error: Unauthorized for url: https://www.omdbapi.com/?i=tt28508231&plot=short&apikey=f87d98bd,0.0,1,2023,9,3,0,0.0,0.0,0.0,4.574710978503383,1.1913130061791453,5,1,0,1,0,1,1,0,2.719153597702379,0
776835,tt2560092,The Magician's Elephant,The Magician's Elephant,"Peter is searching for his long-lost sister when he crosses paths with a fortune teller in the market square. His only question is: is his sister still alive? The answer, that he must find a mysterious elephant and the magician who will conjure it, sets Peter off on a journey to complete three seemingly impossible tasks that will change the face of his town forever.",2023-03-10,Released,"Adventure, Animation, Comedy, Family, Fantasy","search, cartoon elephant",Wendy Rogers,"Noah Jupe, Mandy Patinkin, Brian Tyree Henry, Natasia Demetriou, Sian Clifford",0,0,99,6.79,233,2.2629,en,AU,False,False,OMDb request failed: 401 Client Error: Unauthorized for url: https://www.omdbapi.com/?i=tt2560092&plot=short&apikey=f87d98bd,0.0,1,2023,3,1,0,0.0,0.0,0.0,5.455321115357702,1.1826163704973731,5,1,1,1,0,1,1,0,2.6931906228782614,0
870358,tt15352516,Merry Little Batman,Merry Little Batman,"This Christmas, Damian Wayne wants to be a superhero like his dad – the one and only Batman. When Damian is left home alone while Batman takes on Gotham’s worst supervillains on Christmas Eve, he stumbles upon a villainous plot to steal Christmas and leaps at the chance to save the day.",2023-12-08,Released,"Action, Animation, Comedy, Family","holiday, based on comic, family, christmas",Mike Roth,"Yonas Kibreab, Luke Wilson, James Cromwell, David Hornsby, Dolph Adomian",0,0,97,6.617,171,2.2168,en,US,False,False,OMDb request failed: 401 Client Error: Unauthorized for url: https://www.omdbapi.com/?i=tt15352516&plot=short&apikey=f87d98bd,0.0,1,2023,12,4,1,0.0,0.0,0.0,5.147494476813453,1.1683870766009272,4,1,0,1,0,0,1,1,2.601632233012157,0
586810,tt26915336,Mars Express,Mars Express,"In 2200, private detective Aline Ruby and her android partner Carlos Rivera are hired by a wealthy businessman to track down a notorious hacker. On Mars, they descend deep into the underbelly of the planet's capital city where they uncover a darker story of brain farms, political corruption, and a missing girl who holds a secret about the robots that threatens to change the face of the universe.",2023-11-22,Released,"Animation, Science Fiction, Thriller","android, man vs machine, planet mars, hacker, female protagonist, cyberpunk, robot, private detective, adult animation, near future",Jérémie Périn,"Léa Drucker, Mathieu Amalric, Daniel Njo Lobé, Marie Bouvet, Sébastien Chassagne",7900000,1455713,89,7.456,531,2.2049,fr,FR,False,False,OMDb request failed: 401 Client Error: Unauthorized for url: https://www.omdbapi.com/?i=tt26915336&plot=short&apikey=f87d98bd,0.1842674683544304,1,2023,11,4,1,7.9,1.455713,-6.444287,6.2766434893416445,1.1646808886378144,3,1,0,0,0,0,0,0,3.0631190174564127,1
734002,tt10651230,The Peasants,Chłopi,"Peasant girl Jagna is forced to marry the much older, wealthy farmer Boryna, despite her love for his son Antek. With time, Jagna becomes the object of envy and disdain with the villagers and she must fight to preserve her independence.",2023-10-13,Released,"Animation, Drama, History","adultery, based on novel or book, peasant, sexual violence, poland, marriage for money, adult animation, historical drama, 19th century, peasant girl","Hugh Welchman, DK Welchman","Kamila Urzędowska, Robert Gulaczyk, Mirosław Baka, Sonia Mietielica, Ewa Kasprzyk",7475000,10064347,115,7.527,164,2.1057,pl,PL,False,False,OMDb request failed: 401 Client Error: Unauthorized for url: https://www.omdbapi.com/?i=tt10651230&plot=short&apikey=f87d98bd,1.3464009364548497,1,2023,10,4,0,7.475,10.064347,2.589347,5.10594547390058,1.1332391328111635,3,1,0,0,1,0,0,0,3.4235081124114437,1
1089654,tt27922374,Chang'an,长安三万里,"A few years after the Anshi Rebellion, Tang dynasty military commander Gao Shi suffers a defeat in a battle threatening Chang'an. Trapped in the besieged city, he recalls his lifelong friendship with the acclaimed poet Li Bai.",2023-07-02,Released,"Animation, History","rebellion, tang dynasty, based on true story, world supremacy, historical fiction, historical drama, 8th century, historical anime","Xie Junwei, Zou Jing","Yang Tianxiang, Ling Zhenhe, Junquan Wu, Xuan Xiaoming, Lu Lifeng",0,252520750,168,7.7,65,2.0961,zh,CN,False,False,OMDb request failed: 401 Client Error: Unauthorized for url: https://www.omdbapi.com/?i=tt27922374&plot=short&apikey=f87d98bd,0.0,1,2023,7,3,1,0.0,252.52075,252.52075,4.189654742026425,1.1301432549474573,2,1,0,0,0,0,0,0,2.7229696995460824,0
667717,tt25434854,Deep Sea,深海,"Shenxiu has felt a deep sadness since her mother left. A storm plunges her into a dreamlike world of swirling colour. Led by the Hyjinx, and joined by inventive underwater chef Nanhe, she embarks on a quest to find solace in the Eye of the Deep Sea.",2023-01-22,Released,"Adventure, Animation, Drama, Fantasy, Mystery","female protagonist, curious, reflective, 3d animation, grand, understated, 幻境, 深海, 拯救, 感动",Tian Xiaopeng,"Wang Tingwen, Su Xin, Kuixing Teng, Yang Ting, Jing Ji",28700000,136090000,112,6.99,150,2.0398,zh,CN,False,False,OMDb request failed: 401 Client Error: Unauthorized for url: https://www.omdbapi.com/?i=tt25434854&plot=short&apikey=f87d98bd,4.741811846689895,1,2023,1,1,0,28.7,136.09,107.39,5.017279836814924,1.1117917237802237,5,1,1,0,1,1,0,0,4.800676065099726,1
913001,tt16369708,The Imaginary,屋根裏のラジャー,"Amanda and her imaginary friend Rudger go on thrilling make-believe adventures. But when Rudger finds himself alone, he faces a mysterious threat.",2023-12-15,Released,"Adventure, Animation, Drama, Family, Fantasy","imaginary friend, based on children's book, anime, imagination",Yoshiyuki Momose,"Kokoro Terada, Rio Suzuki, Sakura Ando, Riisa Naka, Takayuki Yamada",0,0,108,7.64,89,2.0012,ja,JP,False,False,OMDb request failed: 401 Client Error: Unauthorized for url: https://www.omdbapi.com/?i=tt16369708&plot=short&apikey=f87d98bd,0.0,1,2023,12,4,1,0.0,0.0,0.0,4.499809670330265,1.0990122086894365,5,1,1,1,1,1,0,0,2.749823281852955,0
1027159,tt22192398,LUPIN THE 3rd vs. CAT'S EYE,ルパン三世VSキャッツ・アイ,"Lupin III competes with the Kisugi sisters to steal a triptych of paintings that once belonged to their father, and which hold the key to a long-unsolved mystery.",2023-04-20,Released,"Action, Adventure, Animation, Comedy, Crime","thief, art thief, gentleman thief, anime, 3d animation","Kobun Shizuno, Hiroyuki Seshita","Kanichi Kurita, Akio Otsuka, Miyuki Sawashiro, Daisuke Namikawa, Koichi Yamadera",0,0,92,6.2,50,1.9927,ja,JP,False,False,OMDb request failed: 401 Client Error: Unauthorized for url: https://www.omdbapi.com/?i=tt22192398&plot=short&apikey=f87d98bd,0.0,1,2023,4,2,0,0.0,0.0,0.0,3.9318256327243257,1.0961759899677597,5,1,1,0,0,0,1,1,2.304200243403813,0
939338,tt22360682,Epic Tails,Pattie et la colère de Poséidon,"An adventurous mouse sets off to battle dangerous creatures in Ancient Greece, including Poseidon.",2023-01-25,Released,"Adventure, Animation, Comedy, Family, Fantasy","mouse, poseidon, ancient greece",David Alaux,"Kaycie Chase, Christophe Lemoine, Emmanuel Curtil, Michel Tureau, Pierre Richard",0,4834952,95,6.769,134,1.8707,fr,FR,False,False,OMDb request failed: 401 Client Error: Unauthorized for url: https://www.omdbapi.com/?i=tt22360682&plot=short&apikey=f87d98bd,0.0,1,2023,1,1,0,0.0,4.834952,4.834952,4.90527477843843,1.05455590247119,5,1,1,1,0,1,1,0,2.586224602136443,0
269509,tt2403439,The Canterville Ghost,The Canterville Ghost,"An American family moves in to the Canterville Chase, a London mansion that has been haunted by ghost Sir Simon De Canterville for 300 years.",2023-09-22,Released,"Animation, Comedy, Family, Fantasy","based on novel or book, halloween, haunted house, family, ghost, halloween costume, eccentric family, haunted, animation",Kim Burdon,"Stephen Fry, Hugh Laurie, Freddie Highmore, Emily Carey, Imelda Staunton",10000000,2000000,89,6.723,56,1.8699,en,CA,False,False,OMDb request failed: 401 Client Error: Unauthorized for url: https://www.omdbapi.com/?i=tt2403439&plot=short&apikey=f87d98bd,0.2,1,2023,9,3,0,10.0,2.0,-8.0,4.04305126783455,1.0542771859589162,4,1,0,1,0,1,1,0,2.53534926806902,0
1046032,tt28863512,The Bad Guys: A Very Bad Holiday,The Bad Guys: A Very Bad Holiday,"To keep their annual Holiday Heist-tacular afloat, Mr. Wolf and his crew of animal outlaws will have to restore the whole city's Christmas spirit — fast!",2023-11-29,Released,"Action, Animation, Comedy, Family","holiday, heist, prequel, family, based on graphic novel, christmas",Bret Haaland,"Michael Godere, Ezekiel Ajeigbe, Raul Ceballos, Chris Diamantopoulos, Mallory Low",0,0,26,6.482,167,1.8621,en,US,False,False,OMDb request failed: 401 Client Error: Unauthorized for url: https://www.omdbapi.com/?i=tt28863512&plot=short&apikey=f87d98bd,0.0,1,2023,11,4,1,0.0,0.0,0.0,5.123963979403259,1.051555621124829,4,1,0,1,0,0,1,1,2.546827940079213,0
887870,tt15737898,Blue Giant,BLUE GIANT,"High school student Dai Miyamoto has his life is turned upside down the day he discovers jazz. Picking up a saxophone and leaving his sleepy hometown for the bustling nightclubs of Tokyo, Dai will find that the life of a professional musician isn’t for the faint of heart, as he must confront what it truly means to be great.",2023-02-17,Released,"Animation, Drama, Music","jazz, musician, saxophone, based on manga, anime",Yuzuru Tachikawa,"Yuki Yamada, Shotaro Mamiya, Amane Okayama, Yusuke Kondoh, Mirei Suda",0,0,120,7.759,85,1.8606,ja,JP,False,False,OMDb request failed: 401 Client Error: Unauthorized for url: https://www.omdbapi.com/?i=tt15737898&plot=short&apikey=f87d98bd,0.0,1,2023,2,1,0,0.0,0.0,0.0,4.454347296253507,1.0510313930386626,3,1,0,0,1,0,0,0,2.7655568033938254,0
609271,tt10551654,Under the Boardwalk,Under the Boardwalk,"Two crabs embark on an epic journey to get home after a storm sweeps them away. Their courage soon unites their families, paving the way for great summers to come.",2023-10-27,Released,"Adventure, Animation, Comedy, Family, Romance","musical, hermit crab",David Soren,"Michael Cera, Keke Palmer, Bobby Cannavale, John Magaro, Jon Rudnitsky",0,0,87,7.3,121,1.8148,en,GB,False,False,OMDb request failed: 401 Client Error: Unauthorized for url: https://www.omdbapi.com/?i=tt10551654&plot=short&apikey=f87d98bd,0.0,1,2023,10,4,0,0.0,0.0,0.0,4.804021044733257,1.0348912111102568,5,1,1,1,0,0,1,0,2.700836838376527,0
1186957,tt9900816,The Velveteen Rabbit,The Velveteen Rabbit,"When seven-year-old William receives a new favorite toy for Christmas, he discovers a lifelong friend and unlocks a world of magic.",2023-11-21,Released,"Animation, Family, Fantasy","based on children's book, rabbit, christmas, live action and animation, velveteen, toy",Jennifer Perrott,"Phoenix Laroche, Alex Lawther, Samantha Colley, Leonard Buckley, Tilly Vosburgh",0,0,44,7.0,74,1.6678,en,GB,False,False,OMDb request failed: 401 Client Error: Unauthorized for url: https://www.omdbapi.com/?i=tt9900816&plot=short&apikey=f87d98bd,0.0,1,2023,11,4,1,0.0,0.0,0.0,4.31748811353631,0.9812541627248066,3,1,0,1,0,1,0,0,2.5448113414391673,0
1123093,tt29033964,Diary of a Wimpy Kid Christmas: Cabin Fever,Diary of a Wimpy Kid Christmas: Cabin Fever,"A hilarious and heartfelt holiday tale centered around everyone's favorite disaster-prone middle school student, Greg Heffley, which finds him desperately fighting to stay off Santa's naughty list as the family prepares for a major winter snowstorm.",2023-12-07,Released,"Animation, Comedy, Family","based on novel or book, video game, sequel, coming of age, blizzard, christmas",Luke Cormican,"Wesley Kimmel, Erica Cerra, Christian Convery, Chris Diamantopoulos, Hunter Dillon",0,0,64,6.618,93,1.6657,en,CA,False,False,OMDb request failed: 401 Client Error: Unauthorized for url: https://www.omdbapi.com/?i=tt29033964&plot=short&apikey=f87d98bd,0.0,1,2023,12,4,1,0.0,0.0,0.0,4.543294782270004,0.9804666872927187,3,1,0,1,0,0,1,0,2.483064220434408,0
1219926,tt30505159,South Park (Not Suitable for Children),South Park (Not Suitable for Children),"After it's discovered that a teacher at South Park Elementary has an OnlyFans page, Randy is compelled to take a closer look at the seedy underbelly of the world of online influencers.",2023-12-20,Released,"Animation, Comedy, TV Movie","crude humor, social satire, adult animation, media satire, parody comedy",Trey Parker,"Trey Parker, Matt Stone, April Stewart, Kimberly Brooks, Jessica Makinson",0,0,47,7.426,210,1.6651,en,US,False,False,OMDb request failed: 401 Client Error: Unauthorized for url: https://www.omdbapi.com/?i=tt30505159&plot=short&apikey=f87d98bd,0.0,1,2023,12,4,1,0.0,0.0,0.0,5.351858133476067,0.9802415803659783,3,1,0,0,0,0,1,0,2.8063149570763066,1
1003579,tt24223450,Batman: The Doom That Came to Gotham,Batman: The Doom That Came to Gotham,"Explorer Bruce Wayne accidentally unleashes an ancient evil, and returns to Gotham after being away for two decades. There, Batman battles Lovecraftian supernatural forces and encounters allies and enemies such as Green Arrow, Ra's al Ghul, Mr. Freeze, Killer Croc, Two-Face and James Gordon.",2023-03-10,Released,"Action, Animation, Fantasy, Mystery","superhero, cult, based on comic, mad doctor, demon, supernatural creature, explorer, masked vigilante, masked superhero, ancient evil","Sam Liu, Christopher Berkeley","David Giuntoli, Patrick Fabian, John DiMaggio, Karan Brar, Navid Negahban",0,0,86,6.65,254,1.6391,en,US,False,False,OMDb request failed: 401 Client Error: Unauthorized for url: https://www.omdbapi.com/?i=tt24223450&plot=short&apikey=f87d98bd,0.0,1,2023,3,1,0,0.0,0.0,0.0,5.541263545158426,0.9704379499446015,4,1,0,0,0,1,0,1,2.639255224265454,0
1003580,tt22769820,Legion of Super-Heroes,Legion of Super-Heroes,"Kara, devastated by the loss of Krypton, struggles to adjust to her new life on Earth. Her cousin, Superman, mentors her and suggests she leave their space-time to attend the Legion Academy in the 31st century, where she makes new friends and a new enemy: Brainiac 5. Meanwhile, she must contend with a mysterious group called the Dark Circle as it searches for a powerful weapon held in the Academy’s vault.",2023-02-07,Released,"Action, Animation, Science Fiction","cyborg, superhero, time travel, based on comic, distant future, superhero team, kryptonite, aftercreditsstinger, brainiac, evil genius",Jeff Wamester,"Meg Donnelly, Harry Shum Jr., Jensen Ackles, Gideon Adlon, Matt Bomer",0,0,84,6.444,222,1.4862,en,US,False,False,OMDb request failed: 401 Client Error: Unauthorized for url: https://www.omdbapi.com/?i=tt22769820&plot=short&apikey=f87d98bd,0.0,1,2023,2,1,0,0.0,0.0,0.0,5.407171771460119,0.910755440375478,3,1,0,0,0,0,0,1,2.5586890817753396,0
1154598,tt28477867,LEGO Marvel Avengers: Code Red,LEGO Marvel Avengers: Code Red,"The Avengers gather to celebrate their latest victory, but their celebration is quickly interrupted by the mysterious disappearance of Black Widow's father, Red Guardian. As the Avengers investigate, they discover that Red Guardian isn't the only one missing when they meet a dangerous new foe quite unlike anything they've ever encountered before.",2023-10-27,Released,"Action, Animation, Family",,Ken Cunningham,"Laura Bailey, Trevor Devall, Haley Joel Osment, Steve Blum, Will Friedle",0,0,46,6.525,157,1.4786,en,DK,False,False,OMDb request failed: 401 Client Error: Unauthorized for url: https://www.omdbapi.com/?i=tt28477867&plot=short&apikey=f87d98bd,0.0,1,2023,10,4,0,0.0,0.0,0.0,5.062595033026967,0.9076938846486368,3,1,0,1,0,0,0,1,2.5267933376513407,0
1153222,tt28477869,Lego Disney Princess: The Castle Quest,Lego Disney Princess: The Castle Quest,"Tiana, Moana, Snow White, Rapunzel, and Ariel are off on an adventure as they are each unexpectedly transported to a mysterious castle. Shortly after arriving, they soon discover that Gaston has hatched an evil plan to take over all their kingdoms! The Princess characters must work together to solve challenges hidden deep within the castle walls and try to save their kingdoms from Gaston. Will bravery, quick-thinking, and teamwork prevail?",2023-08-18,Released,Animation,"princess, magic, based on toy, lego, tv special",Michael D. Black,"Jodi Benson, Auliʻi Cravalho, Mandy Moore, Anika Noni Rose, Katherine Von Till",0,0,47,6.4,50,1.4584,en,US,False,False,OMDb request failed: 401 Client Error: Unauthorized for url: https://www.omdbapi.com/?i=tt28477869&plot=short&apikey=f87d98bd,0.0,1,2023,8,3,0,0.0,0.0,0.0,3.9318256327243257,0.8995107318341378,1,1,0,0,0,0,0,0,2.3247004546837697,0
1059264,tt20221460,The Inseparables,The Inseparables,"The animated buddy movie follows the misadventures of Don, a runaway puppet with boundless imaginations, and DJ Doggy Dog, an abandoned plush looking for a friend, who cross paths in Central Park and team up against all odds for a epic friendship adventure in New York.",2023-09-01,Released,"Adventure, Animation, Comedy, Family","racoon, computer animation, family, toy, homemade toys, animation",Jérémie Degruson,"Monica Young, Danny Fehsenfeld, Olivier Paris, Dakota West, Jordan Baird",0,311198,89,6.492,59,1.4491,en,BE,False,False,OMDb request failed: 401 Client Error: Unauthorized for url: https://www.omdbapi.com/?i=tt20221460&plot=short&apikey=f87d98bd,0.0,1,2023,9,3,0,0.0,0.311198,0.311198,4.0943445622221,0.8957206101294451,4,1,1,1,0,0,1,0,2.371509775852732,0
1190012,tt29474455,South Park: Joining the Panderverse,South Park: Joining the Panderverse,"Cartman's deeply disturbing dreams portend the end of the life he knows and loves. Meanwhile, the adults in South Park are wrestling with their own life decisions, as the advent of AI is turning their world upside down.",2023-10-27,Released,"Animation, Comedy, Science Fiction, TV Movie","artificial intelligence (a.i.), satire, social satire, adult animation, political satire, class struggle, gender swap, alternate universe, diversity, wealth inequality",Trey Parker,"Trey Parker, Matt Stone, April Stewart, Kimberly Brooks, Mona Marshall",0,0,49,7.561,277,1.4457,en,US,False,False,OMDb request failed: 401 Client Error: Unauthorized for url: https://www.omdbapi.com/?i=tt29474455&plot=short&apikey=f87d98bd,0.0,1,2023,10,4,0,0.0,0.0,0.0,5.627621113690637,0.8943313805197279,4,1,0,0,0,0,1,0,2.8685428741315544,1
502345,tt4556264,Scarygirl,Scarygirl,"As her world is shrouded in darkness, a young girl must overcome her fears and travel to a mysterious city of light, save her father from a dangerous scientist and prevent the destruction of her planet.",2023-10-05,Released,"Adventure, Animation, Family, Fantasy","octopus, animals, healing power, tentacles, father daughter relationship, loss of child, sacred tree, talking animal",Ricard Cussó,"Jillian Nguyen, Remy Hii, Sam Neill, Rob Collins, Tim Minchin",0,1194805,90,6.857,70,1.3789,en,AU,False,False,OMDb request failed: 401 Client Error: Unauthorized for url: https://www.omdbapi.com/?i=tt4556264&plot=short&apikey=f87d98bd,0.0,1,2023,10,4,0,0.0,1.194805,1.194805,4.2626798770413155,0.8666381959690836,4,1,1,1,0,1,0,0,2.4836477109515602,0
828899,tt14636170,Metalocalypse: Army of the Doomstar,Metalocalypse: Army of the Doomstar,"After the heroic rescue of Toki Wartooth, DETHKLOK frontman Nathan Explosion finds himself traumatized in a BRUTAL professional and romantic flat-spin all while he is tasked with fulfilling the prophecy and confronting the ultimate songwriting challenge: write the SONG OF SALVATION and save the planet. Can Nathan Explosion look beyond his brutally damaged ego to save his band, stop the Metalocalypse, and finally face the ultimate evil: Salacia?",2023-08-22,Released,"Animation, Comedy, Music","cartoon, heavy metal, apocalypse, adult animation, death metal, based on tv series, music, rock-and-roll",Brendon Small,"Brendon Small, Tommy Blacha, Victor Brandt, Thundercat, King Diamond",0,0,83,6.577,65,1.3631,en,US,False,False,OMDb request failed: 401 Client Error: Unauthorized for url: https://www.omdbapi.com/?i=tt14636170&plot=short&apikey=f87d98bd,0.0,1,2023,8,3,0,0.0,0.0,0.0,4.189654742026425,0.8599743163952512,3,1,0,0,0,0,1,0,2.4016943587632515,0
928833,tt17154734,Craig Before the Creek,Craig Before the Creek,"Before he was Craig of the Creek, he was just Craig — a new kid in a new town. All Craig wants is to go back to his old friends at his old home. But when he learns that the nearby creek is hiding a lost treasure that could make his wish come true, Craig sets off on a journey to find it — navigating the perilous suburban wilderness, forging new friendships, all while being pursued by a fearsome band of pirates who are bent on destroying the Creek itself.",2023-12-11,Released,"Adventure, Animation, Comedy, Family, Fantasy, TV Movie","based on cartoon, pirate, suburb, creek, child protagonist","Matt Burnett, Ben Levin","Philip Solomon, Noël Wells, H. Michael Croner, Vico Ortiz, Kimberly Hébert Gregory",0,0,88,7.75,72,1.3525,en,US,False,False,OMDb request failed: 401 Client Error: Unauthorized for url: https://www.omdbapi.com/?i=tt17154734&plot=short&apikey=f87d98bd,0.0,1,2023,12,4,1,0.0,0.0,0.0,4.290459441148391,0.8554785924773977,6,1,1,1,0,1,1,0,2.709390705043868,0
1134424,tt28959712,Mantra Warrior: The Legend of The Eight Moons,นักรบมนตรา: ตำนานแปดดวงจันทร์,"A story inspired by the original RAMAYANA, retold in a futuristic universe, involving brave warriors who possess ancient powers from another dimension.",2023-10-11,Released,"Action, Adventure, Animation, Fantasy, Science Fiction","hero, moon, armor, superhero, villain, ramayana, warrior, supervillain, war, 3d animation",Jinanavin Veerapatra,"Ranee Campen, Tachaya Pathumwan, Sorawit Tongteng, Nalinee Cheewasakorn, Pattechin Sasipatthanathada",0,0,90,7.4,81,1.2662,th,TH,False,False,OMDb request failed: 401 Client Error: Unauthorized for url: https://www.omdbapi.com/?i=tt28959712&plot=short&apikey=f87d98bd,0.0,1,2023,10,4,0,0.0,0.0,0.0,4.406719247264253,0.8181044199643291,5,1,1,0,0,1,0,1,2.6337235500842873,0
923579,tt24069962,Cats in the Museum,Коты Эрмитажа,A cartoon about the famous four-legged inhabitants of the St. Petersburg Winter Palace - museum cats that protect the territory of the State Hermitage from rats and mice.,2023-03-23,Released,"Animation, Comedy, Family, Fantasy","cat, museum, mouse",Vasily Rovensky,"Jordan Worsley, Stephen Peter Krisel, Maria Smakhtina, Michael Kleeman, Nikki Aaron",0,8093685,80,6.537,54,1.2289,ru,RU,False,False,OMDb request failed: 401 Client Error: Unauthorized for url: https://www.omdbapi.com/?i=tt24069962&plot=short&apikey=f87d98bd,0.0,1,2023,3,1,0,0.0,8.093685,8.093685,4.007333185232471,0.8015081902300103,4,1,0,1,0,1,1,0,2.3555762063193724,0
997776,tt24548912,"Justice League x RWBY: Super Heroes & Huntsmen, Part One","Justice League x RWBY: Super Heroes & Huntsmen, Part One","Superman, Batman, Wonder Woman, Flash, Cyborg, Green Lantern and Vixen are transported to the strange world of Remnant and find themselves turned into teenagers. Meanwhile, Remnant heroes Ruby, Weiss, Blake and Yang must combine forces with the Justice League to uncover why their planet has been mysteriously altered before a superpowered Grimm destroys everything.",2023-04-25,Released,"Action, Animation, Fantasy","superhero, super power, 3d animation",Kerry Shawcross,"Natalie Alyn Lind, Chandler Riggs, Nat Wolff, Lindsay Jones, Kara Eberle",0,0,80,6.927,124,1.1327,en,US,False,False,OMDb request failed: 401 Client Error: Unauthorized for url: https://www.omdbapi.com/?i=tt24548912&plot=short&apikey=f87d98bd,0.0,1,2023,4,2,0,0.0,0.0,0.0,4.8283137373023015,0.7573887826214101,3,1,0,0,0,1,0,1,2.5696053779885566,0
1121575,tt27712788,Babylon 5: The Road Home,Babylon 5: The Road Home,"Travel across the galaxy with John Sheridan as he unexpectedly finds himself transported through multiple timelines and alternate realities in a quest to find his way back home. Along the way he reunites with some familiar faces, while discovering cosmic new revelations about the history, purpose, and meaning of the Universe.",2023-08-14,Released,"Action, Adventure, Animation, Science Fiction","galaxy, space, based on tv series",Matt Peters,"Bruce Boxleitner, Claudia Christian, Peter Jurasik, Bill Mumy, Tracy Scoggins",0,0,80,6.904,94,1.1134,en,US,False,False,OMDb request failed: 401 Client Error: Unauthorized for url: https://www.omdbapi.com/?i=tt27712788&plot=short&apikey=f87d98bd,0.0,1,2023,8,3,0,0.0,0.0,0.0,4.553876891600541,0.7482980250247934,4,1,1,0,0,0,0,1,2.5213262374938,0
1150537,tt28786861,"Justice League x RWBY: Super Heroes & Huntsmen, Part Two","Justice League x RWBY: Super Heroes & Huntsmen, Part Two","On the heels of successfully escaping a deadly digital trap, the members of the Justice League emerge in their own world to discover that Grimm, ravenous creatures from Remnant, have overtaken Earth! In order to defeat the monsters, they must call on their new friends – Team RWBY – for help!",2023-10-17,Released,"Action, Adventure, Animation, Fantasy","superhero, super power, 3d animation",Kerry Shawcross,"Troy Baker, Travis Willingham, Laura Bailey, Lindsay Jones, Kara Eberle",0,0,75,6.7,55,1.0856,en,US,False,False,OMDb request failed: 401 Client Error: Unauthorized for url: https://www.omdbapi.com/?i=tt28786861&plot=short&apikey=f87d98bd,0.0,1,2023,10,4,0,0.0,0.0,0.0,4.02535169073515,0.7350565836371549,4,1,1,0,0,1,0,1,2.389061241155846,0
1121116,tt27658815,"Maggie Simpson in ""Rogue Not Quite One""","Maggie Simpson in ""Rogue Not Quite One""","On their way to daycare, Homer loses track of Maggie who hops in Grogu's hovering pram for a hyperspace-hopping adventure across the galaxy. Facing a squadron of Imperial TIE fighters, Maggie brings the battle to Springfield in this epic short celebrating all things Star Wars.",2023-05-03,Released,"Animation, Comedy, Family, Science Fiction",short film,David Silverman,"Hank Azaria, Chris Edgerly, Dawnn Lewis",0,0,5,5.8,65,0.9756,en,US,False,False,OMDb request failed: 401 Client Error: Unauthorized for url: https://www.omdbapi.com/?i=tt27658815&plot=short&apikey=f87d98bd,0.0,1,2023,5,2,0,0.0,0.0,0.0,4.189654742026425,0.6808721496843327,4,1,0,1,0,0,1,0,2.1805790337566133,0
828898,tt14636186,The Venture Bros.: Radiant Is the Blood of the Baboon Heart,The Venture Bros.: Radiant Is the Blood of the Baboon Heart,"A nationwide manhunt for Hank Venture leads to untold dangers and unexpected revelations, while The Monarch is literally out for Dr Venture's blood. An imposing evil from the past reemerges to wreak havoc on the Ventures, The Guild, and even the Monarch marriage—it will take friends and foes alike to restore the Ventures' world to order… or end it once and for all.",2023-07-21,Released,"Action, Adventure, Animation, Science Fiction","dark comedy, family, adult animation, aftercreditsstinger, supervillain",Christopher McCulloch,"James Urbaniak, Patrick Warburton, Michael Sinterniklaas, Doc Hammer, Christopher McCulloch",0,0,84,7.258,91,0.8845,en,US,False,False,OMDb request failed: 401 Client Error: Unauthorized for url: https://www.omdbapi.com/?i=tt14636186&plot=short&apikey=f87d98bd,0.0,1,2023,7,3,1,0.0,0.0,0.0,4.5217885770490405,0.633662533725053,4,1,1,0,0,0,0,1,2.587817666616114,0
1093349,tt26931203,Barbie: Skipper and the Big Babysitting Adventure,Barbie: Skipper and the Big Babysitting Adventure,"When her babysitting business takes a hit, Skipper takes a summer job at the water park. Here she can quickly put her skills as a nanny to good use.",2023-03-03,Released,"Animation, Family","female protagonist, 3d animation",Steve Daye,"Kirsten Day, America Young, Zaela Rae, Alex Cazares, Julyza Commodore",0,0,63,6.863,51,0.806,en,US,False,False,OMDb request failed: 401 Client Error: Unauthorized for url: https://www.omdbapi.com/?i=tt26931203&plot=short&apikey=f87d98bd,0.0,1,2023,3,1,0,0.0,0.0,0.0,3.9512437185814275,0.5911144549947938,2,1,0,1,0,0,0,0,2.397103726036433,0
1106299,tt27369002,The Spider Within: A Spider-Verse Story,The Spider Within: A Spider-Verse Story,"After a particularly challenging day, Miles experiences a panic attack that forces him to confront the manifestations of his anxiety and learn that reaching out for help can be just as brave an act as protecting his city from evil.",2023-06-12,Released,"Animation, Drama","superhero, panic attack, anxious, short film, anxiety",Jarelle Dampier,"Shameik Moore, Brian Tyree Henry",0,0,8,7.088,102,0.747,en,CA,False,False,OMDb request failed: 401 Client Error: Unauthorized for url: https://www.omdbapi.com/?i=tt27369002&plot=short&apikey=f87d98bd,0.0,1,2023,6,2,1,0.0,0.0,0.0,4.634728988229636,0.5579000311519196,2,1,0,0,1,0,0,0,2.550894352907233,0
715385,tt12826598,No Dogs or Italians Allowed,Interdit aux chiens et aux Italiens,"Early 20th century, in the Ughetto family's home village, Ughettera, Northern Italy. Life in the region had become very difficult and the Ughettos dreamed of a better life abroad. Legend has it that Luigi Ughetto crossed the Alps and started a new life in France, thus changing his beloved family's destiny forever. His grandson retraces their story.",2023-01-25,Released,"Animation, Drama, History","emigration, stop motion, italian immigrant, emigrantes",Alain Ughetto,"Ariane Ascaride, Alain Ughetto, Stefano Paganini, Diego Giuliani, Christophe Gatto",0,1395922,70,7.213,169,0.6506,fr,BE,False,False,OMDb request failed: 401 Client Error: Unauthorized for url: https://www.omdbapi.com/?i=tt12826598&plot=short&apikey=f87d98bd,0.0,1,2023,1,1,0,0.0,1.395922,1.395922,5.135798437050262,0.5011388581764468,3,1,0,0,1,0,0,0,2.6487905942840064,0
589026,tt21042126,Chicken for Linda!,Linda veut du poulet !,Single mother Paulette decides to make up for her mistake by cooking a chicken with peppers for her daughter—only she can't cook and shopkeepers are on strike.,2023-10-18,Released,"Animation, Comedy, Family, Music",,"Chiara Malta, Sébastien Laudenbach","Mélinée Leclerc, Clotilde Hesme, Laetitia Dosch, Estéban, Patrick Pineau",0,685093,73,6.9,65,0.5743,fr,FR,False,False,OMDb request failed: 401 Client Error: Unauthorized for url: https://www.omdbapi.com/?i=tt21042126&plot=short&apikey=f87d98bd,0.0,1,2023,10,4,0,0.0,0.685093,0.685093,4.189654742026425,0.45381072903844627,4,1,0,1,0,0,1,0,2.421519820659731,0
971188,tt17663790,My Year of Dicks,My Year of Dicks,An imaginative 15-year-old is stubbornly determined to lose her virginity despite the pathetic pickings in the outskirts of Houston in the early '90s.,2023-02-17,Released,"Animation, Comedy","friendship, houston, texas, coming of age, teenage girl, sexual awakening, sex comedy, woman director, virginity, 1990s, short film",Sara Gunnarsdóttir,"Brie Tilton, Jackson Kelly, Klarissa Hernandez, Chris Elsenbroek, Sterling Temple Howard",0,0,26,6.455,55,0.4558,en,US,False,False,OMDb request failed: 401 Client Error: Unauthorized for url: https://www.omdbapi.com/?i=tt17663790&plot=short&apikey=f87d98bd,0.0,1,2023,2,1,0,0.0,0.0,0.0,4.02535169073515,0.37555557770202047,2,1,0,0,0,0,1,0,2.2738860902655755,0
965171,tt19781688,Ice Merchants,Ice Merchants,"Every day, a father and his son jump with a parachute from their vertiginous cold house, attached to a cliff, to go to the village on the ground, far away where they sell the ice they produce daily.",2023-02-16,Released,"Animation, Drama","portugal, cannes, animation director, animation, efa",João Gonzalez,,0,0,14,7.783,60,0.4484,pt,FR,False,False,OMDb request failed: 401 Client Error: Unauthorized for url: https://www.omdbapi.com/?i=tt19781688&plot=short&apikey=f87d98bd,0.0,1,2023,2,1,0,0.0,0.0,0.0,4.110873864173311,0.3704594989093491,2,1,0,0,1,0,0,0,2.6179500044623993,0
1022789,tt22022452,Inside Out 2,Inside Out 2,"Teenager Riley's mind headquarters is undergoing a sudden demolition to make room for something entirely unexpected: new Emotions! Joy, Sadness, Anger, Fear and Disgust, who’ve long been running a successful operation by all accounts, aren’t sure how to feel when Anxiety shows up. And it looks like she’s not alone.",2024-06-11,Released,"Adventure, Animation, Comedy, Family","sadness, disgust, sequel, computer animation, teenage girl, fear, anger, envy, aftercreditsstinger, duringcreditsstinger",Kelsey Mann,"Amy Poehler, Maya Hawke, Kensington Tallman, Liza Lapira, Tony Hale",200000000,1698863816,97,7.5,6664,30.2836,en,US,False,False,OMDb request failed: 401 Client Error: Unauthorized for url: https://www.omdbapi.com/?i=tt22022452&plot=short&apikey=f87d98bd,8.49431908,1,2024,6,2,1,200.0,1698.863816,1498.863816,8.804625232612809,3.443093998568887,4,1,1,1,0,0,1,0,7.534601470677255,1
1184918,tt29623480,The Wild Robot,The Wild Robot,"After a shipwreck, an intelligent robot called Roz is stranded on an uninhabited island. To survive the harsh environment, Roz bonds with the island's animals and cares for an orphaned baby goose.",2024-09-12,Released,"Adventure, Animation, Family, Science Fiction","island, parent child relationship, robot, based on children's book, kindness, goose, aftercreditsstinger, duringcreditsstinger, shipwrecked, kids",Chris Sanders,"Lupita Nyong'o, Pedro Pascal, Kit Connor, Bill Nighy, Stephanie Hsu",78000000,331982078,102,8.308,6053,29.7711,en,US,False,False,OMDb request failed: 401 Client Error: Unauthorized for url: https://www.omdbapi.com/?i=tt29623480&plot=short&apikey=f87d98bd,4.2561804871794875,1,2024,9,3,0,78.0,331.982078,253.982078,8.708474489581665,3.4265759378012386,4,1,1,1,0,0,0,0,5.812538783338205,1
1241982,tt13622970,Moana 2,Moana 2,"After receiving an unexpected call from her wayfinding ancestors, Moana journeys alongside Maui and a new crew to the far seas of Oceania and into dangerous, long-lost waters for an adventure unlike anything she's ever faced.",2024-11-21,Released,"Adventure, Animation, Comedy, Family, Fantasy","sea, ocean, villain, musical, sequel, coming of age, explorer, duringcreditsstinger, polynesia, seafarer","David G. Derrick Jr., Jason Hand, Dana Ledoux Miller","Auliʻi Cravalho, Dwayne Johnson, Hualālai Chung, Rose Matafeo, David Fane",150000000,1059242164,100,7.0,3060,26.6411,en,CA,False,False,OMDb request failed: 401 Client Error: Unauthorized for url: https://www.omdbapi.com/?i=tt13622970&plot=short&apikey=f87d98bd,7.061614426666667,1,2024,11,4,1,150.0,1059.242164,909.242164,8.026496938945412,3.3193037955026536,5,1,1,1,0,1,1,0,6.62959660216721,1
1011985,tt21692408,Kung Fu Panda 4,Kung Fu Panda 4,"Po is gearing up to become the spiritual leader of his Valley of Peace, but also needs someone to take his place as Dragon Warrior. As such, he will train a new kung fu practitioner for the spot and will encounter a villain called the Chameleon who conjures villains from the past.",2024-03-02,Released,"Action, Adventure, Animation, Comedy, Family, Fantasy","martial arts, kung fu, china, villain, sequel, panda, anthropomorphism, chameleon, female villain, pathetic",Mike Mitchell,"Jack Black, Awkwafina, Viola Davis, Dustin Hoffman, Bryan Cranston",80000000,548040835,94,6.999,3490,25.0512,en,US,False,False,OMDb request failed: 401 Client Error: Unauthorized for url: https://www.omdbapi.com/?i=tt21692408&plot=short&apikey=f87d98bd,6.8505104375,1,2024,3,1,0,80.0,548.040835,468.040835,8.157943507105037,3.2600638323975217,6,1,1,1,0,1,1,1,6.545180797800384,1
519182,tt7510222,Despicable Me 4,Despicable Me 4,"Gru and Lucy and their girls—Margo, Edith and Agnes—welcome a new member to the Gru family, Gru Jr., who is intent on tormenting his dad. Gru also faces a new nemesis in Maxime Le Mal and his femme fatale girlfriend Valentina, forcing the family to go on the run.",2024-06-20,Released,"Action, Animation, Comedy, Family, Science Fiction","superhero, villain, sequel, super villain, aftercreditsstinger, duringcreditsstinger, kids, calm",Chris Renaud,"Steve Carell, Kristen Wiig, Will Ferrell, Sofía Vergara, Miranda Cosgrove",100000000,972021410,94,6.987,3188,22.5436,en,US,False,False,OMDb request failed: 401 Client Error: Unauthorized for url: https://www.omdbapi.com/?i=tt7510222&plot=short&apikey=f87d98bd,9.7202141,1,2024,6,2,1,100.0,972.02141,872.02141,8.067462667010057,3.1588540213203182,5,1,0,1,0,0,1,1,7.804793848249556,1
1357633,tt33428606,Solo Leveling -ReAwakening-,俺だけレベルアップな件 -ReAwakening-,"Over a decade after 'gates' connecting worlds appeared, awakening 'hunters' with superpowers, weakest hunter Sung Jinwoo encounters a double dungeon and accepts a mysterious quest, becoming the only one able to level up, changing his fate. A catch-up recap of the first season coupled with an exclusive sneak peek of the first two episodes of the highly anticipated second season in one momentous theatrical fan experience.",2024-11-26,Released,"Action, Adventure, Animation, Fantasy","based on novel or book, based on comic, compilation, edited from tv series, anime, based on webcomic or webtoon, dungeon crawling, modern dungeon",Shunsuke Nakashige,"Taito Ban, Genta Nakamura, Haruna Mikawa, Reina Ueda, Daisuke Hirakawa",0,6331827,116,7.161,271,18.1382,ja,JP,False,False,OMDb request failed: 401 Client Error: Unauthorized for url: https://www.omdbapi.com/?i=tt33428606&plot=short&apikey=f87d98bd,0.0,1,2024,11,4,1,0.0,6.331827,6.331827,5.605802066295998,2.951686337715257,4,1,1,0,0,1,0,1,3.073873260601688,1
823219,tt4772188,Flow,Straume,"A solitary cat, displaced by a great flood, finds refuge on a boat with various species and must navigate the challenges of adapting to a transformed world together.",2024-08-29,Released,"Adventure, Animation, Family, Fantasy","ocean, cat, boat, dystopia, survival, dog, ruins, flood, lemur, kids",Gints Zilbalodis,,3700000,17660107,85,8.088,2802,17.3912,lv,LV,False,False,OMDb request failed: 401 Client Error: Unauthorized for url: https://www.omdbapi.com/?i=tt4772188&plot=short&apikey=f87d98bd,4.773001891891892,1,2024,8,3,0,3.7,17.660107,13.960107,7.938445551164788,2.9118722893421674,4,1,1,1,0,1,0,0,5.7973985274273945,1
762509,tt13186482,Mufasa: The Lion King,Mufasa: The Lion King,"Mufasa, a cub lost and alone, meets a sympathetic lion named Taka, the heir to a royal bloodline. The chance meeting sets in motion an expansive journey of a group of misfits searching for their destiny.",2024-12-18,Released,"Adventure, Animation, Family","friendship, paradise, lion, musical, prequel, jungle, told in flashback, betrayal by friend, chance meeting, live action remake",Barry Jenkins,"Aaron Pierre, Kelvin Harrison Jr., Tiffany Boone, Kagiso Lediga, Preston Nyman",200000000,722631756,118,7.314,2653,16.1818,en,US,False,False,OMDb request failed: 401 Client Error: Unauthorized for url: https://www.omdbapi.com/?i=tt13186482&plot=short&apikey=f87d98bd,3.61315878,1,2024,12,4,1,200.0,722.631756,522.631756,7.8838232148921525,2.8438506840596536,3,1,1,1,0,0,0,0,5.063572535842771,1
698687,tt8864596,Transformers One,Transformers One,"The untold origin story of Optimus Prime and Megatron, better known as sworn enemies, but once were friends bonded like brothers who changed the fate of Cybertron forever.",2024-09-11,Released,"Adventure, Animation, Family, Science Fiction","based on toy, giant robot, aftercreditsstinger, duringcreditsstinger, buddy movie, brothers-in-arms relationship, origin story, alien robot",Josh Cooley,"Chris Hemsworth, Brian Tyree Henry, Scarlett Johansson, Keegan-Michael Key, Jon Hamm",75000000,129408392,104,7.968,1607,10.3355,en,US,False,False,OMDb request failed: 401 Client Error: Unauthorized for url: https://www.omdbapi.com/?i=tt8864596&plot=short&apikey=f87d98bd,1.7254452266666669,1,2024,9,3,0,75.0,129.408392,54.408392,7.382746449738912,2.427939394146747,4,1,1,1,0,0,0,0,4.240053228582849,1
748783,tt5779228,The Garfield Movie,The Garfield Movie,"Garfield, the world-famous, Monday-hating, lasagna-loving indoor cat, is about to have a wild outdoor adventure! After an unexpected reunion with his long-lost father – scruffy street cat Vic – Garfield and his canine friend Odie are forced from their perfectly pampered life into joining Vic in a hilarious, high-stakes heist.",2024-04-30,Released,"Adventure, Animation, Comedy, Family","friendship, cat, villain, based on comic, lasagna, computer animation, based on cartoon, food, dog, female villain",Mark Dindal,"Chris Pratt, Samuel L. Jackson, Hannah Waddingham, Ving Rhames, Nicholas Hoult",60000000,254907482,101,6.992,1432,9.7495,en,HK,False,False,OMDb request failed: 401 Client Error: Unauthorized for url: https://www.omdbapi.com/?i=tt5779228&plot=short&apikey=f87d98bd,4.248458033333334,1,2024,4,2,0,60.0,254.907482,194.907482,7.267525427828172,2.3748592418640655,4,1,1,1,0,0,1,0,5.106163815453836,1
1244492,tt31711040,Look Back,ルックバック,"Popular, outgoing Fujino is celebrated by her classmates for her funny comics in the class newspaper. One day, her teacher asks her to share the space with Kyomoto, a truant recluse whose beautiful artwork sparks a competitive fervor in Fujino. What starts as jealousy transforms when Fujino realizes their shared passion for drawing.",2024-06-28,Released,"Animation, Drama","friendship, elementary school, friends, school, based on manga, shounen, anime, mangaka, manga artist, akita, japan",Kiyotaka Oshiyama,"Yuumi Kawai, Mizuki Yoshida, Yoichiro Saito, Kota Oka, Kureha Maki",0,12648664,58,8.064,539,8.1088,ja,JP,False,False,OMDb request failed: 401 Client Error: Unauthorized for url: https://www.omdbapi.com/?i=tt31711040&plot=short&apikey=f87d98bd,0.0,1,2024,6,2,1,0.0,12.648664,12.648664,6.29156913955832,2.2092409792146803,2,1,0,0,1,0,0,0,3.29112151781595,1
1333100,tt33175825,Attack on Titan: THE LAST ATTACK,劇場版「進撃の巨人」完結編 THE LAST ATTACK,"A colossal-sized omnibus film bringing together the last two episodes of Attack on Titan in the franchise's first-ever theatrical experience. After venturing beyond the walls and separated from his comrades, Eren finds himself inspired by this new truth and plots the ""Rumbling,"" a terrifying plan to eradicate every living thing in the world. With the fate of the world hanging in the balance, a motley crew of Eren's former comrades and enemies scramble to halt his deadly mission. The only question is, can they stop him?",2024-03-20,Released,"Action, Adventure, Animation, Drama","dystopia, giant monster, compilation, based on manga, aftercreditsstinger, edited from tv series, shounen, anime, suspenseful, complicated",Yuichiro Hayashi,"Yuki Kaji, Yui Ishikawa, Marina Inoue, Hiroshi Kamiya, Yu Shimamura",0,21525687,145,8.715,195,6.9366,ja,JP,False,False,OMDb request failed: 401 Client Error: Unauthorized for url: https://www.omdbapi.com/?i=tt33175825&plot=short&apikey=f87d98bd,0.0,1,2024,3,1,0,0.0,21.525687,21.525687,5.278114659230517,2.0714849719633794,4,1,1,0,1,0,0,1,3.281189944679084,1
1159311,tt32176689,My Hero Academia: You're Next,僕のヒーローアカデミア THE MOVIE ユアネクスト,"In a society devastated by the effects of an all-out war between heroes and villains, a mysterious giant fortress suddenly appears, engulfing towns and people one after another. Then, a man reminiscent of All Might, the 'symbol of peace', stands in front of Izuku and his friends...",2024-08-02,Released,"Action, Adventure, Animation, Science Fiction","based on manga, super power, shounen, anime, teen superhero, based on tv series",Tensai Okamura,"Daiki Yamashita, Meru Nukumi, Mamoru Miyano, Kenta Miyake, Nobuhiko Okamoto",0,32224616,110,7.22,214,6.9081,ja,JP,False,False,OMDb request failed: 401 Client Error: Unauthorized for url: https://www.omdbapi.com/?i=tt32176689&plot=short&apikey=f87d98bd,0.0,1,2024,8,3,0,0.0,32.224616,32.224616,5.3706380281276624,2.067887550650775,4,1,1,0,0,0,0,1,2.9207788368167655,1
1012201,tt30476486,HAIKYU!! The Dumpster Battle,劇場版ハイキュー!! ゴミ捨て場の決戦,"Shoyo Hinata joins Karasuno High's volleyball club to be like his idol, a former Karasuno player known as the 'Little Giant'. But Hinata soon learns that he must team up with his middle school nemesis, Tobio Kageyama. Their clashing styles form a surprising weapon, but can their newfound teamwork defeat their rival Nekoma High in the highly anticipated 'Dumpster Battle', the long awaited ultimate showdown between two opposing underdog teams?",2024-02-16,Released,"Animation, Comedy","high school, sports, training, volleyball, sequel, high school sports, slice of life, tournament, based on manga, sport competition",Susumu Mitsunaka,"Ayumu Murase, Kaito Ishikawa, Yuki Kaji, Yuichi Nakamura, Satoshi Hino",5000000,100255784,84,7.7,243,6.8191,ja,JP,False,False,OMDb request failed: 401 Client Error: Unauthorized for url: https://www.omdbapi.com/?i=tt30476486&plot=short&apikey=f87d98bd,20.0511568,1,2024,2,1,0,5.0,100.255784,95.255784,5.497168225293202,2.056569458419847,2,1,0,0,0,0,1,0,12.08108121255696,1
1014505,tt14603848,OVERLORD: The Sacred Kingdom,劇場版「オーバーロード」聖王国編,"Facing possible annihilation by the Demon Emperor's demi-human army, the Sacred Kingdom reluctantly seeks aid from the feared, undead Sorcerer King Ainz.",2024-09-20,Released,"Action, Adventure, Animation, Fantasy","video game, magic, anti hero, supernatural, invasion, political intrigue , religious conflict, dark fantasy, conquest, anime",Naoyuki Ito,"Satoshi Hino, Yoshino Aoyama, Hitomi Nabatame, Saori Hayami, Haruka Tomatsu",0,7614966,134,7.851,181,6.5377,ja,JP,False,False,OMDb request failed: 401 Client Error: Unauthorized for url: https://www.omdbapi.com/?i=tt14603848&plot=short&apikey=f87d98bd,0.0,1,2024,9,3,0,0.0,7.614966,7.614966,5.204006687076795,2.019917095697967,4,1,1,0,0,1,0,1,3.0463385674162144,1
1104844,tt28671146,BLUE LOCK THE MOVIE -EPISODE NAGI-,劇場版ブルーロック -EPISODE 凪-,"When apathetic gamer Nagi agrees to join his rich classmate Mikage in soccer, their partnership leads to the famous Blue Lock program — and to changes.",2024-04-19,Released,"Action, Animation, Drama","sports, bromance, football (soccer), based on manga, shounen, anime",Shunsuke Ishikawa,"Nobunaga Shimazaki, Yuma Uchida, Kazuyuki Okitsu, Kazuki Ura, Tasuku Kaito",0,14291561,91,7.429,231,6.3833,ja,JP,False,False,OMDb request failed: 401 Client Error: Unauthorized for url: https://www.omdbapi.com/?i=tt28671146&plot=short&apikey=f87d98bd,0.0,1,2024,4,2,0,0.0,14.291561,14.291561,5.44673737166631,1.9992206931401575,3,1,0,0,1,0,0,1,2.97414370972097,1
1064307,tt14828040,Spermageddon,Spermageddon,"Two narrative threads: one is an emerging love story between awkward teens Jens and Lisa, who are having sex for the first time; the other, an eventful quest of Simon the Semen and his friends to reach the golden goal, the Egg.",2024-12-28,Released,"Adventure, Animation, Comedy, Fantasy","sperm, musical, romcom, interracial romance, teenage girl, teenage boy, adult animation, multiple storylines, teenage romance, birth control","Tommy Wirkola, Rasmus A. Sivertsen","Christian Mikkelsen, Nasrin Khusrawi, Aksel Hennie, Mathilde Storm, Christian Rubeck",3000000,1333332,80,6.412,130,5.6436,no,NO,False,False,OMDb request failed: 401 Client Error: Unauthorized for url: https://www.omdbapi.com/?i=tt14828040&plot=short&apikey=f87d98bd,0.444444,1,2024,12,4,1,3.0,1.333332,-1.666668,4.875197323201151,1.8936539852427068,4,1,1,0,0,1,1,0,2.818327496266579,1
588648,tt7093904,Dragonkeeper,Guardiana de dragones (Dragonkeeper),"Set in Han Imperial China, the plot follows the adventures of enslaved girl Ping with ancient dragon Long Danzi. Dragons had been banished from the kingdom. Ping, an orphan, finds one of the last remaining dragon eggs. Palace guards force Ping to run away in order to return the dragon egg to the ocean and save all dragons from extinction. Ping discovers that she is a true Dragonkeeper.",2024-04-11,Released,"Action, Adventure, Animation, Family, Fantasy","fantasy world, giant dragon, animation","Jian-Ping Li, Salvador Simó","Mario Gas, Lucía Pérez, Fernando Castro, Carlos de Luna, José Gómez Adán",25600000,6206231,99,7.6,220,5.4955,es,CN,False,False,OMDb request failed: 401 Client Error: Unauthorized for url: https://www.omdbapi.com/?i=tt7093904&plot=short&apikey=f87d98bd,0.2424308984375,1,2024,4,2,0,25.6,6.206231,-19.393769,5.3981627015177525,1.8711096294536504,5,1,1,1,0,1,0,1,3.099484753942585,1
1263421,tt31869664,Baki Hanma VS Kengan Ashura,範馬刃牙VSケンガンアシュラ,"It's the ultimate showdown. The toughest fighters from ""Baki Hanma"" and ""Kengan Ashura"" clash in this unprecedented, hard-hitting martial arts crossover.",2024-06-05,Released,"Action, Animation, Fantasy","martial arts, fight, shounen, anime, original net animation (ona)",Toshiki Hirano,"Nobunaga Shimazaki, Tatsuhisa Suzuki, Akio Otsuka, Takuya Eguchi, Kenta Miyake",0,0,60,7.594,368,5.4425,ja,JP,False,False,OMDb request failed: 401 Client Error: Unauthorized for url: https://www.omdbapi.com/?i=tt31869664&plot=short&apikey=f87d98bd,0.0,1,2024,6,2,1,0.0,0.0,0.0,5.910796644040527,1.862916663544383,3,1,0,0,0,1,0,1,3.0645569961377364,1
592983,tt7215232,Spellbound,Spellbound,"When a powerful spell turns her parents into giant monsters, a teenage princess must journey into the wild to reverse the curse before it's too late.",2024-11-22,Released,"Adventure, Animation, Comedy, Family, Fantasy","magic, kingdom, musical, kids, 3d animation, adoring",Vicky Jenson,"Rachel Zegler, Miguel Bernardeau, Giovanna Bush, Dennis Stowe, Jenifer Lewis",0,0,111,6.6,310,5.3773,en,ES,False,False,OMDb request failed: 401 Client Error: Unauthorized for url: https://www.omdbapi.com/?i=tt7215232&plot=short&apikey=f87d98bd,0.0,1,2024,11,4,1,0.0,0.0,0.0,5.739792912179234,1.8527448102912045,5,1,1,1,0,1,1,0,2.7888806583705654,1
1064486,tt23770030,Memoir of a Snail,Memoir of a Snail,"Forcibly separated from her twin brother when they are orphaned, a melancholic misfit learns how to find confidence within herself amid the clutter of misfortunes and everyday life.",2024-10-17,Released,"Animation, Comedy, Drama","depression, difficult childhood, death of father, stop motion, foster family, adult animation, death in childbirth, broken family, claymation, brother sister relationship",Adam Elliot,"Sarah Snook, Kodi Smit-McPhee, Jacki Weaver, Magda Szubanski, Dominique Pinon",4350000,7,94,8.033,771,5.1114,en,AU,False,False,OMDb request failed: 401 Client Error: Unauthorized for url: https://www.omdbapi.com/?i=tt23770030&plot=short&apikey=f87d98bd,1.6091954022988506e-06,1,2024,10,4,0,4.35,7e-06,-4.349993,6.648984550024776,1.810155879506204,3,1,0,0,1,0,1,0,3.2771217885675776,1
1209217,tt31474158,Detective Conan: The Million-Dollar Pentagram,名探偵コナン 100万ドルの五稜星（みちしるべ）,"A message has arrived from Kid the Phantom Thief, that he will steal a Japanese sword belonging to wealthy Onoe Family in Hakodate, Hokkaido. Conan and Heiji Hattori, who happened to be in Hakodate, are on the case to capture Kid. Coincidentally the family lawyer of Onoe is found murdered in the warehouse district, apparently slaughtered by a Japanese sword. The suspect is an investor/arms dealer who is said to be after Onoe family’s hidden treasure. In the North among cherry blossoms, the exciting hunt for treasure begins!",2024-04-12,Released,"Action, Animation, Crime, Mystery","detective, master thief, romance, sword fight, based on manga, samurai sword, anime, hokkaido, japan, lighthearted, mystery",Chika Nagaoka,"Minami Takayama, Wakana Yamazaki, Rikiya Koyama, Ryo Horikawa, Yuko Miyamura",0,108136957,110,6.932,74,5.0479,ja,JP,False,False,OMDb request failed: 401 Client Error: Unauthorized for url: https://www.omdbapi.com/?i=tt31474158&plot=short&apikey=f87d98bd,0.0,1,2024,4,2,0,0.0,108.136957,108.136957,4.31748811353631,1.799711104349003,4,1,0,0,0,0,0,1,2.6505798826827967,0
839033,tt14824600,The Lord of the Rings: The War of the Rohirrim,The Lord of the Rings: The War of the Rohirrim,"A sudden attack by Wulf, a clever and traitorous lord of Rohan seeking vengeance for the death of his father, forces Helm Hammerhand, the King of Rohan, and his people to make a daring last stand in the ancient stronghold of the Hornburg.",2024-12-05,Released,"Action, Adventure, Animation, Fantasy","based on novel or book, prequel, treachery, fantasy world, anime, high fantasy, war, horsemen",Kenji Kamiyama,"Brian Cox, Gaia Wise, Luke Pasqualino, Laurence Ubong Williams, Lorraine Ashbourne",30000000,20658572,134,6.549,849,5.0275,en,JP,False,False,OMDb request failed: 401 Client Error: Unauthorized for url: https://www.omdbapi.com/?i=tt14824600&plot=short&apikey=f87d98bd,0.6886190666666666,1,2024,12,4,1,30.0,20.658572,-9.341428,6.745236349484363,1.7963323310731891,4,1,1,0,0,1,0,1,3.2283638820836327,1
1147416,tt13701202,"Miraculous World: London, At the Edge of Time","Miraculous World : Londres, la course contre le temps","To save the future from a terrible fate, Marinette becomes Chronobug and teams up with Bunnyx to defeat a mysterious opponent who travels through time.",2024-11-14,Released,"Action, Animation, Family, Fantasy","london, england, paris, france, superhero, time travel, notebook, death of father, ghost, kids, changing history, masked supervillain",Thomas Astruc,"Anouck Hautbois, Marie Nonnenmacher, Benjamin Bollen, Clara Soares, Marie Chevalot",0,0,50,7.5,306,4.6458,fr,FR,False,False,OMDb request failed: 401 Client Error: Unauthorized for url: https://www.omdbapi.com/?i=tt13701202&plot=short&apikey=f87d98bd,0.0,1,2024,11,4,1,0.0,0.0,0.0,5.726847747587197,1.7309119058953404,4,1,0,1,0,1,0,1,2.993663948022381,1
929204,tt17163970,Wallace & Gromit: Vengeance Most Fowl,Wallace & Gromit: Vengeance Most Fowl,"Gromit’s concern that Wallace is becoming too dependent on his inventions proves justified, when Wallace invents a “smart” gnome that seems to develop a mind of its own. When it emerges that a vengeful figure from the past might be masterminding things, it falls to Gromit to battle sinister forces and save his master… or Wallace may never be able to invent again!",2024-12-18,Released,"Adventure, Animation, Comedy, Family","inventor, human animal relationship, penguin, anthropomorphism, revenge, stop motion, robot, dog, animals, jewelry heist","Nick Park, Merlin Crossingham","Ben Whitehead, Peter Kay, Lauren Patel, Reece Shearsmith, Diane Morgan",0,191452,79,7.461,646,4.5558,en,GB,False,False,OMDb request failed: 401 Client Error: Unauthorized for url: https://www.omdbapi.com/?i=tt17163970&plot=short&apikey=f87d98bd,0.0,1,2024,12,4,1,0.0,0.191452,0.191452,6.472346294500901,1.714842427123955,4,1,1,1,0,0,1,0,3.0933283082437284,1
1371727,tt33999453,Sing: Thriller,Sing: Thriller,"Buster Moon dreams up a star-studded spectacle set to Michael Jackson's ""Thriller"" in this animated short featuring characters from the hit ""Sing"" films.",2024-10-15,Released,"Animation, Comedy, Family, Music",short film,Garth Jennings,"Matthew McConaughey, Tori Kelly, Nick Kroll, Scarlett Johansson, Taron Egerton",0,0,11,7.151,205,4.483,en,US,False,False,OMDb request failed: 401 Client Error: Unauthorized for url: https://www.omdbapi.com/?i=tt33999453&plot=short&apikey=f87d98bd,0.0,1,2024,10,4,0,0.0,0.0,0.0,5.327876168789581,1.7016523964219112,4,1,0,1,0,0,1,0,2.8421792847817238,1
1329336,tt33130902,The Bad Guys: Haunted Heist,The Bad Guys: Haunted Heist,The crafty Bad Guys crew embarks on a high-stakes Halloween heist to swipe a priceless amulet from a spooky mansion. What could go wrong?,2024-10-02,Released,"Animation, Comedy","amulet, heist",Kevin Peaty,"Michael Godere, Ezekiel Ajeigbe, Raul Ceballos, Chris Diamantopoulos, Mallory Low",0,0,25,6.873,161,4.1123,en,US,False,False,OMDb request failed: 401 Client Error: Unauthorized for url: https://www.omdbapi.com/?i=tt33130902&plot=short&apikey=f87d98bd,0.0,1,2024,10,4,0,0.0,0.0,0.0,5.087596335232384,1.6316494007993196,2,1,0,0,0,0,1,0,2.7261368604047553,0
1239251,tt31122323,Megamind vs. the Doom Syndicate,Megamind vs. the Doom Syndicate,"Megamind's former villain team, The Doom Syndicate, has returned. Our newly crowned blue hero must now keep up evil appearances until he can assemble his friends (Roxanne, Ol' Chum and Keiko) to stop his former evil teammates from launching Metro City to the Moon.",2024-03-01,Released,"Animation, Comedy, Science Fiction","sequel, aftercreditsstinger, low cost, low budget, absurd, embarrassed, mocking",Eric Fogel,"Keith Ferguson, Laura Post, Josh Brener, Maya Tuttle, Emily Tuñon",0,0,83,5.078,333,3.942,en,US,False,False,OMDb request failed: 401 Client Error: Unauthorized for url: https://www.omdbapi.com/?i=tt31122323&plot=short&apikey=f87d98bd,0.0,1,2024,3,1,0,0.0,0.0,0.0,5.811140992976701,1.5977701075664184,3,1,0,0,0,0,1,0,2.380836665081468,0
829402,tt9471678,Ultraman: Rising,Ultraman: Rising,"A star athlete reluctantly returns home to take over his father's duties as Ultraman, shielding Tokyo from giant monsters as he becomes a legendary hero.",2024-06-14,Released,"Action, Animation, Family, Science Fiction","hero, superhero, villain, family relationships, parenthood, baseball player, kaiju, duringcreditsstinger, supervillain, imaginative",Shannon Tindle,"Christopher Sean, Gedde Watanabe, Tamlyn Tomita, Keone Young, Julia Harriman",0,0,117,8.041,388,3.8616,en,JP,False,False,OMDb request failed: 401 Client Error: Unauthorized for url: https://www.omdbapi.com/?i=tt9471678&plot=short&apikey=f87d98bd,0.0,1,2024,6,2,1,0.0,0.0,0.0,5.963579343618446,1.5813676018390084,4,1,0,1,0,0,0,1,3.141992041818618,1
598387,tt5834410,The Tiger's Apprentice,The Tiger's Apprentice,"After the death of his grandmother, Tom Lee discovers he is part of a long lineage of magical protectors known as the Guardians. With guidance from a mythical tiger named Hu and the other Zodiac animal warriors, Tom trains to take on an evil force that threatens humanity.",2024-02-16,Released,"Animation, Family, Fantasy","tiger, apprentice, based on children's book, chinese zodiac signs, apprenticeship, death of grandmother",Raman Hui Shing-Ngai,"Brandon Soo Hoo, Henry Golding, Lucy Liu, Sandra Oh, Michelle Yeoh",0,762183,84,7.295,144,3.8061,en,US,False,False,OMDb request failed: 401 Client Error: Unauthorized for url: https://www.omdbapi.com/?i=tt5834410&plot=short&apikey=f87d98bd,0.0,1,2024,2,1,0,0.0,0.762183,0.762183,4.976733742420574,1.569885944421986,3,1,0,1,0,1,0,0,2.805742953026384,1
870360,tt15352542,The Day the Earth Blew Up: A Looney Tunes Movie,The Day the Earth Blew Up: A Looney Tunes Movie,"Porky and Daffy, the classic animated odd couple, turn into unlikely heroes when their antics at the local bubble gum factory uncover a secret alien mind control plot. Against all odds, the two are determined to save their town (and the world!)...that is if they don't drive each other crazy in the process.",2024-08-01,Released,"Adventure, Animation, Comedy, Family, Science Fiction","chewing gum, zombie, alien invasion, buddy comedy, duringcreditsstinger, chaotic, playful, based on tv series, hilarious, cliché",Peter Browngardt,"Eric Bauza, Candi Milo, Peter MacNicol, Fred Tatasciore, Laraine Newman",15000000,15076954,91,7.542,216,3.7145,en,US,False,False,OMDb request failed: 401 Client Error: Unauthorized for url: https://www.omdbapi.com/?i=tt15352542&plot=short&apikey=f87d98bd,1.0051302666666666,1,2024,8,3,0,15.0,15.076954,0.076954,5.37989735354046,1.550642865923595,5,1,1,1,0,0,1,0,3.3773896529196086,1
1239146,tt20221690,Woody Woodpecker Goes to Camp,Woody Woodpecker Goes to Camp,"After getting kicked out of the forest, Woody thinks he's found a forever home at Camp Woo Hoo — until an inspector threatens to shut down the camp.",2024-04-12,Released,"Animation, Comedy, Family","camping, woodpecker, bird",Jonathan A. Rosenbaum,"Eric Bauza, Kevin Michael Richardson, Tom Kenny, Mary-Louise Parker, Josh Lawson",15000000,0,101,6.465,198,3.6398,en,US,False,False,OMDb request failed: 401 Client Error: Unauthorized for url: https://www.omdbapi.com/?i=tt20221690&plot=short&apikey=f87d98bd,0.0,1,2024,4,2,0,15.0,0.0,-15.0,5.293304824724492,1.5346712618609077,3,1,0,1,0,0,1,0,2.64044641298781,0
1056444,tt23951384,The Colors Within,きみの色,"Totsuko is a high school student with the ability to see the 'colors' of others. Colors of bliss, excitement, and serenity, plus a color she treasures as her favorite. Kimi, a classmate at her school, gives off the most beautiful color of all. Although she doesn't play an instrument, Totsuko forms a band with Kimi and Rui, a quiet music enthusiast they meet at a used bookstore in a far corner of town. As they practice at an old church on a remote island, music brings them together, forming friendships and stirring affections.",2024-08-30,Released,"Animation, Drama, Music","high school, anime, synesthesia, nagasaki, music",Naoko Yamada,"Sayu Suzukawa, Akari Takaishi, Taisei Kido, Yui Aragaki, Aoi Yuuki",0,2485967,101,6.778,63,3.5187,ja,JP,False,False,OMDb request failed: 401 Client Error: Unauthorized for url: https://www.omdbapi.com/?i=tt23951384&plot=short&apikey=f87d98bd,0.0,1,2024,8,3,0,0.0,2.485967,2.485967,4.1588830833596715,1.5082243418568044,3,1,0,0,1,0,0,0,2.544566113782471,0
739547,tt10442352,Thelma the Unicorn,Thelma the Unicorn,"Thelma dreams of being a glamorous unicorn. Then in a rare pink and glitter-filled moment of fate, Thelma's wish comes true. She rises to instant international stardom, but at an unexpected cost. After a while, Thelma realizes that she was happier as her ordinary, sparkle-free self. So she ditches her horn, scrubs off her sparkles, and returns home, where her best friend is waiting for her with a hug.",2024-05-17,Released,"Animation, Family, Fantasy","based on novel or book, musical, pony, unicorn, stardom","Lynn Wang, Jared Hess","Brittany Howard, Will Forte, Jemaine Clement, Edi Patterson, Maliaka Mitchell",0,0,93,6.91,194,3.484,en,US,False,False,OMDb request failed: 401 Client Error: Unauthorized for url: https://www.omdbapi.com/?i=tt10442352&plot=short&apikey=f87d98bd,0.0,1,2024,5,2,0,0.0,0.0,0.0,5.272999558563747,1.5005155052099135,3,1,0,1,0,1,0,0,2.743527259566049,0
1146972,tt14759062,Mobile Suit Gundam SEED FREEDOM,機動戦士ガンダムSEED FREEDOM,"In C.E.75, the fighting still continues. There are independence movements, and aggression by Blue Cosmos... In order to calm the situation, a global peace monitoring agency called COMPASS is established, with Lacus as its first president. As members of COMPASS, Kira and his comrades intervene into various regional battles. Then a newly established nation called Foundation proposes a joint operation against a Blue Cosmos stronghold.",2024-01-26,Released,"Action, Animation, Drama, Science Fiction","mind control, sequel, love, mecha, free will, eugenics, genetic engineering, anime, real robot, based on tv series",Mitsuo Fukuda,"Soichiro Hoshi, Rie Tanaka, Akira Ishida, Nanako Mori, Kenichi Suzumura",0,36038764,125,6.9,79,3.4759,ja,JP,False,False,OMDb request failed: 401 Client Error: Unauthorized for url: https://www.omdbapi.com/?i=tt14759062&plot=short&apikey=f87d98bd,0.0,1,2024,1,1,0,0.0,36.038764,36.038764,4.382026634673881,1.4987074488238779,4,1,0,0,1,0,0,1,2.607110112524664,0
1155089,tt29195117,Justice League: Crisis on Infinite Earths Part One,Justice League: Crisis on Infinite Earths Part One,"Death is coming. Worse than death: oblivion. Not just for our Earth, but for everyone, everywhere, in every universe! Against this ultimate destruction, the mysterious Monitor has gathered the greatest team of Super Heroes ever assembled. But what can the combined might of Superman, Wonder Woman, Batman, The Flash, Green Lantern and hundreds of Super Heroes from multiple Earths even do to save all of reality from an unstoppable antimatter armageddon?!",2024-01-08,Released,"Action, Animation, Science Fiction","superhero, villain, end of the world, based on graphic novel, superhero team, parallel universe, admiring, bewildered, excited, tomorrowverse (dc)",Jeff Wamester,"Matt Bomer, Jensen Ackles, Darren Criss, Meg Donnelly, Stana Katic",0,0,93,7.258,401,3.4244,en,US,False,False,OMDb request failed: 401 Client Error: Unauthorized for url: https://www.omdbapi.com/?i=tt29195117&plot=short&apikey=f87d98bd,0.0,1,2024,1,1,0,0.0,0.0,0.0,5.996452088619021,1.487134676045962,3,1,0,0,0,0,0,1,2.9370380146997475,1
756397,tt13176330,Hitpig!,Hitpig!,"A porcine bounty hunter accepts his next hit: Pickles, a naive, ebullient elephant. Though he initially sets out to capture the perky pachyderm, the unlikely pair find themselves crisscrossing the globe on an adventure that brings out the best in both of them.",2024-11-01,Released,"Adventure, Animation, Comedy, Family","friendship, bounty hunter, hitman, animal species, futuristic, admiring, animal rights activist","David Feiss, Cinzia Angelini","Jason Sudeikis, Lilly Singh, Rainn Wilson, Anitta, Hannah Gadsby",45000000,2345398,85,6.647,51,3.3913,en,CA,False,False,OMDb request failed: 401 Client Error: Unauthorized for url: https://www.omdbapi.com/?i=tt13176330&plot=short&apikey=f87d98bd,0.0521199555555555,1,2024,11,4,1,45.0,2.345398,-42.654602,3.9512437185814275,1.4796253108126098,4,1,1,1,0,0,1,0,2.4998343344091056,0
989730,tt32574149,Mononoke the Movie: The Phantom in the Rain,劇場版モノノ怪 唐傘,"In the chambers of the Edo harem, two newcomers uncover political intrigue, rivalry and a vengeful spirit only one traveling medicine seller can vanquish.",2024-07-26,Released,"Animation, Fantasy, Mystery","magic, based on manga, demon, seinen, japanese mythology, anime, based on anime, animated horror, supernatural horror, based on tv series",Kenji Nakamura,"Hiroshi Kamiya, Tomoyo Kurosawa, Aoi Yuuki, Kana Hanazawa, Mami Koyama",0,0,90,7.1,71,3.2888,ja,JP,False,False,OMDb request failed: 401 Client Error: Unauthorized for url: https://www.omdbapi.com/?i=tt32574149&plot=short&apikey=f87d98bd,0.0,1,2024,7,3,1,0.0,0.0,0.0,4.276666119016055,1.456006973531191,3,1,0,0,0,1,0,0,2.6349009638820866,0
831815,tt23063732,Saving Bikini Bottom: The Sandy Cheeks Movie,Saving Bikini Bottom: The Sandy Cheeks Movie,"When Bikini Bottom is scooped from the ocean, scientific squirrel Sandy Cheeks and her pal SpongeBob SquarePants saddle up for Texas to save their town.",2024-10-01,Released,"Adventure, Animation, Comedy, Family","squirrel, texas, road trip, save the day, based on tv series, demeaning",Liza Johnson,"Carolyn Lawrence, Tom Kenny, Clancy Brown, Bill Fagerbakke, Mr. Lawrence",100000000,0,87,6.12,167,3.1652,en,US,False,False,OMDb request failed: 401 Client Error: Unauthorized for url: https://www.omdbapi.com/?i=tt23063732&plot=short&apikey=f87d98bd,0.0,1,2024,10,4,0,100.0,0.0,-100.0,5.123963979403259,1.4267642936736038,4,1,1,1,0,0,1,0,2.5126092409615293,0
1354627,tt33404610,SpongeBob Squarepants: Kreepaway Kamp,SpongeBob Squarepants: Kreepaway Kamp,"While at Kamp Koral for a reunion, SpongeBob and the gang are stalked by a mysterious figure lurking in the shadows as campers start disappearing one by one!",2024-10-10,Released,"Animation, Comedy, Family, Horror, TV Movie",,"Dave Cunningham, Fred Osmond, Kurt Snyder, Sherm Cohen, Ian Vasquez","Tom Kenny, Bill Fagerbakke, Rodger Bumpass, Clancy Brown, Carolyn Lawrence",0,0,46,7.0,102,3.068,en,US,False,False,OMDb request failed: 401 Client Error: Unauthorized for url: https://www.omdbapi.com/?i=tt33404610&plot=short&apikey=f87d98bd,0.0,1,2024,10,4,0,0.0,0.0,0.0,4.634728988229636,1.4031514781863135,5,1,0,1,0,0,1,0,2.6556820699623924,0
1139829,tt28066777,Orion and the Dark,Orion and the Dark,"A boy with an active imagination faces his fears on an unforgettable journey through the night with his new friend: a giant, smiling creature named Dark.",2024-02-01,Released,"Adventure, Animation, Comedy, Family, Fantasy","underdog, cat, fear, based on children's book, fear of the dark, horror for children, magical creature, overcoming fears, imaginative, fears",Sean Charmatz,"Jacob Tremblay, Paul Walter Hauser, Angela Bassett, Colin Hanks, Natasia Demetriou",0,0,90,6.524,638,3.0307,en,US,False,False,OMDb request failed: 401 Client Error: Unauthorized for url: https://www.omdbapi.com/?i=tt28066777&plot=short&apikey=f87d98bd,0.0,1,2024,2,1,0,0.0,0.0,0.0,6.459904454377535,1.3939400581454389,5,1,1,1,0,1,1,0,2.809076676878446,1
1230393,tt30475122,Monsters 103 Mercies Dragon Damnation,MONSTERS 一百三情飛龍侍極,A samurai's path leads him to a young waitress whose hometown was destroyed by a dragon. He doesn't want any trouble — but it finds them anyway.,2024-01-21,Released,"Action, Adventure, Animation, Fantasy","samurai, dragon, based on manga, anime, original net animation (ona), admiring",Sunghoo Park,"Yoshimasa Hosoya, Kana Hanazawa, Hiroki Touchi, Mitsuaki Madono, Katsuhito Nomura",0,0,26,7.176,136,3.0261,ja,JP,False,False,OMDb request failed: 401 Client Error: Unauthorized for url: https://www.omdbapi.com/?i=tt30475122&plot=short&apikey=f87d98bd,0.0,1,2024,1,1,0,0.0,0.0,0.0,4.919980925828125,1.3927981654585568,4,1,1,0,0,1,0,1,2.7409168636930024,0
1209290,tt30150917,Justice League: Crisis on Infinite Earths Part Three,Justice League: Crisis on Infinite Earths Part Three,"Now fully revealed as the ultimate threat to existence, the Anti-Monitor wages an unrelenting attack on the surviving Earths that struggle for survival in a pocket universe. One by one, these worlds and all their inhabitants are vaporized! On the planets that remain, even time itself is shattered, and heroes from the past join the Justice League and their rag-tag allies against the epitome of evil. But as they make their last stand, will the sacrifice of the superheroes be enough to save us all?",2024-07-15,Released,"Action, Animation, Science Fiction","superhero, end of the world, based on graphic novel, superhero team, parallel universe, inspirational, excited, hopeful, tomorrowverse (dc)",Jeff Wamester,"Jensen Ackles, Darren Criss, Corey Stoll, Gideon Adlon, Ike Amadi",0,0,99,7.182,324,2.8183,en,US,False,False,OMDb request failed: 401 Client Error: Unauthorized for url: https://www.omdbapi.com/?i=tt30150917&plot=short&apikey=f87d98bd,0.0,1,2024,7,3,1,0.0,0.0,0.0,5.783825182329737,1.339805297386935,3,1,0,0,0,0,0,1,2.8640445719575007,1
1209288,tt30150907,Justice League: Crisis on Infinite Earths Part Two,Justice League: Crisis on Infinite Earths Part Two,"An endless army of shadow demons bent on the destruction of all reality swarms over our world and all parallel Earths! The only thing opposing them is the mightiest team of metahumans ever assembled. But not even the combined power of Superman, Batman, Wonder Woman, Green Lantern and all their fellow superheroes can slow down the onslaught of this invincible horde. What mysterious force is driving them? And how do the long-buried secrets of the Monitor and Supergirl threaten to crush our last defense?",2024-04-22,Released,"Action, Animation, Science Fiction","superhero, end of the world, based on graphic novel, superhero team, parallel universe, hilarious, excited, tomorrowverse (dc)",Jeff Wamester,"Jensen Ackles, Darren Criss, Meg Donnelly, Stana Katic, Jonathan Adams",0,0,94,6.706,282,2.6661,en,US,False,False,OMDb request failed: 401 Client Error: Unauthorized for url: https://www.omdbapi.com/?i=tt30150907&plot=short&apikey=f87d98bd,0.0,1,2024,4,2,0,0.0,0.0,0.0,5.645446897643238,1.2991284267323362,3,1,0,0,0,0,0,1,2.7181862986563363,0
567811,tt7959138,10 Lives,10 Lives,"A pampered cat takes for granted the lucky hand he has been dealt after he is rescued and loved by Rose, a kind-hearted and passionate student. When he loses his ninth life, fate steps in to set him on a transformative journey.",2024-04-18,Released,"Animation, Comedy, Family, Fantasy","cat, animals, talking animal",Christopher Jenkins,"Mo Gilligan, Simone Ashley, Sophie Okonedo, Zayn Malik, Dylan Llewellyn",0,16219846,87,7.618,216,2.6181,en,CA,False,False,OMDb request failed: 401 Client Error: Unauthorized for url: https://www.omdbapi.com/?i=tt7959138&plot=short&apikey=f87d98bd,0.0,1,2024,4,2,0,0.0,16.219846,16.219846,5.37989735354046,1.2859490261710156,4,1,0,1,0,1,1,0,2.9043769569567215,1
645757,tt14855468,That Christmas,That Christmas,It's an unforgettable Christmas for the townsfolk of Wellington-on-Sea when the worst snowstorm in history alters everyone's plans — including Santa's.,2024-11-27,Released,"Adventure, Animation, Comedy, Family, Fantasy","holiday, santa claus, affectation, stage play, christmas, adoring",Simon Otto,"Brian Cox, Bill Nighy, Fiona Shaw, Jack Wisniewski, Jodie Whittaker",0,0,91,7.15,432,2.523,en,GB,False,False,OMDb request failed: 401 Client Error: Unauthorized for url: https://www.omdbapi.com/?i=tt14855468&plot=short&apikey=f87d98bd,0.0,1,2024,11,4,1,0.0,0.0,0.0,6.07073772800249,1.2593128993591005,5,1,1,1,0,1,1,0,2.887007594104239,1
1231574,tt31788773,My Oni Girl,好きでも嫌いなあまのじゃく,A shy teenage boy's inability to say no is tested when a headstrong girl drags him on a mystical journey amid summer snow to find her missing mom.,2024-05-24,Released,"Adventure, Animation, Family, Fantasy","supernatural, mythology, coming of age, anime, oni",Tomotaka Shibayama,"Kensho Ono, Miyu Tomita, Shintaro Asanuma, Aya Yamane, Tomoko Shiota",0,0,112,7.2,85,2.4268,ja,JP,False,False,OMDb request failed: 401 Client Error: Unauthorized for url: https://www.omdbapi.com/?i=tt31788773&plot=short&apikey=f87d98bd,0.0,1,2024,5,2,0,0.0,0.0,0.0,4.454347296253507,1.2316268811077518,4,1,1,1,0,1,0,0,2.6528961266041886,0
974663,tt27722575,200% Wolf,200% Wolf,"When Freddy Lupin's wayward wish transforms him into a werewolf and deposits a mischievous moon sprite on Earth, Freddy must restore the cosmic order before the earth and moon collide.",2024-07-04,Released,"Action, Adventure, Animation, Comedy, Family, Fantasy","werewolf, based on children's book, dog",Alexs Stadermann,"Samara Weaving, Jennifer Saunders, Ilai Swindells, Akmal Saleh, Peter McCallum",0,4543,98,6.537,54,2.3956,en,AU,False,False,OMDb request failed: 401 Client Error: Unauthorized for url: https://www.omdbapi.com/?i=tt27722575&plot=short&apikey=f87d98bd,0.0,1,2024,7,3,1,0.0,0.004543,0.004543,4.007333185232471,1.2224804758816756,6,1,1,1,0,1,1,1,2.4187220491671217,0
1299652,tt32627545,Watchmen: Chapter II,Watchmen: Chapter II,"Suspicious of the events ensnaring their former colleagues, Nite Owl and Silk Spectre are spurred out of retirement to investigate. As they grapple with personal ethics, inner demons and a society turned against them, they race the clock to uncover a deepening plot that might trigger global nuclear war.",2024-11-25,Released,"Animation, Drama, Mystery, Science Fiction","nuclear war, secret identity, retirement, based on comic, conspiracy, alternate history, masked vigilante, doomsday clock, 1980s",Brandon Vietti,"Troy Baker, Adrienne Barbeau, Michael Cerveris, Zehra Fazal, Phil Fondacaro",0,0,89,7.3,170,2.369,en,US,False,False,OMDb request failed: 401 Client Error: Unauthorized for url: https://www.omdbapi.com/?i=tt32627545&plot=short&apikey=f87d98bd,0.0,1,2024,11,4,1,0.0,0.0,0.0,5.14166355650266,1.2146159644244159,4,1,0,0,1,0,0,0,2.7784419281390615,1
1359227,tt33653255,LEGO Marvel Avengers: Mission Demolition,LEGO Marvel Avengers: Mission Demolition,"A young, aspiring hero and superhero fan inadvertently unleashes a powerful new villain looking to rid the world of the Avengers.",2024-10-17,Released,"Animation, Comedy, Science Fiction","superhero, lego",Ken Cunningham,"Will Friedle, Kevin Smith, John Stamos, Roger Craig Smith, Ogie Banks",0,0,44,6.476,126,2.0787,en,US,False,False,OMDb request failed: 401 Client Error: Unauthorized for url: https://www.omdbapi.com/?i=tt33653255&plot=short&apikey=f87d98bd,0.0,1,2024,10,4,0,0.0,0.0,0.0,4.844187086458591,1.1245074299634468,3,1,0,0,0,0,1,0,2.5143041774633055,0
1284004,tt32268303,May the 12th Be with You,May the 12th Be with You,"It's Mother's Day and Marge Simpson joins the moms of Disney+ on a special holiday outing that turns into an epic galactic adventure filled with heroes, villains, and Stewie from Family Guy.",2024-05-09,Released,"Adventure, Animation, Comedy, Science Fiction","mother's day, short film, ambiguous",David Silverman,"Julie Kavner, Dan Castellaneta, Chris Edgerly, Tress MacNeille, Carolyn Omine",0,0,5,5.282,62,1.928,en,US,False,False,OMDb request failed: 401 Client Error: Unauthorized for url: https://www.omdbapi.com/?i=tt32268303&plot=short&apikey=f87d98bd,0.0,1,2024,5,2,0,0.0,0.0,0.0,4.143134726391533,1.074319596099065,4,1,1,0,0,0,1,0,2.1031181483735897,0
1167027,tt19811010,The Remarkable Life of Ibelin,Ibelin,The secret life of a young World of Warcraft gamer is vividly reimagined when his online friends contact his family after his death.,2024-03-08,Released,"Animation, Documentary","gamer, world of warcraft, testify, human interest, pc gaming, heartfelt, intimate, testimony, pc games, dignified",Benjamin Ree,"Mats Steen, Robert Steen, Trude Steen, Mia Steen, Lisette Roovers",0,0,103,8.047,138,1.9174,no,NO,False,False,OMDb request failed: 401 Client Error: Unauthorized for url: https://www.omdbapi.com/?i=tt19811010&plot=short&apikey=f87d98bd,0.0,1,2024,3,1,0,0.0,0.0,0.0,4.9344739331306915,1.0706928086699758,2,1,0,0,0,0,0,0,2.9125250112701,1
1236419,tt31064841,Piece by Piece,Piece by Piece,"A unique cinematic experience that invites audiences on a vibrant journey through the life of cultural icon Pharrell Williams. Told through the lens of LEGO® animation, turn up the volume on your imagination and witness the evolution of one of music's most innovative minds.",2024-10-10,Released,"Animation, Comedy, Documentary, Music","musical, biography, coming of age, live action and animation, lego, psychotropic drugs, music documentary, experimental documentary, animated documentary",Morgan Neville,"Pharrell Williams, Chad Hugo, Gwen Stefani, Kendrick Lamar, Timbaland",16000000,10591426,94,7.276,145,1.8201,en,US,False,False,OMDb request failed: 401 Client Error: Unauthorized for url: https://www.omdbapi.com/?i=tt31064841&plot=short&apikey=f87d98bd,0.661964125,1,2024,10,4,0,16.0,10.591426,-5.408574,4.983606621708336,1.036772345314204,4,1,0,0,0,0,1,0,3.0199407013033808,1
1155058,tt32627540,Watchmen: Chapter I,Watchmen: Chapter I,"In 1985, the murder of a government-sponsored superhero draws his outlawed colleagues out of retirement and into a mystery that threatens to upend their personal lives and the world itself.",2024-08-12,Released,"Animation, Drama, Science Fiction","nuclear war, secret identity, retirement, conspiracy, alternate history, based on graphic novel, masked vigilante, doomsday clock, 1980s",Brandon Vietti,"Troy Baker, Adrienne Barbeau, Corey Burton, Michael Cerveris, Jeffrey Combs",0,0,84,7.4,226,1.7223,en,US,False,False,OMDb request failed: 401 Client Error: Unauthorized for url: https://www.omdbapi.com/?i=tt32627540&plot=short&apikey=f87d98bd,0.0,1,2024,8,3,0,0.0,0.0,0.0,5.424950017481403,1.001477111234878,3,1,0,0,1,0,0,0,2.8139640693074424,1
1355755,tt33395815,An Almost Christmas Story,An Almost Christmas Story,"A young owl meets a lost little girl in New York City. Together, they try to get home for Christmas.",2024-10-14,Released,"Adventure, Animation, Family, Fantasy","new york city, christmas tree, little girl lost, christmas, short film, owl, cgi effects, trying to get home, rockefeller center, christmas in new york city",David Lowery,"Cary Christopher, Estella Madrigal, Jim Gaffigan, Mamoudou Athie, Alex Ross Perry",0,0,24,7.016,93,1.66,en,GB,False,False,OMDb request failed: 401 Client Error: Unauthorized for url: https://www.omdbapi.com/?i=tt33395815&plot=short&apikey=f87d98bd,0.0,1,2024,10,4,0,0.0,0.0,0.0,4.543294782270004,0.9783261227936076,4,1,1,1,0,1,0,0,2.5822431357595415,0
676685,tt13616980,Panda Bear in Africa,Pandabeer in Afrika,"A young adventurous panda travels from China to Africa to rescue his best friend, Jielong the Dragon, who has been kidnapped. On his journey, he discovers a strange amazing new world of mountains, deserts and jungles.",2024-03-15,Released,"Adventure, Animation, Comedy, Family",,"Karsten Kiilerich, Richard Claus","Yootha Wong-Loi-Sing, Maurits Delchot, Georgina Verbaan, Namisa Mdalose, Silas Lekgoathi",10000000,5514627,94,7.1,79,1.4899,nl,DK,False,False,OMDb request failed: 401 Client Error: Unauthorized for url: https://www.omdbapi.com/?i=tt13616980&plot=short&apikey=f87d98bd,0.5514627,1,2024,3,1,0,10.0,5.514627,-4.485373,4.382026634673881,0.9122425490275857,4,1,1,1,0,0,1,0,2.81729859255522,1
1399914,tt34791030,The Simpsons: O C'mon All Ye Faithful,The Simpsons: O C'mon All Ye Faithful,The residents of Springfield search for Christmas cheer.,2024-12-16,Released,"Animation, Comedy","family, hypnotism, skepticism, adult animation, christmas spirit, christmas, christian faith, miracles, santa, holiday miracles","Debbie Bruce Mahan, Matthew Faughnan","Dan Castellaneta, Julie Kavner, Nancy Cartwright, Yeardley Smith, Hank Azaria",0,0,45,6.948,96,1.4763,en,US,False,False,OMDb request failed: 401 Client Error: Unauthorized for url: https://www.omdbapi.com/?i=tt34791030&plot=short&apikey=f87d98bd,0.0,1,2024,12,4,1,0.0,0.0,0.0,4.574710978503383,0.9067655106490835,2,1,0,0,0,0,1,0,2.5592214733728698,0
1128606,tt30841644,"Snoopy Presents: Welcome Home, Franklin","Snoopy Presents: Welcome Home, Franklin","Franklin is new to town and hoping to make friends, but his usual tactics don't work on the Peanuts gang. When the Soap Box Derby arrives, he's sure it's a chance to impress new pals and teams up with the only other unpartnered kid: Charlie Brown.",2024-02-15,Released,"Animation, Comedy, Family","friendship, short film",Raymond S. Persi,"Caleb Bellavance, Etienne Kellici, Isabella Leo, Wyatt White, Lexi Perri",0,0,40,7.577,65,1.4595,en,CA,False,False,OMDb request failed: 401 Client Error: Unauthorized for url: https://www.omdbapi.com/?i=tt30841644&plot=short&apikey=f87d98bd,0.0,1,2024,2,1,0,0.0,0.0,0.0,4.189654742026425,0.8999580772532575,3,1,0,1,0,0,1,0,2.6576919228919524,0
840889,tt14852624,Stopmotion,Stopmotion,"Ella Blake, a stop-motion animator struggling to control her demons after the loss of her overbearing mother, embarks upon the creation of a film that becomes the battleground for her sanity. As Ella’s mind starts to fracture, the characters in her project take on a life of their own.",2024-02-22,Released,"Animation, Horror","stop motion, adult animation, live action and animation",Robert Morgan,"Aisling Franciosi, Stella Gonet, Tom York, Therica Wilson-Read, Bridgitta Roy",0,778500,94,6.175,217,1.3941,en,GB,False,False,OMDb request failed: 401 Client Error: Unauthorized for url: https://www.omdbapi.com/?i=tt14852624&plot=short&apikey=f87d98bd,0.0,1,2024,2,1,0,0.0,0.7785,0.7785,5.384495062789089,0.8730073773577962,2,1,0,0,0,0,0,0,2.482375366022033,0
842859,tt10462154,The Most Precious of Cargoes,La Plus Précieuse des marchandises,"Once upon a time, a poor woodcutter and his wife lived in a great forest. Cold, hunger, poverty, and a war raging all around them meant their lives were very hard.  One day, the woodcutter's wife rescues a baby. A baby girl thrown from one of the many trains that constantly pass through the forest. This baby, this ""most precious of cargoes"", will transform the lives of the poor woodcutter's wife and her husband, as well as those whose paths the child will cross—including the man who threw her from the train. And some will try to protect her, whatever the cost. Their story will reveal the worst and the best in the hearts of men.",2024-11-20,Released,"Animation, Drama, History","based on novel or book, holocaust (shoah), world war ii, family relationships, adult animation, historical drama, 1940s, abandoned baby",Michel Hazanavicius,"Dominique Blanc, Grégory Gadebois, Denis Podalydès, Jean-Louis Trintignant, Serge Hazanavicius",0,4331717,81,7.7,188,1.3794,fr,FR,False,False,OMDb request failed: 401 Client Error: Unauthorized for url: https://www.omdbapi.com/?i=tt10462154&plot=short&apikey=f87d98bd,0.0,1,2024,11,4,1,0.0,4.331717,4.331717,5.241747015059643,0.8668483550602886,3,1,0,0,1,0,0,0,2.8412893055179897,1
1290938,tt32375562,South Park: The End of Obesity,South Park: The End of Obesity,"The advent of new weight loss drugs has a huge impact on everyone in South Park. When Cartman is denied access to the life-changing medicine, the kids jump into action.",2024-05-24,Released,"Animation, Comedy, TV Movie","obesity, group of friends, adult animation, weight loss",Trey Parker,"Trey Parker, Matt Stone, April Stewart, Mona Marshall, Kimberly Brooks",0,0,51,7.402,254,1.285,en,US,False,False,OMDb request failed: 401 Client Error: Unauthorized for url: https://www.omdbapi.com/?i=tt32375562&plot=short&apikey=f87d98bd,0.0,1,2024,5,2,0,0.0,0.0,0.0,5.541263545158426,0.826366024346168,3,1,0,0,0,0,1,0,2.8056444354256893,1
1192209,tt8637446,Noah's Ark,Arca de Noé,"A pair of mice attempt to board Noah's Ark: Vini, a charismatic poet with terrible stage fright, and Tito, a talented and charming guitarist. When the rains come, only one male and one female of each species is allowed on Noah's Ark. With the help of an ingenious cockroach and fate's good luck, Vini and Tito sneak their way onto the Ark and together avert a showdown among the ships carnivores and plant eaters. All the while, the animals perform a series of classic songs inspired by world renowned poet, Vinicius de Moraes. Can these talented stowaways use music to break the tension and help these cooped up creatures survive the 40 days and 40 nights together?",2024-01-05,Released,"Animation, Comedy, Family, Fantasy, Music","lgbt, noah's ark","Sérgio Machado, Alois Di Leo","Rodrigo Santoro, Marcelo Adnet, Alice Braga, Lázaro Ramos, Júlio Andrade",0,2162345,96,7.0,115,1.1888,pt,BR,False,False,OMDb request failed: 401 Client Error: Unauthorized for url: https://www.omdbapi.com/?i=tt8637446&plot=short&apikey=f87d98bd,0.0,1,2024,1,1,0,0.0,2.162345,2.162345,4.7535901911063645,0.7833534484460943,5,1,0,1,0,1,1,0,2.580541545932869,0
1207830,tt29258548,Gracie & Pedro: Pets to the Rescue,Gracie & Pedro: Pets to the Rescue,"Family frenemies, Gracie and Pedro, must put their differences aside, embarking on a thrilling quest packed with perilous escapades in order to reunite with their owners.",2024-05-01,Released,"Adventure, Animation, Comedy, Family","cat, dog, lost pet, viral video, talking animal",Kevin Donovan,"Claire Alan, Cory Doran, Susan Sarandon, Brooke Shields, Alicia Silverstone",0,664443,89,6.898,98,1.1693,en,CA,False,False,OMDb request failed: 401 Client Error: Unauthorized for url: https://www.omdbapi.com/?i=tt29258548&plot=short&apikey=f87d98bd,0.0,1,2024,5,2,0,0.0,0.664443,0.664443,4.59511985013459,0.7744045348668788,4,1,1,1,0,0,1,0,2.5299286577502205,0
1221396,tt30818907,Self,Self,"A wooden puppet who desperately wants to fit in makes an ill-fated wish upon a star, sparking a journey of self-discovery.",2024-02-01,Released,"Animation, Family, Fantasy","short film, pixar sparkshorts",Searit Huluf,Searit Huluf,0,0,7,6.088,51,0.9345,en,US,False,False,OMDb request failed: 401 Client Error: Unauthorized for url: https://www.omdbapi.com/?i=tt30818907&plot=short&apikey=f87d98bd,0.0,1,2024,2,1,0,0.0,0.0,0.0,3.9512437185814275,0.6598488951584306,3,1,0,1,0,1,0,0,2.213663892060979,0
1234397,tt28244549,Grand Theft Hamlet,Grand Theft Hamlet,"Two unemployed friends have a fresh idea: they want to stage Shakespeare's 'Hamlet' in Grand Theft Auto. But even in a virtual world, reality intrudes in a wild and trippy film shot entirely inside the ultra-violent video game.",2024-12-06,Released,"Animation, Documentary","father murder, grand theft auto, machinima, hamlet, gta","Pinny Grylls, Sam Crane","Sam Crane, Pinny Grylls, Jen Cohn, Tilly Steele, Dipo Ola",200000,211734,91,6.567,60,0.5126,en,GB,False,False,OMDb request failed: 401 Client Error: Unauthorized for url: https://www.omdbapi.com/?i=tt28244549&plot=short&apikey=f87d98bd,1.05867,1,2024,12,4,1,0.2,0.211734,0.011734,4.110873864173311,0.41383002443979205,2,1,0,0,0,0,0,0,2.796857083291966,1
1311031,tt32820897,Demon Slayer: Kimetsu no Yaiba Infinity Castle,劇場版「鬼滅の刃」無限城編 第一章 猗窩座再来,"The Demon Slayer Corps are drawn into the Infinity Castle, where Tanjiro, Nezuko, and the Hashira face terrifying Upper Rank demons in a desperate fight as the final battle against Muzan Kibutsuji begins.",2025-07-18,Released,"Action, Animation, Fantasy","supernatural, sequel, based on manga, demon, shounen, anime, brother sister relationship, taisho period",Haruo Sotozaki,"Natsuki Hanae, Takahiro Sakurai, Akira Ishida, Hiro Shimono, Yoshimasa Hosoya",20000000,733030221,156,7.712,831,93.706,ja,JP,False,False,OMDb request failed: 401 Client Error: Unauthorized for url: https://www.omdbapi.com/?i=tt32820897&plot=short&apikey=f87d98bd,36.65151105,1,2025,7,3,1,20.0,733.030221,713.030221,6.723832440821209,4.550777356157546,3,1,0,0,0,1,0,1,20.112371442046815,1
1084242,tt26443597,Zootopia 2,Zootopia 2,"After cracking the biggest case in Zootopia's history, rookie cops Judy Hopps and Nick Wilde find themselves on the twisting trail of a great mystery when Gary De'Snake arrives and turns the animal metropolis upside down. To crack the case, Judy and Nick must go undercover to unexpected new parts of town, where their growing partnership is tested like never before.",2025-11-26,Released,"Adventure, Animation, Comedy, Family, Mystery","snake, bunny, fox, cop, sequel, anthropomorphism, animals, displacement, buddy cop, buddy comedy","Jared Bush, Byron Howard","Ginnifer Goodwin, Jason Bateman, Ke Huy Quan, Fortune Feimster, Andy Samberg",150000000,1868208796,108,7.639,2772,89.6629,en,US,False,False,OMDb request failed: 401 Client Error: Unauthorized for url: https://www.omdbapi.com/?i=tt26443597&plot=short&apikey=f87d98bd,12.454725306666669,1,2025,11,4,1,150.0,1868.208796,1718.208796,7.927685045615778,4.50714823264726,5,1,1,1,0,0,1,0,9.379601379739457,1
803796,tt14205554,KPop Demon Hunters,KPop Demon Hunters,"When K-pop superstars Rumi, Mira and Zoey aren't selling out stadiums, they're using their secret powers to protect their fans from supernatural threats.",2025-06-20,Released,"Animation, Comedy, Fantasy, Music","double life, loyalty, supernatural, affectation, musical, female friendship, female protagonist, demon, self-doubt, sing-along","Maggie Kang, Chris Appelhans","Arden Cho, May Hong, Ji-young Yoo, Ahn Hyo-seop, Yunjin Kim",100000000,24619953,96,8.027,2767,39.5448,en,US,False,False,OMDb request failed: 401 Client Error: Unauthorized for url: https://www.omdbapi.com/?i=tt14205554&plot=short&apikey=f87d98bd,0.24619953,1,2025,6,2,1,100.0,24.619953,-75.380047,7.92588031673756,3.702407535593628,4,1,0,0,0,1,1,0,3.8617829663496783,1
1539104,tt38121182,JUJUTSU KAISEN: Execution,劇場版 呪術廻戦「渋谷事変 特別編集版」×「死滅回游 先行上映」,"A veil abruptly descends over the busy Shibuya area amid the bustling Halloween crowds, trapping countless civilians inside. Satoru Gojo, the strongest jujutsu sorcerer, steps into the chaos. But lying in wait are curse users and spirits scheming to seal him away. Yuji Itadori, accompanied by his classmates and other top-tier jujutsu sorcerers, enters the fray in an unprecedented clash of curses — the Shibuya Incident. In the aftermath, ten colonies across Japan are transformed into dens of curses in a plan orchestrated by Noritoshi Kamo. As the deadly Culling Game starts, Special Grade sorcerer Yuta Okkotsu is assigned to carry out Yuji's execution for his perceived crimes. A compilation movie of Shibuya Incident including the first two episodes of the Culling Games arc.",2025-11-07,Released,"Action, Animation, Fantasy","compilation, based on manga, edited from tv series, shounen, anime, distressing",Shota Goshozono,"Junya Enoki, Megumi Ogata, Koji Yusa, Daisuke Namikawa, Yuma Uchida",0,44457030,88,5.975,99,29.8824,ja,JP,False,False,OMDb request failed: 401 Client Error: Unauthorized for url: https://www.omdbapi.com/?i=tt38121182&plot=short&apikey=f87d98bd,0.0,1,2025,11,4,1,0.0,44.45703,44.45703,4.605170185988092,3.4301864423437705,3,1,0,0,0,1,0,1,2.699053494249779,0
980477,tt34956443,Ne Zha 2,哪吒之魔童闹海,"After a catastrophic event leaves their bodies destroyed, Ne Zha and Ao Bing are granted a fragile second chance at life. As tensions rise between the dragon clans and celestial forces, the two must undergo a series of perilous trials that will test their bond, challenge their identities, and decide the fate of both mortals and immortals.",2025-01-29,Released,"Action, Adventure, Animation, Fantasy","fight, magic, dark fantasy, based on myths, legends or folklore, 3d animation, nezha, chinese mythology, donghua",Jiao Zi,"Lu Yanting, Joseph, Han Mo, Chen Hao, Lu Qi",80000000,2259822417,144,8.145,678,27.8013,zh,CN,False,False,OMDb request failed: 401 Client Error: Unauthorized for url: https://www.omdbapi.com/?i=tt34956443&plot=short&apikey=f87d98bd,28.2477802125,1,2025,1,1,0,80.0,2259.822417,2179.822417,6.520621127558696,3.36042052501206,4,1,1,0,0,1,0,1,16.22990734351061,1
1218925,tt30472557,Chainsaw Man - The Movie: Reze Arc,劇場版 チェンソーマン レゼ篇,"In a brutal war between devils, hunters, and secret enemies, a mysterious girl named Reze has stepped into Denji's world, and he faces his deadliest battle yet, fueled by love in a world where survival knows no rules.",2025-09-19,Released,"Action, Animation, Fantasy, Romance","manipulation, melancholy, gore, sequel, tragedy, loneliness, chainsaw, star crossed lovers, tragic romance, mysterious",Tatsuya Yoshihara,"Kikunosuke Toya, Tomori Kusunoki, Reina Ueda, Shogo Sakata, Karin Takahashi",4100000,174502910,100,8.354,857,27.4664,ja,JP,False,False,OMDb request failed: 401 Client Error: Unauthorized for url: https://www.omdbapi.com/?i=tt30472557&plot=short&apikey=f87d98bd,42.561685365853656,1,2025,9,3,0,4.1,174.50291,170.40291,6.754604099487962,3.3487244444010384,4,1,0,0,0,1,0,1,22.756757696217495,1
991494,tt23572848,The SpongeBob Movie: Search for SquarePants,The SpongeBob Movie: Search for SquarePants,"Desperate to be a big guy, SpongeBob sets out to prove his bravery to Mr. Krabs by following The Flying Dutchman – a mysterious swashbuckling ghost pirate – on a seafaring adventure that takes him to the deepest depths of the deep sea, where no Sponge has gone before.",2025-12-16,Released,"Adventure, Animation, Comedy, Family, Fantasy","based on cartoon, pirate, based on tv series, casual, underworld, adoring, amused, cheerful, familiar",Derek Drymon,"Tom Kenny, Clancy Brown, Rodger Bumpass, Bill Fagerbakke, Carolyn Lawrence",64000000,163197450,88,6.8,287,22.2108,en,US,False,False,OMDb request failed: 401 Client Error: Unauthorized for url: https://www.omdbapi.com/?i=tt23572848&plot=short&apikey=f87d98bd,2.54996015625,1,2025,12,4,1,64.0,163.19745,99.19745,5.662960480135946,3.1446176875941076,5,1,1,1,0,1,1,0,4.168618795472008,1
1175942,tt30017619,The Bad Guys 2,The Bad Guys 2,"The now-reformed Bad Guys are trying (very, very hard) to be good, but instead find themselves hijacked into a high-stakes, globe-trotting heist, masterminded by a new team of criminals they never saw coming: The Bad Girls.",2025-07-24,Released,"Adventure, Animation, Comedy, Crime, Family","california, based on novel or book, snake, police, wolf, fight, spider, villain, sequel, heist",Pierre Perifel,"Sam Rockwell, Marc Maron, Awkwafina, Craig Robinson, Anthony Ramos",80000000,239676236,104,7.653,775,20.4647,en,US,False,False,OMDb request failed: 401 Client Error: Unauthorized for url: https://www.omdbapi.com/?i=tt30017619&plot=short&apikey=f87d98bd,2.99595295,1,2025,7,3,1,80.0,239.676236,159.676236,6.654152520183219,3.066409725338464,5,1,1,1,0,0,1,0,4.719513164328252,1
1167307,tt15678738,David,David,"From the songs of his mother’s heart to the whispers of a faithful God, David’s story begins in quiet devotion. When the giant Goliath rises to terrorize a nation, a young shepherd armed with only a sling, a few stones, and unshakable faith steps forward. Pursued by power and driven by purpose, his journey tests the limits of loyalty, love, and courage—culminating in a battle not just for a crown, but for the soul of a kingdom.",2025-12-14,Released,"Animation, Drama, Family, History","aggression, bible, musical, religion, prophet, giant man, david vs. goliath, old testament, ancient regime, primitive civilization","Phil Cunningham, Brent Dawes","Brandon Engman, Brian Stivale, Shahar Taboch, Aaron Tavaler, Hector",60900000,85865995,109,8.058,137,19.8448,en,US,False,False,OMDb request failed: 401 Client Error: Unauthorized for url: https://www.omdbapi.com/?i=tt15678738&plot=short&apikey=f87d98bd,1.40995065681445,1,2025,12,4,1,60.9,85.865995,24.965995,4.927253685157205,3.0371045166597224,4,1,0,1,1,0,0,0,3.8436315258390414,1
1022787,tt4900148,Elio,Elio,"Elio, a space fanatic with an active imagination, finds himself on a cosmic misadventure where he must form new bonds with eccentric alien lifeforms, navigate a crisis of intergalactic proportions and somehow discover who he is truly meant to be.",2025-06-18,Released,"Adventure, Animation, Comedy, Family, Science Fiction","villain, alien, coming of age, computer animation, eye patch, social outcast, aftercreditsstinger, beforecreditsstinger, space adventure, sattelite","Madeline Sharafian, Domee Shi, Adrian Molina","Yonas Kibreab, Remy Edgerly, Zoe Saldaña, Brad Garrett, Brandon Moon",150000000,154291182,98,6.905,971,12.1537,en,US,False,False,OMDb request failed: 401 Client Error: Unauthorized for url: https://www.omdbapi.com/?i=tt4900148&plot=short&apikey=f87d98bd,1.02860788,1,2025,6,2,1,150.0,154.291182,4.291182,6.879355804460439,2.576703087868283,5,1,1,1,0,0,1,0,3.6075323798493084,1
1406657,tt35114460,Scarlet,果てしなきスカーレット,"After failing to avenge her father's murder, Princess Scarlet, wakes up in the ""Land of the Dead."" In this world filled with madness, if she does not achieve her revenge against her nemesis and reach the ""No End Place,"" she will become ""Void"" and cease to exist. Can Scarlet find a way to live at the end of her endless journey?",2025-11-21,Released,"Action, Animation, Drama, Science Fiction","princess, time travel, revenge, anime",Mamoru Hosoda,"Mana Ashida, Masaki Okada, Yutaka Matsushige, Kotaro Yoshida, Koji Yakusho",0,1730000,112,7.308,91,11.631,ja,JP,False,False,OMDb request failed: 401 Client Error: Unauthorized for url: https://www.omdbapi.com/?i=tt35114460&plot=short&apikey=f87d98bd,0.0,1,2025,11,4,1,0.0,1.73,1.73,4.5217885770490405,2.536154109791838,4,1,0,0,1,0,0,1,2.8856914030261316,1
1144107,tt37284198,The Legend of Hei 2,罗小黑战记 2,"When an attack shatters the fragile peace between the spirit world and humanity, Hei teams up with Luye, the last disciple of his Shifu Wuxian, to expose a conspiracy that threatens both realms - and the bond they've sworn to protect.",2025-07-18,Released,"Action, Adventure, Animation, Fantasy","magic, cat, sequel, lyrical, donghua","Gu Jie, MTJJ","Shan Xin, Liu Mingyue, Zhu Jing, Luan Lisheng, Fu Chen Yang",0,67216848,119,8.5,54,11.5809,zh,CN,False,False,OMDb request failed: 401 Client Error: Unauthorized for url: https://www.omdbapi.com/?i=tt37284198&plot=short&apikey=f87d98bd,0.0,1,2025,7,3,1,0.0,67.216848,67.216848,4.007333185232471,2.532179790843644,4,1,1,0,0,1,0,1,3.105926946411417,1
936108,tt18069420,Smurfs,Smurfs,"When Papa Smurf is mysteriously taken by evil wizards, Razamel and Gargamel, Smurfette leads the Smurfs on a mission into the real world to save him. With the help of new friends, the Smurfs must discover what defines their destiny to save the universe.",2025-06-30,Released,"Animation, Family, Fantasy","musical, portal, based on comic, shocking, live action and animation, estranged brother, abduction, amused, mocking",Chris Miller,"Rihanna, James Corden, Nick Offerman, JP Karliak, Dan Levy",58000000,124157356,89,5.8,262,8.6159,en,US,False,False,OMDb request failed: 401 Client Error: Unauthorized for url: https://www.omdbapi.com/?i=tt18069420&plot=short&apikey=f87d98bd,2.1406440689655173,1,2025,6,2,1,58.0,124.157356,66.157356,5.572154032177765,2.263417978404336,3,1,0,1,0,1,0,0,3.588625632621798,1
1326106,tt35636950,Kaiju No. 8: Mission Recon,怪獣８号 第1期総集編／同時上映「保科の休日」,"In a Kaiju-filled Japan, Kafka Hibino works in monster disposal. After reuniting with his childhood friend Mina Ashiro, a rising star in the anti-Kaiju Defense Force, he decides to pursue his abandoned dream of joining the Force, when he suddenly transforms into the powerful ""Kaiju No. 8."" An action-packed recap of the first season of Kaiju No. 8 and a new original episode, Hoshina's Day Off.",2025-03-28,Released,"Action, Animation, Science Fiction","giant monster, compilation, based on manga, kaiju, edited from tv series, shounen, anime","Shigeyuki Miya, Tomomi Kamiya","Masaya Fukunishi, Wataru Katoh, Fairouz Ai, Tessyo Genda, Kengo Kawanishi",0,0,110,8.0,93,8.5201,ja,JP,False,False,OMDb request failed: 401 Client Error: Unauthorized for url: https://www.omdbapi.com/?i=tt35636950&plot=short&apikey=f87d98bd,0.0,1,2025,3,1,0,0.0,0.0,0.0,4.543294782270004,2.2534053529497857,3,1,0,0,0,0,0,1,3.0195050202829683,1
1376434,tt36463894,Predator: Killer of Killers,Predator: Killer of Killers,"While three of the fiercest warriors in human history—a Viking raider, a ninja in feudal Japan, and a WWII pilot—are killers in their own right, they are merely prey for their new opponent: the ultimate killer of killers.",2025-06-05,Released,"Action, Animation, Science Fiction, Thriller","florida, japan, predator, world war ii, harpoon, pilot, cryogenics, vikings (norsemen), death of father, anthology",Dan Trachtenberg,"Lindsay LaVanchy, Louis Ozawa, Rick Gonzalez, Michael Biehn, Doug Cockle",0,0,85,7.796,1174,8.2918,en,US,False,False,OMDb request failed: 401 Client Error: Unauthorized for url: https://www.omdbapi.com/?i=tt36463894&plot=short&apikey=f87d98bd,0.0,1,2025,6,2,1,0.0,0.0,0.0,7.069023426578259,2.229132290785001,4,1,0,0,0,0,0,1,3.343723357604489,1
1117857,tt27604215,In Your Dreams,In Your Dreams,Stevie and her little brother Elliot journey into the wildly absurd landscape of their own dreams to ask the Sandman to grant them the perfect family.,2025-11-07,Released,"Adventure, Animation, Comedy, Family, Fantasy","magic, wish, family, dream",Alexander Woo,"Jolie Hoang-Rappaport, Elias Janssen, Simu Liu, Craig Robinson, Cristin Milioti",0,0,87,7.0,215,8.268,en,US,False,False,OMDb request failed: 401 Client Error: Unauthorized for url: https://www.omdbapi.com/?i=tt27604215&plot=short&apikey=f87d98bd,0.0,1,2025,11,4,1,0.0,0.0,0.0,5.375278407684165,2.22656760657013,5,1,1,1,0,1,1,0,2.8902769021381443,1
1181107,tt7967302,The King of Kings,The King of Kings,"Charles Dickens tells his young son Walter the greatest story ever told, and what begins as a bedtime tale becomes a life-changing journey. Through vivid imagination, the boy walks alongside Jesus, witnessing His miracles, facing His trials, and understanding His ultimate sacrifice.",2025-04-07,Released,"Adventure, Animation, Family, Fantasy","based on novel or book, cat, 19th century, 1st century, jesus christ, father son relationship, christian film, imagination, historical epic, biblical",Jang Seong-ho,"Oscar Isaac, Kenneth Branagh, Uma Thurman, Pierce Brosnan, Roman Griffin Davis",25200000,81328990,102,8.271,188,8.1374,en,KR,False,False,OMDb request failed: 401 Client Error: Unauthorized for url: https://www.omdbapi.com/?i=tt7967302&plot=short&apikey=f87d98bd,3.227340873015873,1,2025,4,2,0,25.2,81.32899,56.12899,5.241747015059643,2.212375881103563,4,1,1,1,0,1,0,0,4.638171827281624,1
1280282,tt32214143,Gabby's Dollhouse: The Movie,Gabby's Dollhouse: The Movie,"Gabby heads out on a road trip with her Grandma Gigi to the urban wonderland of Cat Francisco. But when Gabby's dollhouse, her most prized possession, ends up in the hands of an eccentric cat lady named Vera, Gabby sets off on an adventure through the real world to get the Gabby Cats back together and save the dollhouse before it's too late.",2025-09-13,Released,"Adventure, Animation, Comedy, Family","friendship, magic, cat, mermaid, musical, coming of age, growing up, breaking the fourth wall, tragic villain, duringcreditsstinger",Ryan Crego,"Laila Lockhart Kraner, Gloria Estefan, Kristen Wiig, Logan Bailey, Eduardo Franco",32000000,80322142,98,6.7,71,7.5619,en,US,False,False,OMDb request failed: 401 Client Error: Unauthorized for url: https://www.omdbapi.com/?i=tt32214143&plot=short&apikey=f87d98bd,2.5100669375,1,2025,9,3,0,32.0,80.322142,48.322142,4.276666119016055,2.147322128140416,4,1,1,1,0,0,1,0,3.768128358948471,1
1396965,tt35444710,Detective Conan: One-Eyed Flashback,名探偵コナン 隻眼の残像,"As police inspector Yamato Kansuke pursues a certain man in the snowy mountains of Nagano, a shadow suddenly appears in his field of vision. While he's distracted, a rifle bullet fired by someone grazes his left eye and causes an avalanche accompanied by a roar. Ten months later, Kansuke, having miraculously survived the avalanche, receives a report that a researcher at the Nobeyama National Astronomical Observatory has been attacked.",2025-04-18,Released,"Action, Animation, Crime, Mystery","undercover agent, detective, based on manga, series of murders, observatory, shounen, anime, based on anime, murder case, nagano",Katsuya Shigehara,"Minami Takayama, Kappei Yamaguchi, Wakana Yamazaki, Rikiya Koyama, Yuji Takada",0,166061012,109,7.26,52,6.4512,ja,JP,False,False,OMDb request failed: 401 Client Error: Unauthorized for url: https://www.omdbapi.com/?i=tt35444710&plot=short&apikey=f87d98bd,0.0,1,2025,4,2,0,0.0,166.061012,166.061012,3.970291913552122,2.008375093245976,4,1,0,0,0,0,0,1,2.7118000510197144,0
804370,tt14883538,Arco,Arco,"Ten-year-old Arco lives in a far future. During his first flight in his rainbow suit, he loses control and falls into the past. Iris, a girl his age from 2075, comes to his rescue and tries by any means to help send him back to his own era.",2025-10-22,Released,"Adventure, Animation, Family, Science Fiction","affectation, time travel, family relationships, conspiracy theory, absent parent, environmental issues, near future, 2070s, independent film, rainbow",Ugo Bienvenu,"Margot Ringard Oldra, Oscar Tresanini, Nathanaël Perrot, Alma Jodorowsky, Swann Arlaud",10000000,4570178,89,7.542,204,6.2325,fr,FR,False,False,OMDb request failed: 401 Client Error: Unauthorized for url: https://www.omdbapi.com/?i=tt14883538&plot=short&apikey=f87d98bd,0.4570178,1,2025,10,4,0,10.0,4.570178,-5.429822,5.3230099791384085,1.978584757868153,4,1,1,1,0,0,0,0,3.186397220550984,1
774370,tt10954718,Dog Man,Dog Man,"When a faithful police dog and his human police officer owner are injured together on the job, a harebrained but life-saving surgery fuses the two of them together and Dog Man is born. Dog Man is sworn to protect and serve—and fetch, sit and roll over. As Dog Man embraces his new identity and strives to impress his Chief, he must stop the pretty evil plots of feline supervillain Petey the Cat.",2025-01-24,Released,"Action, Adventure, Animation, Comedy, Family","villain, based on children's book, spin off, police dog, human animal hybrid, amused",Peter Hastings,"Peter Hastings, Pete Davidson, Lil Rel Howery, Isla Fisher, Lucas Hopkins Calderon",40000000,145603415,89,7.435,354,6.1921,en,US,False,False,OMDb request failed: 401 Client Error: Unauthorized for url: https://www.omdbapi.com/?i=tt10954718&plot=short&apikey=f87d98bd,3.640085375,1,2025,1,1,0,40.0,145.603415,105.603415,5.872117789475416,1.9729832014108082,5,1,1,1,0,0,1,1,4.673553567382934,1
927254,tt0498396,The Twits,The Twits,"When the meanest, nastiest villains pull a trick to take over their town, two brave children team up with a family of magical animals to bring them down.",2025-10-17,Released,"Animation, Comedy, Family, Fantasy","based on children's book, duringcreditsstinger",Phil Johnston,"Margo Martindale, Johnny Vegas, Maitreyi Ramakrishnan, Ryan Anderson Lopez, Emilia Clarke",0,0,99,6.0,103,5.8602,en,GB,False,False,OMDb request failed: 401 Client Error: Unauthorized for url: https://www.omdbapi.com/?i=tt0498396&plot=short&apikey=f87d98bd,0.0,1,2025,10,4,0,0.0,0.0,0.0,4.6443908991413725,1.9257365958317596,4,1,0,1,0,1,1,0,2.48551912424597,0
1107216,tt36424914,Pets on a Train,Falcon Express,"When a train unexpectedly starts up, taking only pets with it, the animals discover that Hans, a badger with a grudge is behind it all. While the crash seems inevitable, the animals can count on Falcon, a roguish Raccoon who will do anything to save them.",2025-07-02,Released,"Adventure, Animation, Comedy, Thriller","train, pets, talking animal, animal","Jean-Christian Tassy, Benoît Daffis","Damien Ferrette, Hervé Jolly, Kaycie Chase, Frantz Confiac, Emmanuel Garijo",0,13557300,86,7.0,51,5.7753,fr,FR,False,False,OMDb request failed: 401 Client Error: Unauthorized for url: https://www.omdbapi.com/?i=tt36424914&plot=short&apikey=f87d98bd,0.0,1,2025,7,3,1,0.0,13.5573,13.5573,3.9512437185814275,1.913283646228219,4,1,1,0,0,0,1,0,2.629679104721447,0
1297763,tt32508210,Batman Ninja vs. Yakuza League,ニンジャバットマン対ヤクザリーグ,"The Batman family has returned to the present to discover that Japan has disappeared, and a giant island - Hinomoto - is now in the sky over Gotham City.  At the top sit the Yakuza, a group of superpowered individuals who reign without honor or humanity and look suspiciously like the Justice League. Now, it’s up to Batman and his allies to save Gotham!",2025-03-17,Released,"Action, Animation, Science Fiction","superhero, based on comic, duringcreditsstinger, anime, ridiculous","Jumpei Mizusaki, Shinji Takagi","Koichi Yamadera, Yuki Kaji, Kengo Kawanishi, Daisuke Ono, Ayane Sakura",0,0,90,6.724,230,5.3161,ja,JP,False,False,OMDb request failed: 401 Client Error: Unauthorized for url: https://www.omdbapi.com/?i=tt32508210&plot=short&apikey=f87d98bd,0.0,1,2025,3,1,0,0.0,0.0,0.0,5.442417710521793,1.8431019290736312,3,1,0,0,0,0,0,1,2.773827945939314,1
1295026,tt32600395,100 METERS,ひゃくえむ。,"A gifted runner trains a determined but unskilled classmate, unaware he's creating a rival who will challenge him on the track for years to come.",2025-09-19,Released,"Animation, Drama","competition, rivalry, coming of age, based on manga, track and field, school life, athletics, anime, sportsmanship, inspirational",Kenji Iwaisawa,"Tori Matsuzaka, Shota Sometani, Yuma Uchida, Koki Uchiyama, Kenjiro Tsuda",0,3033000,107,7.843,105,5.0606,ja,JP,False,False,OMDb request failed: 401 Client Error: Unauthorized for url: https://www.omdbapi.com/?i=tt32600395&plot=short&apikey=f87d98bd,0.0,1,2025,9,3,0,0.0,3.033,3.033,4.663439094112067,1.8018088050810563,2,1,0,0,1,0,0,0,2.9305371848789683,1
1304434,tt36733027,Nobody,浪浪山小妖怪,"The Little Pig Yao decides to leave Langlang Mountain to join the pilgrimage. On the journey west, what trials will the little monsters face? In the end, will they achieve their dreams and live as they truly desire?",2025-08-02,Released,"Adventure, Animation, Comedy, Fantasy","spin off, based on tv series, donghua",Yu Shui,"Chen Ziping, Lu Yang, Dong Wenliang, Liu Cong, Lin Qiang",0,215367669,118,7.829,73,4.8637,zh,CN,False,False,OMDb request failed: 401 Client Error: Unauthorized for url: https://www.omdbapi.com/?i=tt36733027&plot=short&apikey=f87d98bd,0.0,1,2025,8,3,0,0.0,215.367669,215.367669,4.30406509320417,1.7687808036576442,4,1,1,0,0,1,1,0,2.868176884529272,1
682012,tt29313285,Little Amélie or the Character of Rain,Amélie et la métaphysique des tubes,"The world is a perplexing, peaceful mystery to Amélie until a miraculous encounter with chocolate ignites her wild sense of curiosity. As she develops a deep attachment to her family's housekeeper, Nishio-san, Amélie discovers the wonders of nature as well as the emotional truths hidden beneath the surface of her family's idyllic life as foreigners in post-war Japan.",2025-06-25,Released,"Animation, Drama, Family","japan, based on novel or book, chocolate, housekeeper, nature, curiosity, chocolate bar, post war japan, belgian, foreigners","Maïlys Vallade, Liane-cho Han","Loïse Charpentier, Victoria Grobois, Yumi Fujimori, Cathy Cerda, Marc Arnaud",11100000,1530750,78,7.9,170,4.8255,fr,FR,False,False,OMDb request failed: 401 Client Error: Unauthorized for url: https://www.omdbapi.com/?i=tt29313285&plot=short&apikey=f87d98bd,0.1379054054054054,1,2025,6,2,1,11.1,1.53075,-9.56925,5.14166355650266,1.7622448326778588,3,1,0,1,1,0,0,0,3.0726436908095103,1
1338799,tt36956670,JUJUTSU KAISEN: Hidden Inventory / Premature Death - The Movie,劇場版総集編 呪術廻戦 懐玉・玉折,"Pursued by a religious cult and other curse users, former friends Satoru Gojo and Suguru Geto are the only sorcerers capable of carrying the difficult task of protecting Riko Amanai, a student who has been designated to be sacrificed as the Star Plasma Vessel, until she can fulfill her duty.",2025-05-30,Released,"Action, Animation, Fantasy","supernatural, prequel, compilation, based on manga, school life, edited from tv series, shounen, anime, japanese high school",Shota Goshozono,"Yuichi Nakamura, Takahiro Sakurai, Anna Nagase, Takehito Koyasu, Aya Endo",0,9395267,110,8.5,85,4.4421,ja,JP,False,False,OMDb request failed: 401 Client Error: Unauthorized for url: https://www.omdbapi.com/?i=tt36956670&plot=short&apikey=f87d98bd,0.0,1,2025,5,2,0,0.0,9.395267,9.395267,4.454347296253507,1.6941650157894321,3,1,0,0,0,1,0,1,3.0472768468064406,1
1104845,tt32560777,Plankton: The Movie,Plankton: The Movie,Plankton's tangled love story with his sentient computer wife goes sideways when she takes a stand — and decides to destroy the world without him.,2025-03-08,Released,"Adventure, Animation, Comedy, Family, Science Fiction","based on cartoon, based on tv series, 3d animation, hilarious, indifferent",Dave Needham,"Mr. Lawrence, Jill Talley, Tom Kenny, Bill Fagerbakke, Rodger Bumpass",0,0,83,6.693,166,4.3546,en,US,False,False,OMDb request failed: 401 Client Error: Unauthorized for url: https://www.omdbapi.com/?i=tt32560777&plot=short&apikey=f87d98bd,0.0,1,2025,3,1,0,0.0,0.0,0.0,5.117993812416755,1.6779560045645014,5,1,1,1,0,0,1,0,2.6926424725471882,0
987400,tt21110654,Aztec Batman: Clash of Empires,Batman Azteca: Choque de imperios,"In the time of the Aztec empire, tragedy strikes Yohualli Coatl when his father is murdered by Spanish conquistadors. To warn King Moctezuma and his high priest, Yoka, of imminent danger, Yohualli escapes to Tenochtitlán. There, he trains in the temple of the bat god Tzinacan with his mentor, developing equipment and weaponry to confront the Spanish invasion and avenge his father’s death. Along the way, he encounters key figures like the fierce Jaguar Woman and the conquistador Hernán Cortés.",2025-09-18,Released,"Action, Animation, Fantasy","superhero, death of father, based on comic, colonisation, mexica (aztec), 16th century, vengeance, mesoamerica",Juan Jose Meza-Leon,"Horacio García Rojas, Álvaro Morte, Omar Chaparro, Humberto Busto, Jorge R. Gutierrez",0,0,90,7.7,143,4.2245,es,US,False,False,OMDb request failed: 401 Client Error: Unauthorized for url: https://www.omdbapi.com/?i=tt21110654&plot=short&apikey=f87d98bd,0.0,1,2025,9,3,0,0.0,0.0,0.0,4.969813299576001,1.6533590994920284,3,1,0,0,0,1,0,1,2.9184758598602043,1
666154,tt11846550,Kayara,Kayara,"A courageous and athletic teenager, Kayara dreams that she is destined to be the first female to break into the league of Chasquis - the official messengers of the Incan empire. As she learns what it takes to be a Chasqui along with its challenges, she tackles every mission she gets and discovers the ancient stories of her land and her people.",2025-01-02,Released,"Adventure, Animation, Family","ancient peru, inca",Cesar Zelada,"Naomi Serrano, Nate Begle, Charles Gonzales, Arthur Romero, Edgar Garcia",8000000,0,81,7.6,117,4.1166,es,PE,False,False,OMDb request failed: 401 Client Error: Unauthorized for url: https://www.omdbapi.com/?i=tt11846550&plot=short&apikey=f87d98bd,0.0,1,2025,1,1,0,8.0,0.0,-8.0,4.770684624465665,1.6324901559642533,3,1,1,1,0,0,0,0,2.8604762170644875,1
1205229,tt29544253,Night of the Zoopocalypse,Night of the Zoopocalypse,A wolf and mountain lion team up when a meteor unleashes a virus turning zoo animals into zombies. They join forces with other survivors to rescue the zoo and stop the deranged mutant leader from spreading the virus.,2025-01-23,Released,"Adventure, Animation, Comedy, Family, Horror, Science Fiction","zoo, zombie, aftercreditsstinger, horror for children, animated horror","Rodrigo Perez-Castro, Ricardo Curtis","Gabriella Kosmidis, David Harbour, Pierre Simpson, Paul Sun-Hyung Lee, Scott Thompson",12000000,8667850,91,6.6,90,4.105,en,CA,False,False,OMDb request failed: 401 Client Error: Unauthorized for url: https://www.omdbapi.com/?i=tt29544253&plot=short&apikey=f87d98bd,0.7223208333333333,1,2025,1,1,0,12.0,8.66785,-3.33215,4.51085950651685,1.630220451616629,6,1,1,1,0,0,1,0,2.896206368720022,1
1165642,tt28664733,Lost in Starlight,이 별에 필요한,"When an astronaut leaves Earth for Mars, the vast infinite space divides star-crossed lovers in this animated romance that crosses the cosmos.",2025-05-30,Released,"Animation, Drama, Romance, Science Fiction","astronaut, long distance relationship, anime, love story",Han Ji-won,"Kim Tae-ri, Hong Kyung, Sharon Kwon, Kang Ku-han, An Young-mi",0,0,96,7.3,149,3.8581,ko,KR,False,False,OMDb request failed: 401 Client Error: Unauthorized for url: https://www.omdbapi.com/?i=tt28664733&plot=short&apikey=f87d98bd,0.0,1,2025,5,2,0,0.0,0.0,0.0,5.0106352940962555,1.5806474149708378,4,1,0,0,1,0,0,0,2.813692406360064,1
1316147,tt32897929,Grand Prix of Europe,Grand Prix of Europe,"Edda, a young mouse and the daughter of fairground operator Erwin, dreams of becoming a race car driver. Ahead of the 50th anniversary of the European Grand Prix, Edda gets the opportunity to meet her idol, racing star Ed, and to help her father save his failing business. But to do so, she'll have to get behind the wheel herself.",2025-07-18,Released,"Adventure, Animation, Comedy","car race, mouse, racing, race car driver, cartoon mouse, grand prix, motor racing, race car driving, speed racing, animation",Waldemar Fast,"Gemma Arterton, Thomas Brodie-Sangster, Hayley Atwell, Lenny Henry, Rob Beckett",0,14929479,98,7.236,53,3.3571,de,DE,False,False,OMDb request failed: 401 Client Error: Unauthorized for url: https://www.omdbapi.com/?i=tt32897929&plot=short&apikey=f87d98bd,0.0,1,2025,7,3,1,0.0,14.929479,14.929479,3.9889840465642745,1.4718066984441045,3,1,1,0,0,0,1,0,2.628118611751257,0
1119090,tt36639986,I Am Frankelda,Soy Frankelda,"Frankelda, a frustrated young Mexican writer from the 19th Century, travels in the form of a ghost to a kingdom of her own invention inhabited by Spooks, which are all the monstrous characters she created in her horror tales. Her guide is Herneval, the Prince of Spooks, who takes her to help him save the balance between the Realm of Fiction and the Realm of Existence by using her talent as a writer.",2025-10-23,Released,"Animation, Family, Fantasy, Horror","mexico, musical, sequel, prequel, stop motion, writer, gothic horror, ghost, dark fantasy, 19th century","Arturo Ambriz, Roy Ambriz","Mireya Mendoza, Arturo Mercado Jr., Luis Leonardo Suarez, Gaby Cárdenas, Beto Castillo",0,2709440,104,8.353,78,3.3462,es,MX,False,False,OMDb request failed: 401 Client Error: Unauthorized for url: https://www.omdbapi.com/?i=tt36639986&plot=short&apikey=f87d98bd,0.0,1,2025,10,4,0,0.0,2.70944,2.70944,4.3694478524670215,1.4693019001034988,4,1,0,1,0,1,0,0,2.964062462885578,1
1203329,tt15495150,The Witcher: Sirens of the Deep,The Witcher: Sirens of the Deep,"When human sailors are attacked by mysterious creatures of the deep, only one person can stop the war between land and sea: the Witcher, Geralt of Rivia.",2025-02-10,Released,"Action, Animation, Fantasy","based on novel or book, kingdom, lovers, pearls, merpeople, animation, monster hunter",Kang Hei Chul,"Doug Cockle, Joey Batey, Christina Wren, Emily Carey, Camrus Johnson",0,0,92,6.815,268,3.2321,en,PL,False,False,OMDb request failed: 401 Client Error: Unauthorized for url: https://www.omdbapi.com/?i=tt15495150&plot=short&apikey=f87d98bd,0.0,1,2025,2,1,0,0.0,0.0,0.0,5.594711379601839,1.4426983237664293,3,1,0,0,0,1,0,1,2.7593614555052404,0
537921,tt8785038,Fixed,Fixed,"After learning he's getting neutered, a dog has 24 hours to squeeze in one last balls-to-the-wall adventure with the boys.",2025-08-13,Released,"Animation, Comedy","pet, dog, animals, adult animation",Genndy Tartakovsky,"Adam Devine, Idris Elba, Kathryn Hahn, Fred Armisen, Bobby Moynihan",3000000,0,87,6.2,150,2.3954,en,US,False,False,OMDb request failed: 401 Client Error: Unauthorized for url: https://www.omdbapi.com/?i=tt8785038&plot=short&apikey=f87d98bd,0.0,1,2025,8,3,0,3.0,0.0,-3.0,5.017279836814924,1.222421574394396,2,1,0,0,0,0,1,0,2.4859552116813983,0
1021679,tt21996220,The Rose of Versailles,ベルサイユのばら,"In an age of revolution, Marie Antoinette and her protector Oscar François de Jarjayes face tough choices as women growing into their distinct roles.",2025-01-31,Released,"Animation, Drama, History, Romance","politics, remake, based on manga, historical, shoujo, anime",Ai Yoshimura,"Miyuki Sawashiro, Aya Hirano, Toshiyuki Toyonaga, Kazuki Kato, Shunsuke Takeuchi",0,1489577,113,7.039,64,2.2902,ja,JP,False,False,OMDb request failed: 401 Client Error: Unauthorized for url: https://www.omdbapi.com/?i=tt21996220&plot=short&apikey=f87d98bd,0.0,1,2025,1,1,0,0.0,1.489577,1.489577,4.174387269895637,1.190948353203183,4,1,0,0,1,0,0,0,2.564550343464823,0
