tmdb_id,imdb_id,title,original_title,overview,release_date,status,genres,keywords,director,top_cast,budget,revenue,runtime,vote_average,vote_count,popularity,original_language,production_country,adult,video,omdb_title,omdb_year,omdb_rated,omdb_released,omdb_runtime,omdb_genres,omdb_director,omdb_writer,omdb_actors,omdb_plot,omdb_language,omdb_country,omdb_awards,omdb_metascore,omdb_imdb_rating,omdb_imdb_votes,omdb_box_office,omdb_production,omdb_error
502356,tt6718170,The Super Mario Bros. Movie,The Super Mario Bros. Movie,"While working underground to fix a water main, Brooklyn plumbers—and brothers—Mario and Luigi are transported down a mysterious pipe and wander into a magical new world. But when the brothers are separated, Mario embarks on an epic quest to find Luigi.",2023-04-05,Released,"Family, Comedy, Adventure, Fantasy, Animation","gorilla, plumber, villain, anthropomorphism, based on video game, nostalgic, toad, aftercreditsstinger, duringcreditsstinger, damsel in distress","Michael Jelenic, Aaron Horvath","Chris Pratt, Anya Taylor-Joy, Charlie Day, Jack Black, Keegan-Michael Key",100000000,1360879735,93,7.597,10679,42.4097,en,JP,False,False,The Super Mario Bros. Movie,2023,PG,05 Apr 2023,92,"Animation, Adventure, Comedy","Aaron Horvath, Michael Jelenic, Pierre Leduc",Matthew Fogel,"Chris Pratt, Anya Taylor-Joy, Charlie Day","Brooklyn plumbers Mario and Luigi are warped to the magical Mushroom Kingdom, and Mario must team up with Princess Peach, Toad, and Donkey Kong to save Luigi from the evil Bowser.",English,"Japan, United States",2 wins & 49 nominations total,46,7.0,292599,"$574,934,330",N/A,
569094,tt9362722,Spider-Man: Across the Spider-Verse,Spider-Man: Across the Spider-Verse,"After reuniting with Gwen Stacy, Brooklyn’s full-time, friendly neighborhood Spider-Man is catapulted across the Multiverse, where he encounters the Spider Society, a team of Spider-People charged with protecting the Multiverse's very existence. But when the heroes clash on how to handle a new threat, Miles finds himself pitted against the other Spiders and must set out on his own to save those he loves most.",2023-05-31,Released,"Animation, Action, Adventure, Science Fiction","new york city, hero, double life, sacrifice, secret identity, superhero, villain, portal, based on comic, sequel","Kemp Powers, Justin K. Thompson, Joaquim Dos Santos","Shameik Moore, Hailee Steinfeld, Brian Tyree Henry, Luna Lauren Vélez, Jake Johnson",100000000,690897910,140,8.335,8575,24.7553,en,US,False,False,Spider-Man: Across the Spider-Verse,2023,PG,02 Jun 2023,140,"Animation, Action, Adventure","Joaquim Dos Santos, Kemp Powers, Justin K. Thompson","Phil Lord, Christopher Miller, Dave Callaham","Shameik Moore, Hailee Steinfeld, Brian Tyree Henry","Traveling across the multiverse, Miles Morales meets a new team of Spider-People, made up of heroes from different dimensions. But when the heroes clash over how to deal with a new threat, Miles finds himself at a crossroads.",English,United States,Nominated for 1 Oscar. 107 wins & 164 nominations total,86,8.5,509515,"$381,593,754",N/A,
976573,tt15789038,Elemental,Elemental,"In a city where fire, water, land and air residents live together, a fiery young woman and a go-with-the-flow guy will discover something elemental: how much they have in common.",2023-06-14,Released,"Animation, Comedy, Family, Fantasy, Romance","fire, earth, computer animation, duringcreditsstinger, elements, water, city, lighthearted, romantic, whimsical",Peter Sohn,"Leah Lewis, Mamoudou Athie, Ronnie del Carmen, Shila Ommi, Wendi McLendon-Covey",200000000,496444308,102,7.577,5277,14.1651,en,US,False,False,Elemental,2023,PG,16 Jun 2023,101,"Animation, Adventure, Comedy",Peter Sohn,"John Hoberg, Kat Likkel, Brenda Hsueh","Leah Lewis, Mamoudou Athie, Ronnie Del Carmen","Follow Ember and Wade, in a city where fire, water, earth and air live together.",English,United States,Nominated for 1 Oscar. 3 wins & 69 nominations total,58,7.0,163663,"$154,426,697",N/A,
940551,tt6495056,Migration,Migration,"After a migrating duck family alights on their pond with thrilling tales of far-flung places, the Mallard family embarks on a family road trip, from New England, to New York City, to tropical Jamaica.",2023-12-06,Released,"Family, Comedy, Adventure, Animation","duck, villain, migration, flight, anthropomorphism, family, animals, chef, overprotective father, bird",Benjamin Renner,"Kumail Nanjiani, Elizabeth Banks, Caspar Jennings, Tresi Gazal, Awkwafina",72000000,298776052,83,7.351,2234,13.0195,en,US,False,False,Migration,2023,PG,22 Dec 2023,83,"Animation, Adventure, Comedy",Benjamin Renner,"Mike White, Benjamin Renner, Ken Daurio","Kumail Nanjiani, Tresi Gazal, Elizabeth Banks",A family of ducks try to convince their overprotective father to go on the vacation of a lifetime.,English,"Japan, United States",1 win & 8 nominations total,56,6.6,45901,"$127,630,880",N/A,
508883,tt6587046,The Boy and the Heron,君たちはどう生きるか,"While the Second World War rages, the teenage Mahito, haunted by his mother's tragic death, is relocated from Tokyo to the serene rural home of his new stepmother Natsuko, a woman who bears a striking resemblance to the boy's mother.  As he tries to adjust, this strange new world grows even stranger following the appearance of a persistent gray heron, who perplexes and bedevils Mahito, dubbing him the ""long-awaited one.""",2023-07-14,Released,"Animation, Fantasy, Drama","loss of loved one, world war ii, supernatural, education, coming of age, spirituality, poverty, teenage boy, parallel world, troubled childhood",Hayao Miyazaki,"Soma Santoki, Masaki Suda, Ko Shibasaki, Aimyon, Yoshino Kimura",50000000,294200000,124,7.403,2625,11.6474,ja,JP,False,False,The Boy and the Heron,2023,PG-13,08 Dec 2023,124,"Animation, Adventure, Drama",Hayao Miyazaki,Hayao Miyazaki,"Soma Santoki, Masaki Suda, Kô Shibasaki","In the wake of his mother's death and his father's remarriage, a headstrong boy ventures into a dreamlike world shared by the living and the dead in search of his missing stepmother.",Japanese,Japan,Won 1 Oscar. 34 wins & 87 nominations total,91,7.3,123968,"$47,343,204",N/A,
1034062,tt22698070,Mortal Kombat Legends: Cage Match,Mortal Kombat Legends: Cage Match,"In 1980s Hollywood, action star Johnny Cage is looking to become an A-list actor. But when his costar, Jennifer, goes missing from set, Johnny finds himself thrust into a world filled with shadows, danger, and deceit. As he embarks on a bloody journey, Johnny quickly discovers the City of Angels has more than a few devils in its midst. He faces off against a sinister secret society plotting a nefarious scheme, but the brutal fight against the bloodthirsty warriors of the Netherrealm is just beginning.",2023-10-17,Released,"Animation, Action, Fantasy","martial arts, fighting, based on video game, adult animation, extreme blood",Ethan Spaulding,"Joel McHale, Jennifer Grey, Dusan Brown, Grey DeLisle, Robin Atkin Downes",0,0,80,6.768,149,10.8141,en,US,False,False,,,,,,,,,,,,,,,,,,,OMDb request failed: Error getting data.
893723,tt15837338,PAW Patrol: The Mighty Movie,PAW Patrol: The Mighty Movie,"A magical meteor crash lands in Adventure City and gives the PAW Patrol pups superpowers, transforming them into The Mighty Pups.",2023-09-21,Released,"Adventure, Animation, Comedy, Family, Science Fiction","superhero, cartoon, mad scientist, sequel, dog, animals, kids, elasticity, based on tv series",Cal Brunker,"Mckenna Grace, Taraji P. Henson, Marsai Martin, Iain Armitage, Ron Pardo",30000000,202231360,88,6.962,546,10.1553,en,CA,False,False,PAW Patrol: The Mighty Movie,2023,PG,29 Sep 2023,88,"Animation, Action, Adventure",Cal Brunker,"Cal Brunker, Bob Barlen, Shane Morris","Dan Duran, Kristen Bell, James Marsden","A magical meteor falls in Adventure City and gives the PAW Patrol superpowers, transforming them into the Mighty Pups. But they face their most powerful challenge when Humdinger teams up with a mad scientist to steal their powers.",English,"Canada, United States",1 win & 8 nominations total,49,5.9,6292,"$65,343,309",N/A,
1022796,tt11304740,Wish,Wish,"Asha, a sharp-witted idealist, makes a wish so powerful that it is answered by a cosmic force – a little ball of boundless energy called Star. Together, Asha and Star confront a most formidable foe - the ruler of Rosas, King Magnifico - to save her community and prove that when the will of one courageous human connects with the magic of the stars, wondrous things can happen.",2023-11-13,Released,"Animation, Family, Fantasy, Adventure","friendship, villain, black magic, wish, musical, computer animation, female protagonist, betrayal by friend, aftercreditsstinger, woman director","Fawn Veerasunthorn, Chris Buck","Ariana DeBose, Chris Pine, Alan Tudyk, Angelique Cabral, Victor Garber",175000000,254997360,95,6.221,1773,7.9596,en,US,False,False,Wish,2023,PG,22 Nov 2023,95,"Animation, Adventure, Comedy","Chris Buck, Fawn Veerasunthorn","Jennifer Lee, Allison Moore, Chris Buck","Ariana DeBose, Chris Pine, Alan Tudyk",A young girl wishes on a star and gets a more direct answer than she bargained for when a trouble-making star comes down from the sky to join her.,English,United States,1 win & 22 nominations total,47,5.5,49621,"$63,973,821",N/A,
812225,tt22868844,Black Clover: Sword of the Wizard King,映画 ブラッククローバー 魔法帝の剣,"As a lionhearted boy who can't wield magic strives for the title of Wizard King, four banished Wizard Kings of yore return to crush the Clover Kingdom.",2023-06-16,Released,"Animation, Fantasy, Action, Adventure","magic, based on manga, demon, wizard, shounen, anime",Ayataka Tanemura,"Gakuto Kajiwara, Nobunaga Shimazaki, Junichi Suwabe, Kana Yuuki, Toshihiko Seki",0,0,113,8.091,380,7.2861,ja,JP,False,False,Black Clover: Sword of the Wizard King,2023,TV-14,16 Jun 2023,110,"Animation, Action, Adventure",Ayataka Tanemura,"Johnny Onda, Ai Orii, Yuuki Tabata","Bryn Apprill, Tia Lynn Ballard, Steve Blum","In a world where magic is everything, Asta, a boy who was born with no magic, aims to become the ""Wizard King"" to overcome adversity, prove his power, and keep his oath with his friends.","Spanish, English, Portuguese, Italian, Polish, Japanese",Japan,1 nomination total,N/A,7.4,9611,N/A,N/A,
1075794,tt5755238,Leo,Leo,"Jaded 74-year-old reptile Leo has been stuck in the same Florida classroom for decades with his terrarium-mate turtle. When he learns he only has one year left to live, he plans to escape to experience life on the outside but instead gets caught up in the problems of his anxious students — including an impossibly mean substitute teacher.",2023-11-17,Released,"Animation, Comedy, Family","midlife crisis, classroom, musical, school, unlikely friendship, bucket list, growing pains, animal human friendship, heartfelt, exhilarated","Robert Marianetti, Robert Smigel, David Wachtenheim","Adam Sandler, Bill Burr, Cecily Strong, Jason Alexander, Rob Schneider",0,0,102,7.368,1336,6.7309,en,AU,False,False,Leo,2023,PG,21 Nov 2023,102,"Animation, Adventure, Comedy","Robert Marianetti, Robert Smigel, David Wachtenheim","Robert Smigel, Adam Sandler, Paul Sado","Adam Sandler, Bill Burr, Cecily Strong",A 74-year-old lizard named Leo and his turtle friend decide to escape from the terrarium of a Florida school classroom where they have been living for decades.,English,"Australia, United States",3 wins & 4 nominations total,65,7.0,44191,N/A,N/A,
901362,tt14362112,Trolls Band Together,Trolls Band Together,"When Branch's brother, Floyd, is kidnapped for his musical talents by a pair of nefarious pop-star villains, Branch and Poppy embark on a harrowing and emotional journey to reunite the other brothers and rescue Floyd from a fate even worse than pop-culture obscurity.",2023-10-12,Released,"Animation, Family, Music, Fantasy, Comedy, Adventure","pop star, brother, musical, sequel, based on toy, troll, duringcreditsstinger, reunite, sister sister relationship, brother brother relationship",Walt Dohrn,"Anna Kendrick, Justin Timberlake, Camila Cabello, Eric André, Amy Schumer",95000000,210231405,91,7.252,981,6.5799,en,US,False,False,Trolls Band Together,2023,PG,17 Nov 2023,91,"Animation, Adventure, Comedy","Walt Dohrn, Tim Heitz","Elizabeth Tippet, Thomas Dam","Anna Kendrick, Justin Timberlake, Kenan Thompson","As they grow closer, Poppy discovers that Branch was once part of her favorite boy band phenomenon, BroZone, with his four brothers. When one of them, Floyd, is kidnapped by villains, Branch and Poppy embark on a journey to rescue...","English, Spanish","United States, United Kingdom",5 wins & 6 nominations total,53,6.0,19119,"$103,270,155",N/A,
1047041,tt27521477,Detective Conan: Black Iron Submarine,名探偵コナン 黒鉄の魚影（サブマリン）,"While visiting Hachijo-jima, Conan sneaks aboard a security boat heading to the Pacific Buoy, an off-shore facility constructed near the coasts built to connect surveillance cameras used by police forces around the world. However, an engineer gets abducted! An eerie sound of a propeller hums underwater as a dark figure begins to creep toward Ai Haibara... When the forbidden Black Box is opened, the sealed-away past will surface above the treacherous waves!",2023-04-14,Released,"Animation, Action, Crime, Mystery","submarine, detective, anime, suspense, mystery",Yuzuru Tachikawa,"Minami Takayama, Wakana Yamazaki, Rikiya Koyama, Megumi Hayashibara, Shuichi Ikeda",0,106771806,110,7.025,141,6.4316,ja,JP,False,False,Detective Conan: Black Iron Submarine,2023,N/A,14 Apr 2023,109,"Animation, Action, Adventure",Yuzuru Tachikawa,"Gôshô Aoyama, Jun'ichi Iioka, Takeharu Sakurai","Minami Takayama, Megumi Hayashibara, Rikiya Koyama","After the Black Organization kidnaps his friend Ai Haibara, Detective Conan is forced to rescue her on a mysterious submarine while uncovering the organization's secrets within the confined space.",Japanese,Japan,2 nominations total,N/A,7.2,2869,N/A,N/A,
496450,tt10364034,"Miraculous: Ladybug & Cat Noir, The Movie",Miraculous - le film,"After a guardian of magical jewels turns an awkward girl and a popular boy into superheroes, they can never reveal their identities — even to each other.",2023-07-05,Released,"Animation, Fantasy, Action, Romance, Family","paris, france, superhero, musical, interracial romance, teen superhero",Jeremy Zag,"Anouck Hautbois, Benjamin Bollen, Fanny Bloc, Alexandre Nguyen, Antoine Tomé",86000000,40208268,105,7.606,951,6.3158,fr,CN,False,False,"Miraculous: Ladybug & Cat Noir, the Movie",2023,PG,28 Jul 2023,105,"Animation, Action, Adventure",Jeremy Zag,"Jeremy Zag, Bettina Lopez Mendoza, Thomas Astruc","Cristina Valenzuela, Bryce Papenbrook, Carrie Keranen","Ordinary teenager Marinette's life in Paris goes superhuman when she becomes Ladybug. Bestowed with magical powers of creation, Ladybug must unite with her opposite, Cat Noir, to save Paris as a new villain unleashes chaos unto th...","English, Spanish, French","France, China, Canada",2 nominations total,N/A,6.1,8084,N/A,N/A,
614930,tt8589698,Teenage Mutant Ninja Turtles: Mutant Mayhem,Teenage Mutant Ninja Turtles: Mutant Mayhem,"After years of being sheltered from the human world, the Turtle brothers set out to win the hearts of New Yorkers and be accepted as normal teenagers through heroic acts. Their new friend April O'Neil helps them take on a mysterious crime syndicate, but they soon get in over their heads when an army of mutants is unleashed upon them.",2023-07-31,Released,"Animation, Comedy, Action, Science Fiction","new york city, sibling relationship, skateboarding, crime fighter, superhero, turtle, based on comic, ninja, duringcreditsstinger, playful",Jeff Rowe,"Micah Abbey, Shamon Brown Jr., Nicolas Cantu, Brady Noon, Ayo Edebiri",75000000,180513586,100,7.218,1582,6.1428,en,CA,False,False,Teenage Mutant Ninja Turtles: Mutant Mayhem,2023,PG,02 Aug 2023,99,"Animation, Action, Adventure","Jeff Rowe, Kyler Spears","Seth Rogen, Evan Goldberg, Jeff Rowe","Micah Abbey, Shamon Brown Jr., Nicolas Cantu",The Turtle brothers work to earn the love of New York City while facing down an army of mutants.,English,"Canada, United States",1 win & 75 nominations total,74,7.2,77301,"$118,700,272",N/A,
1040148,tt27155038,"Ruby Gillman, Teenage Kraken","Ruby Gillman, Teenage Kraken","Ruby Gillman, a sweet and awkward high school student, discovers she's a direct descendant of the warrior kraken queens. The kraken are sworn to protect the oceans of the world against the vain, power-hungry mermaids. Destined to inherit the throne from her commanding grandmother, Ruby must use her newfound powers to protect those she loves most.",2023-06-28,Released,"Animation, Family, Fantasy, Comedy","high school, ocean, boat, transformation, fisherman, mermaid, villain, coming of age, prom, teenage girl",Kirk DeMicco,"Lana Condor, Toni Collette, Annie Murphy, Sam Richardson, Liza Koshy",70000000,46247409,92,7.168,1104,6.1186,en,US,False,False,Ruby Gillman: Teenage Kraken,2023,PG,30 Jun 2023,91,"Animation, Action, Adventure","Kirk DeMicco, Faryn Pearl","Pam Brady, Brian C. Brown, Elliott DiGuiseppi","Jane Fonda, Lana Condor, Toni Collette","A shy 16-year-old girl learns that she comes from a fabled royal family of legendary sea krakens and that her destiny lies in the depths of the waters, which is bigger than she could have ever imagined.",English,United States,1 win & 3 nominations total,50,5.7,14203,"$15,753,600",N/A,
1139087,tt28035641,Once Upon a Studio,Once Upon a Studio,"Created for Disney's 100th anniversary, the short features Mickey Mouse corralling a gallery of legendary Disney characters for a group photo.",2023-09-24,Released,"Animation, Family, Fantasy, Drama, Comedy","live action and animation, dedication, short film, cgi-live action hybrid","Trent Correy, Dan Abraham","Chris Diamantopoulos, Kaitlyn Robrock, Tony Anselmo, Bill Farmer, Jim Cummings",0,0,9,8.27,428,6.1019,en,US,False,False,Once Upon a Studio,2023,G,13 Oct 2023,9,"Animation, Short, Comedy","Dan Abraham, Trent Correy","Dan Abraham, Trent Correy","Scott Adsit, Stan Alexander, Stephen J. Anderson","An all-star ensemble of beloved characters from Walt Disney Animation Studios come together for a joyful, entertaining and emotional reunion as they assemble for a spectacular group photo to mark Disney's 100th anniversary.",English,"United States, Canada, Thailand",2 nominations total,N/A,8.3,7510,N/A,N/A,
961323,tt19500164,Nimona,Nimona,"A knight framed for a tragic crime teams with a scrappy, shape-shifting teen to prove his innocence.",2023-06-23,Released,"Animation, Family, Fantasy, Science Fiction, Adventure","monster, supernatural, on the run, knight, based on graphic novel, metamorphosis, lgbt, shape shifter, unlikely friendship, girl power","Troy Quane, Nick Bruno","Chloë Grace Moretz, Riz Ahmed, Eugene Lee Yang, Frances Conroy, Lorraine Toussaint",0,0,99,7.854,1386,4.8062,en,US,False,False,Nimona,2023,PG,30 Jun 2023,101,"Animation, Action, Adventure","Nick Bruno, Troy Quane","Robert L. Baird, Lloyd Taylor, Pamela Ribon","Chloë Grace Moretz, Riz Ahmed, Eugene Lee Yang","When a knight in a futuristic medieval world is framed for a crime he didn't commit, the only one who can help him prove his innocence is Nimona -- a mischievous teen who happens to be a shapeshifting creature he's sworn to destroy.",English,"United States, United Kingdom, France",Nominated for 1 Oscar. 4 wins & 43 nominations total,75,7.5,59981,N/A,N/A,
1083862,tt26674627,Resident Evil: Death Island,バイオハザード：デスアイランド,"In San Francisco, Jill Valentine is dealing with a zombie outbreak and a new T-Virus, Leon Kennedy is on the trail of a kidnapped DARPA scientist, and Claire Redfield is investigating a monstrous fish that is killing whales in the bay. Joined by Chris Redfield and Rebecca Chambers, they discover the trail of clues from their separate cases all converge on the same location, Alcatraz Island, where a new evil has taken residence and awaits their arrival.",2023-06-22,Released,"Action, Animation, Science Fiction, Horror","prison, alcatraz prison, outbreak, zombie, based on video game, survival horror, virus, special agent, anime",Eiichiro Hasumi,"Matthew Mercer, Nicole Tompkins, Kevin Dorman, Stephanie Panisello, Erin Cahill",0,53929,91,7.271,1103,4.7872,ja,JP,False,False,Resident Evil: Death Island,2023,R,07 Jul 2023,91,"Animation, Action, Horror",Eiichirô Hasumi,Makoto Fukami,"Matthew Mercer, Nicole Tompkins, Kevin Dorman","A t-virus outbreak in San Francisco leads to Alcatraz Island, where a new evil has taken residence.","Japanese, English","Japan, United States",N/A,N/A,5.7,11036,N/A,N/A,
1062807,tt26684398,SPY x FAMILY CODE: White,劇場版 SPY×FAMILY CODE: White,"While under the guise of taking his family on a weekend winter getaway, Loid's attempt to make progress on his current mission Operation Strix proves difficult when Anya mistakenly gets involved and triggers events that threaten world peace.",2023-12-22,Released,"Animation, Comedy, Adventure, Action","espionage, spy, slice of life, female assassin, based on manga, family, aftercreditsstinger, shounen, anime",Takashi Katagiri,"Takuya Eguchi, Atsumi Tanezaki, Saori Hayami, Kenichirou Matsuda, Tomoya Nakamura",5000000,59629242,110,7.132,637,4.6966,ja,JP,False,False,Spy x Family Code: White,2023,PG-13,19 Apr 2024,110,"Animation, Action, Comedy","Kazuhiro Furuhashi, Takashi Katagiri","Tatsuya Endo, Ichirô Ôkouchi","Takuya Eguchi, Atsumi Tanezaki, Saori Hayami","After receiving an order to be replaced in Operation Strix, Loid decides to help Anya win a cooking competition at Eden Academy, by making the director's favorite meal in order to prevent his replacement.",Japanese,Japan,1 win & 2 nominations total,68,7.3,8349,"$8,110,042",N/A,
838240,tt13429870,Robot Dreams,Robot Dreams,A lonely dog's friendship with his robot companion takes a sad turn when an unexpected malfunction forces him to abandon Robot at the beach. Will Dog ever meet Robot again?,2023-12-06,Released,"Animation, Drama, Comedy, Science Fiction","friendship, based on comic, bromance, summer, robot, silent film, adult animation",Pablo Berger,"Ivan Labanda, Tito Trifol, Rafa Calvo, José García Tos, José Luis Mediavilla",5300000,4656348,102,7.967,793,4.2255,es,FR,False,False,Robot Dreams,2023,PG-13,07 Jun 2024,103,"Animation, Comedy, Drama",Pablo Berger,"Pablo Berger, Sara Varon","Ivan Labanda, Robin Krambroeckers, Metodi Dimitrov",The adventures and misfortunes of Dog and Robot in New York City during the 1980s.,None,"Spain, France",Nominated for 1 Oscar. 27 wins & 46 nominations total,87,7.6,23158,"$875,215",N/A,
459003,tt6685538,Mavka: The Forest Song,Мавка: Лісова пісня,"Mavka, a Soul of the Forest, faces an impossible choice between love and her duty as Guardian of the Heart of the Forest when she falls for a human, a talented young musician named Lukas.",2023-03-02,Released,"Animation, Adventure, Family, Fantasy","based on novel or book, fairy, nature, folklore, based on myths, legends or folklore, mavka, ukrainian folklore, independent film, love vs duty","Oleh Malamuzh, Oleksandra Ruban","Natalka Denysenko, Artem Pyvovarov, Nazar Zadniprovskyi, Oleh Skrypka, Olena Kravets",5000000,17974964,99,7.15,846,3.9987,uk,UA,False,False,Mavka: The Forest Song,2023,N/A,15 Aug 2023,99,"Animation, Adventure, Comedy","Oleh Malamuzh, Oleksandra Ruban, Yevheniy Yermak","Yaroslav Voytseshek, Lesya Ukrainka","Nataliya Denisenko, Artem Pivovarov, Elena Kravets","Mavka, a Soul of the Forest, faces an impossible choice between love and her duty as Guardian of the Heart of the Forest when she falls in love with a human, a talented young musician Lucas.",Ukrainian,Ukraine,2 nominations total,N/A,6.6,7014,N/A,N/A,
1147400,tt29259099,"Miraculous World: Paris, Tales of Shadybug and Claw Noir","Miraculous World : Paris, Les Aventures de Toxinelle et Griffe Noire","Miraculous holders from another world appear in Paris. They come from a parallel universe where everything is reversed: the holders of Ladybug and Black Cat Miraculouses, Shadybug and Claw Noir, are the bad guys, and the holder of the Butterfly Miraculous, Betterfly, is a superhero. Ladybug and Cat Noir will have to help Betterfly counter the attacks of their evil doubles and prevent them from seizing the Butterfly Miraculous. Can our heroes also help Betterfly make Shadybug and Claw Noir better people?",2023-10-21,Released,"Animation, Family, Action, Adventure, Fantasy","paris, france, superhero, alternative reality, kids, interdimensional travel",Thomas Astruc,"Antoine Tomé, Anouck Hautbois, Benjamin Bollen, Fanny Bloc, Marie Nonnenmacher",0,0,48,7.3,629,3.9204,fr,CA,False,False,"Miraculous World: Paris, les aventures de Toxinelle et Griffe Noire",2023,TV-Y7,09 Dec 2023,50,"Animation, Action, Adventure",Thomas Astruc,N/A,"Antoine Tomé, Cristina Valenzuela, Bryce Papenbrook","While Marinette and Adrien deal with their new powers, Shadybug and Claw Noir, their evil versions, appear in Paris in search of the Butterfly Miraculous. Can Ladybug and Cat Noir make them use their powers for good?","French, English",France,N/A,N/A,8.4,843,,,
520758,tt8337264,Chicken Run: Dawn of the Nugget,Chicken Run: Dawn of the Nugget,A band of fearless chickens flock together to save poultry-kind from an unsettling new threat: a nearby farm that's cooking up something suspicious.,2023-12-08,Released,"Family, Animation, Adventure, Comedy","rescue, chicken, villain, sequel, heist, stop motion, animals, reboot, claymation, plasticine",Sam Fell,"Thandiwe Newton, Zachary Levi, Bella Ramsey, Imelda Staunton, Lynn Ferguson",0,0,101,6.938,881,3.8938,en,GB,False,False,Chicken Run: Dawn of the Nugget,2023,PG,15 Dec 2023,98,"Animation, Adventure, Comedy","Sam Fell, Jeff Newitt","Karey Kirkpatrick, John O'Farrell, Rachel Tunnard","Thandiwe Newton, Zachary Levi, Bella Ramsey","Having pulled off an escape from Tweedy's farm, Ginger has found a peaceful island sanctuary for the whole flock. But back on the mainland the whole of chicken-kind faces a new threat, and Ginger and her team decide to break in.",English,"United Kingdom, United States, France",Nominated for 1 BAFTA Award1 win & 9 nominations total,63,6.3,28708,N/A,N/A,
1064835,tt25010142,The Seven Deadly Sins: Grudge of Edinburgh Part 2,七つの大罪 怨嗟のエジンバラ 後編,"Reunited with Lancelot for the first time since their tragic accident, Tristan must learn to conquer his inner demons in order to save his mother's life.",2023-08-08,Released,"Action, Adventure, Fantasy, Animation","magic, based on manga, demon, anime, 3d animation, original net animation (ona)",Bob Shirohata,"Ayumu Murase, Koki Uchiyama, Yuki Kaji, Sora Amamiya, Tatsuhisa Suzuki",0,0,55,7.181,232,3.7848,ja,JP,False,False,The Seven Deadly Sins: Grudge of Edinburgh Part 2,2023,TV-14,08 Aug 2023,53,"Animation, Action, Adventure",Bob Shirahata,"Rintarou Ikeda, Nakaba Suzuki","Mikako Komatsu, Kôki Uchiyama, Yûki Kaji","Reunited with Lancelot for the first time since their tragic accident, Tristan must learn to conquer his inner demons in order to save his mother's life.",Japanese,Japan,N/A,N/A,6.2,616,N/A,N/A,
1086591,tt28036417,Rascal Does Not Dream of a Knapsack Kid,青春ブタ野郎はランドセルガールの夢を見ない,"Finally, the day of Mai's high school graduation has arrived. While Sakuta eagerly waits for his girlfriend, an elementary schooler who looks exactly like her appears before him. Suspicious, and for all the wrong reasons... Meanwhile, Sakuta and Kaede's father suddenly calls, saying that their mother wants to see her daughter. She was hospitalized because Kaede's condition had been too much for her to bear, so what could she possibly want now?",2023-12-01,Released,"Animation, Drama, Fantasy","based on novel or book, supernatural, sequel, romance, shocking, anime, japanese high school, based on light novel",Soichi Masui,"Kaito Ishikawa, Asami Seto, Yurika Kubo, Nao Toyama, Atsumi Tanezaki",0,2050242,75,7.724,78,3.7547,ja,JP,False,False,Rascal Does Not Dream of a Knapsack Kid,2023,N/A,01 Dec 2023,75,"Animation, Drama, Fantasy",Sôichi Masui,"Hajime Kamoshida, Masahiro Yokotani","Stephen Fu, Kaito Ishikawa, Yurika Kubo","Sakuta attends Mai's graduation and meets a child who looks like Mai. He gets a call about his mom, sees a scar, and wonders about a new syndrome.",Japanese,Japan,1 nomination total,N/A,7.7,1794,N/A,N/A,
1076364,tt26736061,Carl's Date,Carl's Date,"Carl Fredricksen reluctantly agrees to go on a date with a lady friend—but admittedly has no idea how dating works these days. Ever the helpful friend, Dug steps in to calm Carl's pre-date jitters and offer some tried-and-true tips for making friends—if you're a dog.",2023-06-15,Released,"Animation, Family, Comedy, Romance","date, love, dog, short film",Bob Peterson,"Ed Asner, Bob Peterson",0,0,9,7.443,444,3.5768,en,US,False,False,Carl's Date,2023,G,21 Jun 2023,8,"Animation, Short, Comedy",Bob Peterson,"Bob Peterson, Pete Docter","Edward Asner, Bob Peterson","A reluctant Carl Fredricksen agrees to go on a date, but admits he has no idea how dating works these days. Like the friend he is, Dug tries to calm Carl down and offers tips on how to make friends.",English,United States,N/A,N/A,6.4,3998,N/A,N/A,
845387,tt14935892,maboroshi,アリスとテレスのまぼろし工場,"A factory explosion plunges a small town into a timeless freeze, leaving teenage Masamune and his pals to grapple with a quickly collapsing reality.",2023-09-15,Released,"Animation, Drama, Romance, Fantasy","small town, supernatural, coming of age, love, explosion, time freeze , anime, uncertainty, audacious, enchant","Mari Okada, Seimei Kidokoro","Junya Enoki, Reina Ueda, Misaki Kuno, Koji Seto, Kento Hayashi",0,1700000,112,7.26,131,3.4286,ja,JP,False,False,Maboroshi,2023,TV-14,15 Jan 2024,111,"Animation, Drama, Fantasy","Mari Okada, Seimei Kidokoro",Mari Okada,"Jun'ya Enoki, Reina Ueda, Misaki Kuno","Following an explosion at a factory that mysteriously freezes a town in time, two students encounter a mysterious feral child, spurring an impulse of love fueled by the frustration of their daily lives that begins to upend their w...",Japanese,Japan,N/A,N/A,6.3,2176,N/A,N/A,
816904,tt23177868,Mummies,Momias,"Through a series of unfortunate events, three mummies end up in present-day London and embark on a wacky and hilarious journey in search of an old ring belonging to the Royal Family, stolen by ambitious archaeologist Lord Carnaby.",2023-01-05,Released,"Animation, Adventure, Fantasy, Family","egypt, london, england, museum, mummy, chariot race, musical, wedding ring, archaeologist, ancient egypt, aftercreditsstinger",Juan Jesús García Galocha,"Joe Thomas, Eleanor Tomlinson, Santiago Winder, Hugh Bonneville, Sean Bean",12000000,53400000,88,6.908,507,3.4178,es,ES,False,False,Mummies,2023,PG,24 Feb 2023,88,"Animation, Adventure, Comedy",Juan Jesús García Galocha,"Jordi Gasull, Javier López Barreira","Óscar Barberán, Ana Esther Alborg, Luis Reina","It follows three mummies as they end up in present-day London and embark on a journey in search of an old ring belonging to the Royal Family, stolen by the ambitious archaeologist Lord Carnaby.","English, Spanish, Catalan","Spain, United States",3 nominations total,N/A,5.9,10236,"$4,275,970",N/A,
1056803,tt27348312,Rascal Does Not Dream of a Sister Venturing Out,青春ブタ野郎はおでかけシスターの夢を見ない,"After a draining December, Sakuta is quickly nearing the end of his second year of high school. Since Mai is a third-year student, they don't have much time left together before graduation rolls around. Meanwhile, his sister, Kaede, is slowly but steadily venturing outdoors again. Just as she begins to find her footing, she announces her most ambitious goal yet—attending her brother's high school! Sakuta knows better than anyone how difficult this will be for Kaede, and he's ready to support her however he can. He's just not sure if that's what's best for her...or what she really wants...",2023-06-23,Released,"Animation, Drama, Fantasy","supernatural, sequel, anime, japanese high school, sister sister relationship, idol, high school life, based on light novel, sisters relationship, family bonds",Soichi Masui,"Kaito Ishikawa, Asami Seto, Yurika Kubo, Nao Toyama, Atsumi Tanezaki",0,0,74,7.707,58,3.264,ja,JP,False,False,Rascal Does Not Dream of a Sister Venturing Out,2023,N/A,23 Jun 2023,73,"Animation, Drama, Fantasy",Sôichi Masui,"Hajime Kamoshida, Masahiro Yokotani","Natsuki Aikawa, Himika Akaneya, Sora Amamiya","Sakuta is nearing the end of his second year of high school, with Mai as a third-year student. His sister, Kaede, announces her ambitious goal of attending her brother's high school, and Sakuta is ready to support her.",Japanese,Japan,N/A,N/A,7.3,1913,N/A,N/A,
998731,tt29092780,Sasaki and Miyano: Graduation,映画 佐々木と宮野ー卒業編ー,"As Sasaki prepares for his college entrance exams, Miyano tries to make the most of their limited time together while grappling with his own emotions.",2023-02-17,Released,"Animation, Romance","high school, bisexuality, sequel, coming of age, based on manga, lgbt, anime, japanese high school, boys' love (bl)",Shinji Ishihira,"Yusuke Shirai, Soma Saito, Yoshitsugu Matsuoka, Yuki Ono, Yuma Uchida",0,0,50,6.0,51,3.2378,ja,JP,False,False,Sasaki and Miyano: Graduation chapter,2023,13+,12 Feb 2023,59,"Animation, Romance",Shinji Ishihira,N/A,"Ryôhei Arai, Mitsuhiro Ichiki, Yuna Kamakura","The school year is coming to a close, and Sasaki's graduation draws near. He and Miyano have only a brief amount of time left to enjoy being in school together, and they want to take every opportunity to do just that.",Japanese,Japan,N/A,N/A,N/A,315,N/A,N/A,
832502,tt8637498,The Monkey King,The Monkey King,"A stick-wielding monkey teams with a young girl on an epic quest for immortality, battling demons, dragons, gods — and his own ego — along the way.",2023-07-30,Released,"Animation, Fantasy, Adventure, Family, Comedy",,Anthony Stacchi,"Jimmy O. Yang, Bowen Yang, Jolie Hoang-Rappaport, Jo Koy, Ron Yuan",0,0,92,6.531,338,2.9246,en,US,False,False,The Monkey King,2023,PG,18 Aug 2023,97,"Animation, Action, Adventure",Anthony Stacchi,"Steve Bencich, Ron J. Friedman, Rita Hsiao","Jimmy O. Yang, Bowen Yang, Jolie Hoang-Rappaport","Inspired by an epic Chinese tale, translated into an action-packed comedy, a Monkey and his magical fighting Stick battle demons, dragons, gods and the greatest adversary of all - Monkey's ego.","English, Chinese","China, Hong Kong, United States",1 win total,59,5.8,7601,N/A,N/A,
968868,tt39318020,Pretty Guardian Sailor Moon Cosmos the Movie Part 1,劇場版 美少女戦士セーラームーンCosmos 前編,"The Sailor Guardians enjoy a brief moment of peace until Mamoru's Golden Crystal is stolen by Sailor Galaxia and the mysterious Sailor Starlights appear. One by one, Sailor Moon’s friends and loved ones are targeted by a formidable new enemy who threatens to destroy everything and rule over the cosmos.",2023-06-09,Released,"Animation, Action, Adventure, Fantasy, Romance","sequel, based on manga, shoujo, anime, magical girl",Tomoya Takahashi,"Kotono Mitsuishi, Kenji Nojima, Misato Fukuen, Hisako Kanemoto, Rina Sato",0,0,80,7.329,70,2.7467,ja,JP,False,False,Pretty Guardian Sailor Moon Cosmos the Movie Part 1,2023,TV-PG,09 Jun 2023,81,"Animation, Action, Adventure",Tomoya Takahashi,"Naoko Takeuchi, Kazuyuki Fudeyasu","Ai Maeda, Ami Koshimizu, Hisako Kanemoto",N/A,Japanese,Japan,N/A,N/A,N/A,N/A,N/A,N/A,
1003581,tt27687527,Justice League: Warworld,Justice League: Warworld,"Until now, the Justice League has been a loose association of superpowered individuals. But when they are swept away to Warworld, a place of unending brutal gladiatorial combat, Batman, Superman, Wonder Woman and the others must somehow unite to form an unbeatable resistance able to lead an entire planet to freedom.",2023-07-25,Released,"Animation, Action, Science Fiction, Adventure","superhero, investigation, based on comic, alien invasion, wild west, shape shifter, excited, tomorrowverse (dc)",Jeff Wamester,"Jensen Ackles, Darren Criss, Stana Katic, Ike Amadi, Troy Baker",0,0,90,6.763,298,2.645,en,US,False,False,Justice League: Warworld,2023,R,25 Jul 2023,89,"Animation, Action, Adventure",Jeff Wamester,"Jeremy Adams, John Albano, Ernie Altbacker","Jensen Ackles, Darren Criss, Stana Katic","Warworld, a place of unending brutal gladiatorial combat, Batman, Superman, Wonder Woman and others must unite to form an unbeatable resistance to lead the entire planet to freedom.",English,United States,1 nomination total,N/A,5.3,5814,N/A,N/A,
968870,tt28284638,Pretty Guardian Sailor Moon Cosmos the Movie Part 2,劇場版 美少女戦士セーラームーンCosmos 後編,"One by one, Sailor Moon’s friends and loved ones are targeted by a formidable new enemy who threatens to destroy everything and rule over the cosmos. After devastating losses, Sailor Moon endures her battle against Shadow Galactica. Will despair crush her, or will she find light in the darkness?",2023-06-30,Released,"Animation, Adventure, Fantasy, Romance","time travel, sequel, based on manga, shoujo, anime, magical girl, noble sacrifice",Tomoya Takahashi,"Kotono Mitsuishi, Kenji Nojima, Misato Fukuen, Hisako Kanemoto, Rina Sato",0,524551,80,7.925,53,2.5956,ja,JP,False,False,Sailor Moon Cosmos Part 2,2023,N/A,30 Jun 2023,N/A,Action,N/A,N/A,N/A,"In the second installment, the Sailor Warriors continue working alongside the Sailor Starlights to stop Sailor Galaxy's conquest of the universe.",N/A,N/A,N/A,N/A,7.6,149,N/A,N/A,
1150394,tt28283972,La Leyenda de los Chaneques,La Leyenda de los Chaneques,"Five years after giving up his powers and separating from his friends, Leo San Juan has started a new life trying to focus on his family and their bakery, staying away from danger and adventures. However, Leo knows that his plans are rarely fulfilled and this time is no exception: while traveling with Nando to Veracruz, things start to get weird, and from the depths of the Tuxtlas jungle, an ancient curse has returned and only Leo can face it.",2023-07-14,Released,"Animation, Comedy, Family, Horror",,Marvick Núñez,"Benny Emmanuel, Emilio Treviño, Jorge Rafael, Mayté Cordero, Annie Rojas",1100000,0,89,8.364,258,2.4981,es,MX,False,False,La Leyenda de los Chaneques,2023,TV-PG,14 Jul 2023,89,"Animation, Adventure, Comedy",Marvick Eduardo Núñez Aguilera,David Hernández Miranda,"Alfredo Gabriel Basurto, Jaime Collepardo, Mayté Cordeiro","Five years after giving up his powers, Leo San Juan is accompanied by Nando on his way to Veracruz, when an ancient local curse strikes. This time Leo has no powers, no friends, no time, and apparently no opportunity.",Spanish,"Mexico, Philippines",N/A,N/A,N/A,184,N/A,N/A,
1146348,tt28508231,"Scooby-Doo! and Krypto, Too!","Scooby-Doo! and Krypto, Too!","When the Justice League goes missing and villains overrun Metropolis, there's only one team that can solve this mystery: Scooby-Doo and the gang! But wait, there's a new dog in town – Krypto – Superman's Superdog with Super Powers. Mystery Inc. will need all the help it can get when phantoms menace the Justice League's headquarters.",2023-09-25,Released,"Animation, Family, Mystery, Fantasy, Comedy","superhero, villain, talking dog, dog hero, team up, excited",Cecilia Aranovich,"Frank Welker, Grey DeLisle, Matthew Lillard, Kate Micucci, P.J. Byrne",0,0,79,7.417,96,2.2914,en,US,False,False,,,,,,,,,,,,,,,,,,,OMDb request failed: Error getting data.
776835,tt2560092,The Magician's Elephant,The Magician's Elephant,"Peter is searching for his long-lost sister when he crosses paths with a fortune teller in the market square. His only question is: is his sister still alive? The answer, that he must find a mysterious elephant and the magician who will conjure it, sets Peter off on a journey to complete three seemingly impossible tasks that will change the face of his town forever.",2023-03-10,Released,"Animation, Adventure, Family, Fantasy, Comedy","search, cartoon elephant",Wendy Rogers,"Noah Jupe, Mandy Patinkin, Brian Tyree Henry, Natasia Demetriou, Sian Clifford",0,0,99,6.79,233,2.2629,en,AU,False,False,The Magician's Elephant,2023,PG,17 Mar 2023,99,"Animation, Adventure, Comedy",Wendy Rogers,"Martin Hynes, Kate DiCamillo","Noah Jupe, Mandy Patinkin, Brian Tyree Henry",An orphaned boy is told by a fortune teller that an elephant will help him find his lost sister.,English,"United States, Australia",N/A,53,6.6,6572,N/A,N/A,
870358,tt15352516,Merry Little Batman,Merry Little Batman,"This Christmas, Damian Wayne wants to be a superhero like his dad – the one and only Batman. When Damian is left home alone while Batman takes on Gotham’s worst supervillains on Christmas Eve, he stumbles upon a villainous plot to steal Christmas and leaps at the chance to save the day.",2023-12-08,Released,"Animation, Action, Family, Comedy","holiday, based on comic, family, christmas",Mike Roth,"Yonas Kibreab, Luke Wilson, James Cromwell, David Hornsby, Dolph Adomian",0,0,97,6.617,171,2.2168,en,US,False,False,Merry Little Batman,2023,TV-Y7,08 Dec 2023,96,"Animation, Comedy, Family",Mike Roth,"Morgan Evans, Jase Ricci, Mike Roth","Luke Wilson, Yonas Kibreab, James Cromwell","Damian Wayne is left alone at home while his father, Batman, goes out to help the Justice League on Christmas Eve, but ends up discovering a plot in Gotham to steal Christmas and take the chance to be a superhero like Batman.",English,"United States, France",5 nominations total,74,6.4,4466,N/A,N/A,
586810,tt26915336,Mars Express,Mars Express,"In 2200, private detective Aline Ruby and her android partner Carlos Rivera are hired by a wealthy businessman to track down a notorious hacker. On Mars, they descend deep into the underbelly of the planet's capital city where they uncover a darker story of brain farms, political corruption, and a missing girl who holds a secret about the robots that threatens to change the face of the universe.",2023-11-22,Released,"Animation, Science Fiction, Thriller","android, man vs machine, planet mars, hacker, female protagonist, cyberpunk, robot, private detective, adult animation, near future",Jérémie Périn,"Léa Drucker, Mathieu Amalric, Daniel Njo Lobé, Marie Bouvet, Sébastien Chassagne",7900000,1455713,89,7.456,531,2.2049,fr,FR,False,False,Mars Express,2023,Not Rated,03 May 2024,88,"Animation, Action, Mystery",Jérémie Périn,"Laurent Sarfati, Jérémie Périn","Léa Drucker, Mathieu Amalric, Daniel Njo Lobé","Set in the 23rd century on Mars, the plot follows the investigation on a murder case carried out by the couple formed by private investigator Aline Ruby and her android companion Carlos Rivera.",French,France,8 wins & 7 nominations total,76,7.5,12986,"$200,581",N/A,
734002,tt10651230,The Peasants,Chłopi,"Peasant girl Jagna is forced to marry the much older, wealthy farmer Boryna, despite her love for his son Antek. With time, Jagna becomes the object of envy and disdain with the villagers and she must fight to preserve her independence.",2023-10-13,Released,"Animation, History, Drama","adultery, based on novel or book, peasant, sexual violence, poland, marriage for money, adult animation, historical drama, 19th century, peasant girl","Hugh Welchman, DK Welchman","Kamila Urzędowska, Robert Gulaczyk, Mirosław Baka, Sonia Mietielica, Ewa Kasprzyk",7475000,10064347,115,7.527,164,2.1057,pl,PL,False,False,The Peasants,2023,R,13 Oct 2023,114,"Animation, Drama, History","DK Welchman, Hugh Welchman","Wladyslaw Stanislaw Reymont, DK Welchman, Hugh Welchman","Kamila Urzedowska, Robert Gulaczyk, Miroslaw Baka","Jagna is a young woman determined to forge her own path in a late 19th century Polish village - a hotbed of gossip and on-going feuds, held together, rich and poor, by adherence to colorful traditions and deep-rooted patriarchy.","Polish, Latin","Poland, Serbia, Lithuania",10 wins & 19 nominations total,61,7.6,9057,"$155,188",N/A,
1022789,tt22022452,Inside Out 2,Inside Out 2,"Teenager Riley's mind headquarters is undergoing a sudden demolition to make room for something entirely unexpected: new Emotions! Joy, Sadness, Anger, Fear and Disgust, who’ve long been running a successful operation by all accounts, aren’t sure how to feel when Anxiety shows up. And it looks like she’s not alone.",2024-06-11,Released,"Animation, Adventure, Comedy, Family","sadness, disgust, sequel, computer animation, teenage girl, fear, anger, envy, aftercreditsstinger, duringcreditsstinger",Kelsey Mann,"Amy Poehler, Maya Hawke, Kensington Tallman, Liza Lapira, Tony Hale",200000000,1698863816,97,7.5,6664,30.2836,en,US,False,False,Inside Out 2,2024,PG,14 Jun 2024,96,"Animation, Adventure, Comedy",Kelsey Mann,"Meg LeFauve, Dave Holstein, Kelsey Mann","Amy Poehler, Maya Hawke, Kensington Tallman","A sequel that features Riley entering puberty and experiencing brand new, more complex emotions as a result. As Riley tries to adapt to her teenage years, her old emotions try to adapt to the possibility of being replaced.","English, French, Spanish",United States,Nominated for 1 Oscar. 7 wins & 107 nominations total,73,7.5,245290,"$652,980,194",N/A,
1184918,tt29623480,The Wild Robot,The Wild Robot,"After a shipwreck, an intelligent robot called Roz is stranded on an uninhabited island. To survive the harsh environment, Roz bonds with the island's animals and cares for an orphaned baby goose.",2024-09-12,Released,"Family, Animation, Science Fiction, Adventure","island, parent child relationship, robot, based on children's book, kindness, goose, aftercreditsstinger, duringcreditsstinger, shipwrecked, kids",Chris Sanders,"Lupita Nyong'o, Pedro Pascal, Kit Connor, Bill Nighy, Stephanie Hsu",78000000,331982078,102,8.308,6053,29.7711,en,US,False,False,The Wild Robot,2024,PG,27 Sep 2024,102,"Animation, Adventure, Family",Chris Sanders,"Chris Sanders, Peter Brown","Lupita Nyong'o, Pedro Pascal, Kit Connor","After a shipwreck, an intelligent robot called Roz is stranded on an uninhabited island. To survive the harsh environment, Roz bonds with the island's animals and cares for an orphaned baby goose.","English, German, French, Spanish, Swahili, Japanese","United States, Japan",Nominated for 3 Oscars. 94 wins & 109 nominations total,85,8.2,216281,"$143,901,945",N/A,
1241982,tt13622970,Moana 2,Moana 2,"After receiving an unexpected call from her wayfinding ancestors, Moana journeys alongside Maui and a new crew to the far seas of Oceania and into dangerous, long-lost waters for an adventure unlike anything she's ever faced.",2024-11-21,Released,"Adventure, Animation, Comedy, Family, Fantasy","sea, ocean, villain, musical, sequel, coming of age, explorer, duringcreditsstinger, polynesia, seafarer","David G. Derrick Jr., Jason Hand, Dana Ledoux Miller","Auliʻi Cravalho, Dwayne Johnson, Hualālai Chung, Rose Matafeo, David Fane",150000000,1059242164,100,7.0,3060,26.6411,en,CA,False,False,Moana 2,2024,PG,27 Nov 2024,100,"Animation, Adventure, Comedy","David G. Derrick Jr., Jason Hand, Dana Ledoux Miller","Jared Bush, Dana Ledoux Miller, Bek Smith","Auli'i Cravalho, Dwayne Johnson, Hualalai Chung","After receiving an unexpected call from her wayfinding ancestors, Moana must journey to the far seas of Oceania and into dangerous, long-lost waters for an adventure unlike anything she's ever faced.","English, Samoan","United States, Canada",6 wins & 30 nominations total,58,6.3,124885,"$460,405,297",N/A,
1011985,tt21692408,Kung Fu Panda 4,Kung Fu Panda 4,"Po is gearing up to become the spiritual leader of his Valley of Peace, but also needs someone to take his place as Dragon Warrior. As such, he will train a new kung fu practitioner for the spot and will encounter a villain called the Chameleon who conjures villains from the past.",2024-03-02,Released,"Action, Adventure, Animation, Comedy, Family, Fantasy","martial arts, kung fu, china, villain, sequel, panda, anthropomorphism, chameleon, female villain, pathetic",Mike Mitchell,"Jack Black, Awkwafina, Viola Davis, Dustin Hoffman, Bryan Cranston",80000000,548040835,94,6.999,3490,25.0512,en,US,False,False,Kung Fu Panda 4,2024,PG,08 Mar 2024,94,"Animation, Action, Adventure","Mike Mitchell, Stephanie Stine","Jonathan Aibel, Glenn Berger, Darren Lemke","Jack Black, Awkwafina, Viola Davis","After Po is tapped to become the Spiritual Leader of the Valley of Peace, he needs to find and train a new Dragon Warrior, while a wicked sorceress plans to re-summon all the master villains whom Po has vanquished to the spirit re...",English,"United States, China, Japan",12 nominations total,54,6.3,78494,"$193,590,620",N/A,
519182,tt7510222,Despicable Me 4,Despicable Me 4,"Gru and Lucy and their girls—Margo, Edith and Agnes—welcome a new member to the Gru family, Gru Jr., who is intent on tormenting his dad. Gru also faces a new nemesis in Maxime Le Mal and his femme fatale girlfriend Valentina, forcing the family to go on the run.",2024-06-20,Released,"Action, Animation, Comedy, Family, Science Fiction","superhero, villain, sequel, super villain, aftercreditsstinger, duringcreditsstinger, kids, calm",Chris Renaud,"Steve Carell, Kristen Wiig, Will Ferrell, Sofía Vergara, Miranda Cosgrove",100000000,972021410,94,6.987,3188,22.5436,en,US,False,False,Despicable Me 4,2024,PG,03 Jul 2024,94,"Animation, Adventure, Comedy","Chris Renaud, Patrick Delage","Mike White, Ken Daurio","Steve Carell, Kristen Wiig, Pierre Coffin","Gru, Lucy, Margo, Edith, and Agnes welcome a new member to the family, Gru Jr., who is intent on tormenting his dad. Gru faces a new nemesis in Maxime Le Mal and his girlfriend Valentina, and the family is forced to go on the run.","English, French",United States,2 wins & 6 nominations total,52,6.2,76384,"$361,004,205",N/A,
1357633,tt33428606,Solo Leveling -ReAwakening-,俺だけレベルアップな件 -ReAwakening-,"Over a decade after 'gates' connecting worlds appeared, awakening 'hunters' with superpowers, weakest hunter Sung Jinwoo encounters a double dungeon and accepts a mysterious quest, becoming the only one able to level up, changing his fate. A catch-up recap of the first season coupled with an exclusive sneak peek of the first two episodes of the highly anticipated second season in one momentous theatrical fan experience.",2024-11-26,Released,"Action, Adventure, Fantasy, Animation","based on novel or book, based on comic, compilation, edited from tv series, anime, based on webcomic or webtoon, dungeon crawling, modern dungeon",Shunsuke Nakashige,"Taito Ban, Genta Nakamura, Haruna Mikawa, Reina Ueda, Daisuke Hirakawa",0,6331827,116,7.161,271,18.1382,ja,JP,False,False,Solo Leveling: ReAwakening,2024,R,06 Dec 2024,121,"Animation, Action, Adventure",Shunsuke Nakashige,Chugong,"Brandon Acosta, Taito Ban, Ramoile Barreiros","Over a decade after 'gates' connecting worlds appeared, awakening 'hunters' with superpowers, weakest hunter Sung Jinwoo encounters a double dungeon and accepts a mysterious quest, becoming the only one able to level up, changing ...",Japanese,"South Korea, Japan",N/A,N/A,8.7,14954,"$3,350,693",N/A,
823219,tt4772188,Flow,Straume,"A solitary cat, displaced by a great flood, finds refuge on a boat with various species and must navigate the challenges of adapting to a transformed world together.",2024-08-29,Released,"Adventure, Animation, Family, Fantasy","ocean, cat, boat, dystopia, survival, dog, ruins, flood, lemur, kids",Gints Zilbalodis,,3700000,17660107,85,8.088,2802,17.3912,lv,LV,False,False,Flow,2024,PG,14 Feb 2025,85,"Animation, Adventure, Family",Gints Zilbalodis,"Gints Zilbalodis, Matiss Kaza, Ron Dyens","Gints Zilbalodis, Thomas Oldman, Alexander David Bobson","Cat is a solitary animal, but as its home is devastated by a great flood, he finds refuge on a boat populated by various species, and will have to team up with them despite their differences.",None,"Latvia, Belgium, France",Won 1 Oscar. 57 wins & 79 nominations total,87,7.9,121667,"$4,844,117",N/A,
762509,tt13186482,Mufasa: The Lion King,Mufasa: The Lion King,"Mufasa, a cub lost and alone, meets a sympathetic lion named Taka, the heir to a royal bloodline. The chance meeting sets in motion an expansive journey of a group of misfits searching for their destiny.",2024-12-18,Released,"Adventure, Family, Animation","friendship, paradise, lion, musical, prequel, jungle, told in flashback, betrayal by friend, chance meeting, live action remake",Barry Jenkins,"Aaron Pierre, Kelvin Harrison Jr., Tiffany Boone, Kagiso Lediga, Preston Nyman",200000000,722631756,118,7.314,2653,16.1818,en,US,False,False,Mufasa: The Lion King,2024,PG,20 Dec 2024,118,"Animation, Adventure, Drama",Barry Jenkins,Jeff Nathanson,"Aaron Pierre, Kelvin Harrison Jr., Tiffany Boone","Mufasa, a cub lost and alone, meets a sympathetic lion named Taka, the heir to a royal bloodline. The chance meeting sets in motion an expansive journey of a group of misfits searching for their destiny.","English, Swahili","United States, Canada",1 win & 18 nominations total,56,6.6,80914,"$254,567,693",N/A,
698687,tt8864596,Transformers One,Transformers One,"The untold origin story of Optimus Prime and Megatron, better known as sworn enemies, but once were friends bonded like brothers who changed the fate of Cybertron forever.",2024-09-11,Released,"Animation, Science Fiction, Adventure, Family","based on toy, giant robot, aftercreditsstinger, duringcreditsstinger, buddy movie, brothers-in-arms relationship, origin story, alien robot",Josh Cooley,"Chris Hemsworth, Brian Tyree Henry, Scarlett Johansson, Keegan-Michael Key, Jon Hamm",75000000,129408392,104,7.968,1607,10.3355,en,US,False,False,Transformers One,2024,PG,20 Sep 2024,104,"Animation, Action, Adventure",Josh Cooley,"Eric Pearson, Andrew Barrer, Gabriel Ferrari","Chris Hemsworth, Brian Tyree Henry, Scarlett Johansson","The untold origin story of Optimus Prime and Megatron, better known as sworn enemies, but who once were friends bonded like brothers who changed the fate of Cybertron forever.",English,United States,25 nominations total,65,7.6,62745,"$59,098,421",N/A,
748783,tt5779228,The Garfield Movie,The Garfield Movie,"Garfield, the world-famous, Monday-hating, lasagna-loving indoor cat, is about to have a wild outdoor adventure! After an unexpected reunion with his long-lost father – scruffy street cat Vic – Garfield and his canine friend Odie are forced from their perfectly pampered life into joining Vic in a hilarious, high-stakes heist.",2024-04-30,Released,"Family, Comedy, Adventure, Animation","friendship, cat, villain, based on comic, lasagna, computer animation, based on cartoon, food, dog, female villain",Mark Dindal,"Chris Pratt, Samuel L. Jackson, Hannah Waddingham, Ving Rhames, Nicholas Hoult",60000000,254907482,101,6.992,1432,9.7495,en,HK,False,False,The Garfield Movie,2024,PG,24 May 2024,101,"Animation, Adventure, Comedy",Mark Dindal,"Paul A. Kaplan, Mark Torgove, David Reynolds","Chris Pratt, Samuel L. Jackson, Hannah Waddingham","After Garfield's unexpected reunion with his long-lost father, ragged alley cat Vic, he and his canine friend Odie are forced from their perfectly pampered lives to join Vic on a risky heist.",English,"United States, United Kingdom, Hong Kong",2 wins & 2 nominations total,31,5.7,26657,"$91,956,547",N/A,
1244492,tt31711040,Look Back,ルックバック,"Popular, outgoing Fujino is celebrated by her classmates for her funny comics in the class newspaper. One day, her teacher asks her to share the space with Kyomoto, a truant recluse whose beautiful artwork sparks a competitive fervor in Fujino. What starts as jealousy transforms when Fujino realizes their shared passion for drawing.",2024-06-28,Released,"Animation, Drama","friendship, elementary school, friends, school, based on manga, shounen, anime, mangaka, manga artist, akita, japan",Kiyotaka Oshiyama,"Yuumi Kawai, Mizuki Yoshida, Yoichiro Saito, Kota Oka, Kureha Maki",0,12648664,58,8.064,539,8.1088,ja,JP,False,False,Look Back,2024,13+,07 Nov 2024,58,"Animation, Drama",Kiyotaka Oshiyama,"Kiyotaka Oshiyama, Tatsuki Fujimoto","Yumi Kawai, Mizuki Yoshida, Yôichirô Saitô","The overly confident Fujino and the shut-in Kyomoto couldn't be more different, but a love of drawing manga brings these two small-town girls together.",Japanese,"Japan, United States",4 wins & 6 nominations total,90,7.8,20538,"$2,002,270",N/A,
1333100,tt33175825,Attack on Titan: THE LAST ATTACK,劇場版「進撃の巨人」完結編 THE LAST ATTACK,"A colossal-sized omnibus film bringing together the last two episodes of Attack on Titan in the franchise's first-ever theatrical experience. After venturing beyond the walls and separated from his comrades, Eren finds himself inspired by this new truth and plots the ""Rumbling,"" a terrifying plan to eradicate every living thing in the world. With the fate of the world hanging in the balance, a motley crew of Eren's former comrades and enemies scramble to halt his deadly mission. The only question is, can they stop him?",2024-03-20,Released,"Animation, Action, Adventure, Drama","dystopia, giant monster, compilation, based on manga, aftercreditsstinger, edited from tv series, shounen, anime, suspenseful, complicated",Yuichiro Hayashi,"Yuki Kaji, Yui Ishikawa, Marina Inoue, Hiroshi Kamiya, Yu Shimamura",0,21525687,145,8.715,195,6.9366,ja,JP,False,False,Attack on Titan the Movie: The Last Attack,2024,N/A,08 Nov 2024,145,"Animation, Action, Adventure",Yûichirô Hayashi,"Jarrod Greene, Aaron Dismuke, Hajime Isayama","Tomás Ábalo, Natsuki Hanae, Yoshimasa Hosoya","The fate of the world hangs in the balance as Eren unleashes the ultimate power of the Titans. With a burning determination to eliminate all who threaten Eldia, he leads an unstoppable army of Colossal Titans towards Marley.",Japanese,Japan,N/A,N/A,9.2,23518,"$2,890,192",N/A,
1159311,tt32176689,My Hero Academia: You're Next,僕のヒーローアカデミア THE MOVIE ユアネクスト,"In a society devastated by the effects of an all-out war between heroes and villains, a mysterious giant fortress suddenly appears, engulfing towns and people one after another. Then, a man reminiscent of All Might, the 'symbol of peace', stands in front of Izuku and his friends...",2024-08-02,Released,"Animation, Action, Adventure, Science Fiction","based on manga, super power, shounen, anime, teen superhero, based on tv series",Tensai Okamura,"Daiki Yamashita, Meru Nukumi, Mamoru Miyano, Kenta Miyake, Nobuhiko Okamoto",0,32224616,110,7.22,214,6.9081,ja,JP,False,False,My Hero Academia: You're Next,2024,PG-13,11 Oct 2024,110,"Animation, Action, Adventure",Tensai Okamura,"Yôsuke Kuroda, Kôhei Horikoshi","Nasim Benelkour, Kimmie Britt, Gerard Caster","Deku, Bakugo, Todoroki and the rest of U.A. High Class 1-A must face off against Dark Might and the obscure crime organisation under his control, the Gollini Family.",Japanese,Japan,1 nomination total,N/A,7.0,3660,"$5,041,781",N/A,
1012201,tt30476486,HAIKYU!! The Dumpster Battle,劇場版ハイキュー!! ゴミ捨て場の決戦,"Shoyo Hinata joins Karasuno High's volleyball club to be like his idol, a former Karasuno player known as the 'Little Giant'. But Hinata soon learns that he must team up with his middle school nemesis, Tobio Kageyama. Their clashing styles form a surprising weapon, but can their newfound teamwork defeat their rival Nekoma High in the highly anticipated 'Dumpster Battle', the long awaited ultimate showdown between two opposing underdog teams?",2024-02-16,Released,"Animation, Comedy","high school, sports, training, volleyball, sequel, high school sports, slice of life, tournament, based on manga, sport competition",Susumu Mitsunaka,"Ayumu Murase, Kaito Ishikawa, Yuki Kaji, Yuichi Nakamura, Satoshi Hino",5000000,100255784,84,7.7,243,6.8191,ja,JP,False,False,Haikyu!! The Dumpster Battle,2024,PG-13,31 May 2024,85,"Animation, Comedy, Drama","Susumu Mitsunaka, Jonathan Rigg","Haruichi Furudate, Susumu Mitsunaka","Ayumu Murase, Kaito Ishikawa, Yûki Kaji","Despite a strong field, the Karasuno High volleyball team advances past the preliminary round of the Harutaka tournament in Miyagi prefecture to reach the third round.",Japanese,Japan,3 nominations total,67,7.7,6882,"$7,071,622",N/A,
1014505,tt14603848,OVERLORD: The Sacred Kingdom,劇場版「オーバーロード」聖王国編,"Facing possible annihilation by the Demon Emperor's demi-human army, the Sacred Kingdom reluctantly seeks aid from the feared, undead Sorcerer King Ainz.",2024-09-20,Released,"Action, Adventure, Animation, Fantasy","video game, magic, anti hero, supernatural, invasion, political intrigue , religious conflict, dark fantasy, conquest, anime",Naoyuki Ito,"Satoshi Hino, Yoshino Aoyama, Hitomi Nabatame, Saori Hayami, Haruka Tomatsu",0,7614966,134,7.851,181,6.5377,ja,JP,False,False,Overlord: The Sacred Kingdom,2024,R,08 Nov 2024,135,"Animation, Action, Adventure",Naoyuki Itô,"Naoyuki Itô, Kugane Maruyama","Satoshi Hino, Yumi Hara, Masayuki Katô","Momonga, now known as the Sorcerer King Ains Ooal Gown, rallies the Sorcerer Kingdom and its undead army to join the fight alongside the Sacred Kingdom and the Slane Theocracy in hopes to defeat the Demon Emperor Jaldabaoth.",Japanese,Japan,1 nomination total,N/A,6.8,1711,"$1,650,280",N/A,
1104844,tt28671146,BLUE LOCK THE MOVIE -EPISODE NAGI-,劇場版ブルーロック -EPISODE 凪-,"When apathetic gamer Nagi agrees to join his rich classmate Mikage in soccer, their partnership leads to the famous Blue Lock program — and to changes.",2024-04-19,Released,"Animation, Action, Drama","sports, bromance, football (soccer), based on manga, shounen, anime",Shunsuke Ishikawa,"Nobunaga Shimazaki, Yuma Uchida, Kazuyuki Okitsu, Kazuki Ura, Tasuku Kaito",0,14291561,91,7.429,231,6.3833,ja,JP,False,False,Blue Lock: Episode Nagi,2024,PG-13,28 Jun 2024,91,"Animation, Drama, Sport",Shunsuke Ishikawa,"Muneyuki Kaneshiro, Taku Kishimoto, Yusuke Nomura","Nobunaga Shimazaki, Yuma Uchida, Kazuyuki Okitsu",Seishiro Nagi before he enters the titular Blue Lock facility.,Japanese,Japan,N/A,N/A,6.6,2866,"$1,855,384",N/A,
1064307,tt14828040,Spermageddon,Spermageddon,"Two narrative threads: one is an emerging love story between awkward teens Jens and Lisa, who are having sex for the first time; the other, an eventful quest of Simon the Semen and his friends to reach the golden goal, the Egg.",2024-12-28,Released,"Animation, Adventure, Fantasy, Comedy","sperm, musical, romcom, interracial romance, teenage girl, teenage boy, adult animation, multiple storylines, teenage romance, birth control","Tommy Wirkola, Rasmus A. Sivertsen","Christian Mikkelsen, Nasrin Khusrawi, Aksel Hennie, Mathilde Storm, Christian Rubeck",3000000,1333332,80,6.412,130,5.6436,no,NO,False,False,Spermageddon,2024,N/A,28 Feb 2025,80,"Animation, Comedy, Musical","Rasmus A. Sivertsen, Tommy Wirkola","Geir Vegar Hoel, Jesper Sundnes, Tommy Wirkola","Christian Fredrik Mikkelsen, Nasrin Khusrawi, Aksel Hennie","Two narrative threads - one is an emerging love story between two awkward teens, John and Lisa, who are having sex for the first time and the other is an eventful quest of Simon the Semen and his friends to reach the golden goal, ...",Norwegian,Norway,1 nomination total,N/A,5.4,1569,N/A,N/A,
588648,tt7093904,Dragonkeeper,Guardiana de dragones (Dragonkeeper),"Set in Han Imperial China, the plot follows the adventures of enslaved girl Ping with ancient dragon Long Danzi. Dragons had been banished from the kingdom. Ping, an orphan, finds one of the last remaining dragon eggs. Palace guards force Ping to run away in order to return the dragon egg to the ocean and save all dragons from extinction. Ping discovers that she is a true Dragonkeeper.",2024-04-11,Released,"Animation, Family, Action, Adventure, Fantasy","fantasy world, giant dragon, animation","Jian-Ping Li, Salvador Simó","Mario Gas, Lucía Pérez, Fernando Castro, Carlos de Luna, José Gómez Adán",25600000,6206231,99,7.6,220,5.4955,es,CN,False,False,Dragonkeeper,2024,PG,03 May 2024,98,"Animation, Adventure, Fantasy","Jianping Li, Salvador Simó","Carole Wilkinson, Pablo I. Castrillo, Ignacio Ferreras","Bill Nighy, Mayalinee Griffiths, Anthony Howell","The fate of ancient China rests on the shoulders of one young girl, who must find the last remaining dragon egg and fulfill her destiny.","English, Chinese, Spanish","Spain, China",1 win & 9 nominations total,N/A,5.8,2122,"$805,091",N/A,
1263421,tt31869664,Baki Hanma VS Kengan Ashura,範馬刃牙VSケンガンアシュラ,"It's the ultimate showdown. The toughest fighters from ""Baki Hanma"" and ""Kengan Ashura"" clash in this unprecedented, hard-hitting martial arts crossover.",2024-06-05,Released,"Animation, Action, Fantasy","martial arts, fight, shounen, anime, original net animation (ona)",Toshiki Hirano,"Nobunaga Shimazaki, Tatsuhisa Suzuki, Akio Otsuka, Takuya Eguchi, Kenta Miyake",0,0,60,7.594,368,5.4425,ja,JP,False,False,Baki Hanma VS Kengan Ashura,2024,TV-MA,06 Jun 2024,62,"Animation, Action, Drama",Toshiki Hirano,"Daromeon, Atsuo Ishino, Keisuke Itagaki","Nobunaga Shimazaki, Tatsuhisa Suzuki, Yutaka Aoyama","It's the ultimate showdown. The toughest fighters from Baki Hanma (2021) and Kengan Ashura (2019) clash in this unprecedented, hard-hitting martial arts crossover.",Japanese,Japan,N/A,N/A,5.7,2141,N/A,N/A,
592983,tt7215232,Spellbound,Spellbound,"When a powerful spell turns her parents into giant monsters, a teenage princess must journey into the wild to reverse the curse before it's too late.",2024-11-22,Released,"Animation, Fantasy, Family, Adventure, Comedy","magic, kingdom, musical, kids, 3d animation, adoring",Vicky Jenson,"Rachel Zegler, Miguel Bernardeau, Giovanna Bush, Dennis Stowe, Jenifer Lewis",0,0,111,6.6,310,5.3773,en,ES,False,False,Spellbound,2024,PG,22 Nov 2024,109,"Animation, Adventure, Comedy",Vicky Jenson,"Vicky Jenson, Lauren Hynek, Elizabeth Martin","Rachel Zegler, John Lithgow, Jenifer Lewis","Ellian is a tenacious princess who must go on a daring quest to save her family and kingdom after a mysterious spell transforms her parents, the King and Queen of Lumbria, into monsters.",English,"Spain, United States",3 nominations total,54,5.5,8275,N/A,N/A,
1064486,tt23770030,Memoir of a Snail,Memoir of a Snail,"Forcibly separated from her twin brother when they are orphaned, a melancholic misfit learns how to find confidence within herself amid the clutter of misfortunes and everyday life.",2024-10-17,Released,"Animation, Drama, Comedy","depression, difficult childhood, death of father, stop motion, foster family, adult animation, death in childbirth, broken family, claymation, brother sister relationship",Adam Elliot,"Sarah Snook, Kodi Smit-McPhee, Jacki Weaver, Magda Szubanski, Dominique Pinon",4350000,7,94,8.033,771,5.1114,en,AU,False,False,Memoir of a Snail,2024,R,29 Jul 2025,95,"Animation, Drama",Adam Elliot,Adam Elliot,"Jacki Weaver, Sarah Snook, Charlotte Belsey","A bittersweet memoir of a melancholic woman called Grace Pudel - a hoarder of snails, romance novels, and guinea pigs.","English, French",Australia,Nominated for 1 Oscar. 19 wins & 73 nominations total,81,7.8,24588,"$669,798",N/A,
1209217,tt31474158,Detective Conan: The Million-Dollar Pentagram,名探偵コナン 100万ドルの五稜星（みちしるべ）,"A message has arrived from Kid the Phantom Thief, that he will steal a Japanese sword belonging to wealthy Onoe Family in Hakodate, Hokkaido. Conan and Heiji Hattori, who happened to be in Hakodate, are on the case to capture Kid. Coincidentally the family lawyer of Onoe is found murdered in the warehouse district, apparently slaughtered by a Japanese sword. The suspect is an investor/arms dealer who is said to be after Onoe family’s hidden treasure. In the North among cherry blossoms, the exciting hunt for treasure begins!",2024-04-12,Released,"Animation, Crime, Mystery, Action","detective, master thief, romance, sword fight, based on manga, samurai sword, anime, hokkaido, japan, lighthearted, mystery",Chika Nagaoka,"Minami Takayama, Wakana Yamazaki, Rikiya Koyama, Ryo Horikawa, Yuko Miyamura",0,108136957,110,6.932,74,5.0479,ja,JP,False,False,Detective Conan: The Million-Dollar Pentagram,2024,N/A,12 Apr 2024,111,"Animation, Mystery, Romance",Chika Nagaoka,"Takahiro Ôkura, Gôshô Aoyama, Jun'ichi Iioka","Banjô Ginga, Hikaru Hanada, Tomoe Hanba","The ""truth"" hidden in the sword cuts through the dark night and leads one under the moon. Love and incidents unfold in turbulent ways. The treasure battle mystery that will divide the world has begun.",Japanese,Japan,1 nomination total,N/A,6.7,1860,N/A,N/A,
839033,tt14824600,The Lord of the Rings: The War of the Rohirrim,The Lord of the Rings: The War of the Rohirrim,"A sudden attack by Wulf, a clever and traitorous lord of Rohan seeking vengeance for the death of his father, forces Helm Hammerhand, the King of Rohan, and his people to make a daring last stand in the ancient stronghold of the Hornburg.",2024-12-05,Released,"Animation, Fantasy, Adventure, Action","based on novel or book, prequel, treachery, fantasy world, anime, high fantasy, war, horsemen",Kenji Kamiyama,"Brian Cox, Gaia Wise, Luke Pasqualino, Laurence Ubong Williams, Lorraine Ashbourne",30000000,20658572,134,6.549,849,5.0275,en,JP,False,False,The Lord of the Rings: The War of the Rohirrim,2024,PG-13,13 Dec 2024,134,"Animation, Action, Adventure",Kenji Kamiyama,"Jeffrey Addiss, Will Matthews, Phoebe Gittins","Brian Cox, Gaia Wise, Miranda Otto","A sudden attack by Wulf, a clever and traitorous lord of Rohan seeking vengeance for the death of his father, forces Helm Hammerhand, the King of Rohan, and his people to make a daring last stand in the ancient stronghold of the H...",English,"United States, New Zealand, Japan",2 nominations total,54,6.3,37877,"$9,158,572",N/A,
1147416,tt13701202,"Miraculous World: London, At the Edge of Time","Miraculous World : Londres, la course contre le temps","To save the future from a terrible fate, Marinette becomes Chronobug and teams up with Bunnyx to defeat a mysterious opponent who travels through time.",2024-11-14,Released,"Animation, Family, Action, Fantasy","london, england, paris, france, superhero, time travel, notebook, death of father, ghost, kids, changing history, masked supervillain",Thomas Astruc,"Anouck Hautbois, Marie Nonnenmacher, Benjamin Bollen, Clara Soares, Marie Chevalot",0,0,50,7.5,306,4.6458,fr,FR,False,False,"Miraculous World: London, At the Edge of Time",2024,TV-Y7,28 Nov 2024,50,"Animation, Action, Adventure",Thomas Astruc,"Thomas Astruc, Mélanie Duval, Frédéric Engel Lenoir","Cristina Valenzuela, Bryce Papenbrook, Keith Silverstein","Ladybug's identity is exposed. Now, Chronobug and Bunnyx must stop a new Butterfly Miraculous holder and save the future.","French, English","United States, France",N/A,N/A,8.1,459,,,
929204,tt17163970,Wallace & Gromit: Vengeance Most Fowl,Wallace & Gromit: Vengeance Most Fowl,"Gromit’s concern that Wallace is becoming too dependent on his inventions proves justified, when Wallace invents a “smart” gnome that seems to develop a mind of its own. When it emerges that a vengeful figure from the past might be masterminding things, it falls to Gromit to battle sinister forces and save his master… or Wallace may never be able to invent again!",2024-12-18,Released,"Family, Comedy, Adventure, Animation","inventor, human animal relationship, penguin, anthropomorphism, revenge, stop motion, robot, dog, animals, jewelry heist","Nick Park, Merlin Crossingham","Ben Whitehead, Peter Kay, Lauren Patel, Reece Shearsmith, Diane Morgan",0,191452,79,7.461,646,4.5558,en,GB,False,False,Wallace & Gromit: Vengeance Most Fowl,2024,PG,03 Jan 2025,82,"Animation, Adventure, Comedy","Merlin Crossingham, Nick Park","Mark Burton, Nick Park, Barunka O'Shaughnessy","Ben Whitehead, Peter Kay, Lauren Patel",Top dog Gromit springs into action to save his master when Wallace's high-tech invention goes rogue and he is framed for a series of suspicious crimes.,English,United Kingdom,Nominated for 1 Oscar. 7 wins & 48 nominations total,83,7.5,39105,N/A,N/A,
1371727,tt33999453,Sing: Thriller,Sing: Thriller,"Buster Moon dreams up a star-studded spectacle set to Michael Jackson's ""Thriller"" in this animated short featuring characters from the hit ""Sing"" films.",2024-10-15,Released,"Animation, Family, Comedy, Music",short film,Garth Jennings,"Matthew McConaughey, Tori Kelly, Nick Kroll, Scarlett Johansson, Taron Egerton",0,0,11,7.151,205,4.483,en,US,False,False,Sing: Thriller,2024,TV-PG,16 Oct 2024,11,"Animation, Short, Comedy",Garth Jennings,Garth Jennings,"Matthew McConaughey, Tori Kelly, Nick Kroll","The short film is based on Michael Jackson's hit song ""Thriller"" from his 1982 album of the same name. A theater troupe's ""Thriller"" performance goes awry when partygoers transform into zombie dancers after exposure to a mysteriou...",English,United States,N/A,N/A,6.6,3113,N/A,N/A,
1329336,tt33130902,The Bad Guys: Haunted Heist,The Bad Guys: Haunted Heist,The crafty Bad Guys crew embarks on a high-stakes Halloween heist to swipe a priceless amulet from a spooky mansion. What could go wrong?,2024-10-02,Released,"Animation, Comedy","amulet, heist",Kevin Peaty,"Michael Godere, Ezekiel Ajeigbe, Raul Ceballos, Chris Diamantopoulos, Mallory Low",0,0,25,6.873,161,4.1123,en,US,False,False,The Bad Guys: Haunted Heist,2024,TV-Y7,03 Oct 2024,25,"Animation, Action, Adventure","Kevin Peaty, Christo Stamboliev","Ben Glass, Elizabeth Chun, Shane Lynch","Michael Godere, Ezekiel Ajeigbe, Raul Ceballos",The Bad Guys' Halloween night of thievery and crime turns into a night of terror when they come across a dangerous enemy of the supernatural kind that gives them a taste of their own medicine.,English,United States,N/A,N/A,5.5,1874,N/A,N/A,
1239251,tt31122323,Megamind vs. the Doom Syndicate,Megamind vs. the Doom Syndicate,"Megamind's former villain team, The Doom Syndicate, has returned. Our newly crowned blue hero must now keep up evil appearances until he can assemble his friends (Roxanne, Ol' Chum and Keiko) to stop his former evil teammates from launching Metro City to the Moon.",2024-03-01,Released,"Animation, Comedy, Science Fiction","sequel, aftercreditsstinger, low cost, low budget, absurd, embarrassed, mocking",Eric Fogel,"Keith Ferguson, Laura Post, Josh Brener, Maya Tuttle, Emily Tuñon",0,0,83,5.078,333,3.942,en,US,False,False,Megamind vs. The Doom Syndicate,2024,TV-G,01 Mar 2024,83,"Animation, Action, Adventure",Eric Fogel,"Alan Schoolcraft, Brent Simons, Eric Acosta","Keith Ferguson, Laura Post, Josh Brener","Megamind's former villain team, The Doom Syndicate, has returned. Newly crowned hero Megamind's must now keep up evil appearances until he can assemble his friends to stop his former evil teammates from launching Metro City to the...",English,"United States, Canada, India",N/A,N/A,2.4,6030,N/A,N/A,
829402,tt9471678,Ultraman: Rising,Ultraman: Rising,"A star athlete reluctantly returns home to take over his father's duties as Ultraman, shielding Tokyo from giant monsters as he becomes a legendary hero.",2024-06-14,Released,"Animation, Science Fiction, Family, Action","hero, superhero, villain, family relationships, parenthood, baseball player, kaiju, duringcreditsstinger, supervillain, imaginative",Shannon Tindle,"Christopher Sean, Gedde Watanabe, Tamlyn Tomita, Keone Young, Julia Harriman",0,0,117,8.041,388,3.8616,en,JP,False,False,Ultraman: Rising,2024,PG,14 Jun 2024,117,"Animation, Action, Adventure","Shannon Tindle, John Aoshima","Shannon Tindle, Marc Haimes","Christopher Sean, Tamlyn Tomita, Rob Fukuzaki","Ken Sato is a superstar baseball player who returns to Japan to become the latest hero to carry the mantle of Ultraman. However, he is compelled to raise a newborn kaiju monster, the offspring of his greatest enemy, as his own child.","English, Japanese","Japan, United States",1 win & 9 nominations total,66,6.9,7019,N/A,N/A,
598387,tt5834410,The Tiger's Apprentice,The Tiger's Apprentice,"After the death of his grandmother, Tom Lee discovers he is part of a long lineage of magical protectors known as the Guardians. With guidance from a mythical tiger named Hu and the other Zodiac animal warriors, Tom trains to take on an evil force that threatens humanity.",2024-02-16,Released,"Animation, Family, Fantasy","tiger, apprentice, based on children's book, chinese zodiac signs, apprenticeship, death of grandmother",Raman Hui Shing-Ngai,"Brandon Soo Hoo, Henry Golding, Lucy Liu, Sandra Oh, Michelle Yeoh",0,762183,84,7.295,144,3.8061,en,US,False,False,The Tiger's Apprentice,2024,PG,02 Feb 2024,84,"Animation, Action, Adventure","Raman Hui, Yong Duk Jhun, Paul Watling","David Magee, Christopher L. Yost, Laurence Yep","Henry Golding, Brandon Soo Hoo, Lucy Liu","Tom Lee, a Chinese-American boy, after the death of his grandmother, has to be apprenticed to the talking tiger Mr. Hu and learn ancient magic to become the new guardian of an ancient phoenix.",English,United States,2 nominations total,55,5.8,2307,N/A,N/A,
870360,tt15352542,The Day the Earth Blew Up: A Looney Tunes Movie,The Day the Earth Blew Up: A Looney Tunes Movie,"Porky and Daffy, the classic animated odd couple, turn into unlikely heroes when their antics at the local bubble gum factory uncover a secret alien mind control plot. Against all odds, the two are determined to save their town (and the world!)...that is if they don't drive each other crazy in the process.",2024-08-01,Released,"Family, Comedy, Adventure, Animation, Science Fiction","chewing gum, zombie, alien invasion, buddy comedy, duringcreditsstinger, chaotic, playful, based on tv series, hilarious, cliché",Peter Browngardt,"Eric Bauza, Candi Milo, Peter MacNicol, Fred Tatasciore, Laraine Newman",15000000,15076954,91,7.542,216,3.7145,en,US,False,False,The Day the Earth Blew Up: A Looney Tunes Movie,2024,PG,14 Mar 2025,91,"Animation, Adventure, Comedy",Peter Browngardt,"Darrick Bachman, Peter Browngardt, Kevin Costello","Eric Bauza, Candi Milo, Peter MacNicol",Porky Pig and Daffy Duck are Earth's only hope when facing the threat of alien invasion.,English,"United States, Canada",1 win & 5 nominations total,68,6.8,8546,"$8,875,344",N/A,
1239146,tt20221690,Woody Woodpecker Goes to Camp,Woody Woodpecker Goes to Camp,"After getting kicked out of the forest, Woody thinks he's found a forever home at Camp Woo Hoo — until an inspector threatens to shut down the camp.",2024-04-12,Released,"Family, Comedy, Animation","camping, woodpecker, bird",Jonathan A. Rosenbaum,"Eric Bauza, Kevin Michael Richardson, Tom Kenny, Mary-Louise Parker, Josh Lawson",15000000,0,101,6.465,198,3.6398,en,US,False,False,Woody Woodpecker Goes to Camp,2024,TV-G,12 Apr 2024,100,"Animation, Adventure, Comedy",Jonathan A. Rosenbaum,"Cory Edwards, Jim Martin, Stephen Mazur","Mary-Louise Parker, Josh Lawson, Chloe De Los Santos","Woody Woodpecker must find a new home after being kicked out of the forest. At Camp Woo Hoo, he thinks he's found a forever home, but there's an inspector on the loose who wants to shut down the camp.",English,"United States, Bulgaria, Australia, Zambia",1 nomination total,N/A,4.5,2703,N/A,N/A,
1056444,tt23951384,The Colors Within,きみの色,"Totsuko is a high school student with the ability to see the 'colors' of others. Colors of bliss, excitement, and serenity, plus a color she treasures as her favorite. Kimi, a classmate at her school, gives off the most beautiful color of all. Although she doesn't play an instrument, Totsuko forms a band with Kimi and Rui, a quiet music enthusiast they meet at a used bookstore in a far corner of town. As they practice at an old church on a remote island, music brings them together, forming friendships and stirring affections.",2024-08-30,Released,"Animation, Drama, Music","high school, anime, synesthesia, nagasaki, music",Naoko Yamada,"Sayu Suzukawa, Akari Takaishi, Taisei Kido, Yui Aragaki, Aoi Yuuki",0,2485967,101,6.778,63,3.5187,ja,JP,False,False,The Colors Within,2024,PG,24 Jan 2025,101,"Animation, Drama, Music",Naoko Yamada,Reiko Yoshida,"Sayu Suzukawa, Akari Takaishi, Taisei Kido",A girl who can see colors in people's hearts joins a band with two other people.,Japanese,Japan,2 wins & 3 nominations total,76,7.1,1265,"$557,116",N/A,
739547,tt10442352,Thelma the Unicorn,Thelma the Unicorn,"Thelma dreams of being a glamorous unicorn. Then in a rare pink and glitter-filled moment of fate, Thelma's wish comes true. She rises to instant international stardom, but at an unexpected cost. After a while, Thelma realizes that she was happier as her ordinary, sparkle-free self. So she ditches her horn, scrubs off her sparkles, and returns home, where her best friend is waiting for her with a hug.",2024-05-17,Released,"Animation, Fantasy, Family","based on novel or book, musical, pony, unicorn, stardom","Lynn Wang, Jared Hess","Brittany Howard, Will Forte, Jemaine Clement, Edi Patterson, Maliaka Mitchell",0,0,93,6.91,194,3.484,en,US,False,False,Thelma the Unicorn,2024,PG,17 May 2024,93,"Animation, Adventure, Comedy","Jared Hess, Lynn Wang","Jared Hess, Jerusha Hess, Aaron Blabey","Brittany Howard, Will Forte, Jon Heder","A singing pony who dreams of stardom finds instant fame when she transforms into a sparkly unicorn, but becoming a celebrity is one wild ride.",English,"Canada, United States",1 win & 3 nominations total,64,5.7,3356,N/A,N/A,
1146972,tt14759062,Mobile Suit Gundam SEED FREEDOM,機動戦士ガンダムSEED FREEDOM,"In C.E.75, the fighting still continues. There are independence movements, and aggression by Blue Cosmos... In order to calm the situation, a global peace monitoring agency called COMPASS is established, with Lacus as its first president. As members of COMPASS, Kira and his comrades intervene into various regional battles. Then a newly established nation called Foundation proposes a joint operation against a Blue Cosmos stronghold.",2024-01-26,Released,"Animation, Science Fiction, Action, Drama","mind control, sequel, love, mecha, free will, eugenics, genetic engineering, anime, real robot, based on tv series",Mitsuo Fukuda,"Soichiro Hoshi, Rie Tanaka, Akira Ishida, Nanako Mori, Kenichi Suzumura",0,36038764,125,6.9,79,3.4759,ja,JP,False,False,Mobile Suit Gundam SEED Freedom,2024,N/A,26 Jan 2024,124,"Animation, Action, Adventure",Mitsuo Fukuda,"Yoshiyuki Tomino, Hajime Yatate, Mitsuo Fukuda","Sôichirô Hoshi, Rie Tanaka, Akira Ishida","Lacus Clyne becomes president of a peace monitoring organization, but things are not quite what they seem.",Japanese,Japan,1 win & 2 nominations total,N/A,6.6,1082,N/A,N/A,
1155089,tt29195117,Justice League: Crisis on Infinite Earths Part One,Justice League: Crisis on Infinite Earths Part One,"Death is coming. Worse than death: oblivion. Not just for our Earth, but for everyone, everywhere, in every universe! Against this ultimate destruction, the mysterious Monitor has gathered the greatest team of Super Heroes ever assembled. But what can the combined might of Superman, Wonder Woman, Batman, The Flash, Green Lantern and hundreds of Super Heroes from multiple Earths even do to save all of reality from an unstoppable antimatter armageddon?!",2024-01-08,Released,"Animation, Science Fiction, Action","superhero, villain, end of the world, based on graphic novel, superhero team, parallel universe, admiring, bewildered, excited, tomorrowverse (dc)",Jeff Wamester,"Matt Bomer, Jensen Ackles, Darren Criss, Meg Donnelly, Stana Katic",0,0,93,7.258,401,3.4244,en,US,False,False,Justice League: Crisis on Infinite Earths - Part One,2024,PG-13,09 Jan 2024,93,"Animation, Action, Adventure",Jeff Wamester,"James Krieg, George Pérez, Marv Wolfman","Matt Bomer, Jensen Ackles, Darren Criss","The Anti-Monitor, the Monitor's evil counterpart, is released into the DC Multiverse and begins to destroy the different Earths that compose it. The Monitor attempts to recruit heroes from across the Multiverse to fight back.",English,United States,N/A,N/A,6.2,9710,N/A,N/A,
756397,tt13176330,Hitpig!,Hitpig!,"A porcine bounty hunter accepts his next hit: Pickles, a naive, ebullient elephant. Though he initially sets out to capture the perky pachyderm, the unlikely pair find themselves crisscrossing the globe on an adventure that brings out the best in both of them.",2024-11-01,Released,"Animation, Comedy, Adventure, Family","friendship, bounty hunter, hitman, animal species, futuristic, admiring, animal rights activist","David Feiss, Cinzia Angelini","Jason Sudeikis, Lilly Singh, Rainn Wilson, Anitta, Hannah Gadsby",45000000,2345398,85,6.647,51,3.3913,en,CA,False,False,Hitpig,2024,PG,01 Nov 2024,86,"Animation, Action, Adventure","Cinzia Angelini, David Feiss","Berkeley Breathed, Dave Rosenbaum, Tyler Werrin","Jason Sudeikis, Lilly Singh, Rainn Wilson",A bounty hunter pig finds himself trekking the globe with a free-spirited elephant he intended to capture.,"English, Italian, Spanish","United Kingdom, Canada, United States",N/A,N/A,5.2,1259,"$2,324,019",N/A,
989730,tt32574149,Mononoke the Movie: The Phantom in the Rain,劇場版モノノ怪 唐傘,"In the chambers of the Edo harem, two newcomers uncover political intrigue, rivalry and a vengeful spirit only one traveling medicine seller can vanquish.",2024-07-26,Released,"Animation, Fantasy, Mystery","magic, based on manga, demon, seinen, japanese mythology, anime, based on anime, animated horror, supernatural horror, based on tv series",Kenji Nakamura,"Hiroshi Kamiya, Tomoyo Kurosawa, Aoi Yuuki, Kana Hanazawa, Mami Koyama",0,0,90,7.1,71,3.2888,ja,JP,False,False,Mononoke Movie: Paper Umbrella,2024,N/A,26 Jul 2024,89,"Animation, Fantasy, Horror",Kenji Nakamura,"Kenji Nakamura, Kôji Yamamoto","Hiroshi Kamiya, Tomoyo Kurosawa, Aoi Yûki","A deadly and mysterious master of the occult travels across feudal Japan, seeking malevolent spirits called Mononoke to slay. He must uncover their Form, Truth, and Reason to wield the mighty Exorcism Sword against them.",Japanese,Japan,2 wins,N/A,N/A,59,N/A,N/A,
831815,tt23063732,Saving Bikini Bottom: The Sandy Cheeks Movie,Saving Bikini Bottom: The Sandy Cheeks Movie,"When Bikini Bottom is scooped from the ocean, scientific squirrel Sandy Cheeks and her pal SpongeBob SquarePants saddle up for Texas to save their town.",2024-10-01,Released,"Family, Comedy, Adventure, Animation","squirrel, texas, road trip, save the day, based on tv series, demeaning",Liza Johnson,"Carolyn Lawrence, Tom Kenny, Clancy Brown, Bill Fagerbakke, Mr. Lawrence",100000000,0,87,6.12,167,3.1652,en,US,False,False,Saving Bikini Bottom: The Sandy Cheeks Movie,2024,TV-PG,02 Aug 2024,82,"Animation, Adventure, Comedy",Liza Johnson,"Kaz, Tom Stern, Stephen Hillenburg","Carolyn Lawrence, Tom Kenny, Clancy Brown","When Bikini Bottom is scooped from the ocean, scientific squirrel Sandy Cheeks and her pal SpongeBob SquarePants saddle up for Texas to save their town.","Arabic, English","United States, United Kingdom, Canada",2 nominations total,N/A,3.6,4554,N/A,N/A,
1354627,tt33404610,SpongeBob Squarepants: Kreepaway Kamp,SpongeBob Squarepants: Kreepaway Kamp,"While at Kamp Koral for a reunion, SpongeBob and the gang are stalked by a mysterious figure lurking in the shadows as campers start disappearing one by one!",2024-10-10,Released,"TV Movie, Family, Comedy, Horror, Animation",,"Dave Cunningham, Fred Osmond, Kurt Snyder, Sherm Cohen, Ian Vasquez","Tom Kenny, Bill Fagerbakke, Rodger Bumpass, Clancy Brown, Carolyn Lawrence",0,0,46,7.0,102,3.068,en,US,False,False,Kreepaway Kamp,2024,TV-Y7,10 Oct 2024,45,"Animation, Comedy, Family","Sherm Cohen, Dave Cunningham, Ian Vazquez","Mike Bell, Bobby Gaylor","Tom Kenny, Bill Fagerbakke, Rodger Bumpass","While at Kamp Koral for a reunion, SpongeBob and the gang are stalked by a mysterious figure lurking in the shadows as campers start disappearing one by one!",English,United States,N/A,N/A,5.7,253,N/A,N/A,
1311031,tt32820897,Demon Slayer: Kimetsu no Yaiba Infinity Castle,劇場版「鬼滅の刃」無限城編 第一章 猗窩座再来,"The Demon Slayer Corps are drawn into the Infinity Castle, where Tanjiro, Nezuko, and the Hashira face terrifying Upper Rank demons in a desperate fight as the final battle against Muzan Kibutsuji begins.",2025-07-18,Released,"Animation, Action, Fantasy","supernatural, sequel, based on manga, demon, shounen, anime, brother sister relationship, taisho period",Haruo Sotozaki,"Natsuki Hanae, Takahiro Sakurai, Akira Ishida, Hiro Shimono, Yoshimasa Hosoya",20000000,733030221,156,7.712,831,93.706,ja,JP,False,False,Demon Slayer: Kimetsu no Yaiba Infinity Castle,2025,R,12 Sep 2025,155,"Animation, Action, Adventure","Haruo Sotozaki, Hikaru Kondô","Koyoharu Gotouge, Hikaru Kondô","Zach Aguilar, Saeko Akiho, Yôhei Azakami","The Demon Slayer Corps are drawn into the Infinity Castle, where Tanjiro and the Hashira face terrifying Upper Rank demons in a desperate fight as the final battle against Muzan Kibutsuji begins.",Japanese,"Japan, United States",2 wins & 7 nominations total,67,8.4,64082,"$134,519,077",N/A,
1084242,tt26443597,Zootopia 2,Zootopia 2,"After cracking the biggest case in Zootopia's history, rookie cops Judy Hopps and Nick Wilde find themselves on the twisting trail of a great mystery when Gary De'Snake arrives and turns the animal metropolis upside down. To crack the case, Judy and Nick must go undercover to unexpected new parts of town, where their growing partnership is tested like never before.",2025-11-26,Released,"Adventure, Animation, Comedy, Family, Mystery","snake, bunny, fox, cop, sequel, anthropomorphism, animals, displacement, buddy cop, buddy comedy","Jared Bush, Byron Howard","Ginnifer Goodwin, Jason Bateman, Ke Huy Quan, Fortune Feimster, Andy Samberg",150000000,1868208796,108,7.639,2772,89.6629,en,US,False,False,Zootopia 2,2025,PG,26 Nov 2025,108,"Animation, Action, Adventure","Jared Bush, Byron Howard",Jared Bush,"Ginnifer Goodwin, Jason Bateman, Ke Huy Quan","Brave rabbit cop Judy Hopps and her friend, the fox Nick Wilde, team up again to crack a new case, the most perilous and intricate of their careers.",English,United States,Nominated for 1 Oscar. 20 wins & 89 nominations total,73,7.4,124386,"$428,130,160",N/A,
803796,tt14205554,KPop Demon Hunters,KPop Demon Hunters,"When K-pop superstars Rumi, Mira and Zoey aren't selling out stadiums, they're using their secret powers to protect their fans from supernatural threats.",2025-06-20,Released,"Fantasy, Music, Comedy, Animation","double life, loyalty, supernatural, affectation, musical, female friendship, female protagonist, demon, self-doubt, sing-along","Maggie Kang, Chris Appelhans","Arden Cho, May Hong, Ji-young Yoo, Ahn Hyo-seop, Yunjin Kim",100000000,24619953,96,8.027,2767,39.5448,en,US,False,False,KPop Demon Hunters,2025,PG,20 Jun 2025,95,"Animation, Action, Adventure","Chris Appelhans, Maggie Kang","Danya Jimenez, Hannah McMechan, Maggie Kang","Arden Cho, May Hong, Ji-young Yoo",A world-renowned K-Pop girl group balance their lives in the spotlight with their secret identities as demon hunters.,"English, Korean","United States, Canada",Won 2 Oscars. 107 wins & 50 nominations total,77,7.4,130920,"$24,300,000",N/A,
1539104,tt38121182,JUJUTSU KAISEN: Execution,劇場版 呪術廻戦「渋谷事変 特別編集版」×「死滅回游 先行上映」,"A veil abruptly descends over the busy Shibuya area amid the bustling Halloween crowds, trapping countless civilians inside. Satoru Gojo, the strongest jujutsu sorcerer, steps into the chaos. But lying in wait are curse users and spirits scheming to seal him away. Yuji Itadori, accompanied by his classmates and other top-tier jujutsu sorcerers, enters the fray in an unprecedented clash of curses — the Shibuya Incident. In the aftermath, ten colonies across Japan are transformed into dens of curses in a plan orchestrated by Noritoshi Kamo. As the deadly Culling Game starts, Special Grade sorcerer Yuta Okkotsu is assigned to carry out Yuji's execution for his perceived crimes. A compilation movie of Shibuya Incident including the first two episodes of the Culling Games arc.",2025-11-07,Released,"Animation, Action, Fantasy","compilation, based on manga, edited from tv series, shounen, anime, distressing",Shota Goshozono,"Junya Enoki, Megumi Ogata, Koji Yusa, Daisuke Namikawa, Yuma Uchida",0,44457030,88,5.975,99,29.8824,ja,JP,False,False,Jujutsu Kaisen: Execution,2025,R,05 Dec 2025,87,"Animation, Action, Fantasy",N/A,"Gege Akutami, Hiroshi Seko","Jun'ya Enoki, Yuma Uchida, Shigeru Chiba","A veil abruptly descends over the busy Shibuya area amid the bustling Halloween crowds, trapping countless civilians inside. In the aftermath, ten colonies across Japan are transformed into dens of curses.",Japanese,Japan,N/A,N/A,6.5,4406,N/A,N/A,
980477,tt34956443,Ne Zha 2,哪吒之魔童闹海,"After a catastrophic event leaves their bodies destroyed, Ne Zha and Ao Bing are granted a fragile second chance at life. As tensions rise between the dragon clans and celestial forces, the two must undergo a series of perilous trials that will test their bond, challenge their identities, and decide the fate of both mortals and immortals.",2025-01-29,Released,"Animation, Action, Fantasy, Adventure","fight, magic, dark fantasy, based on myths, legends or folklore, 3d animation, nezha, chinese mythology, donghua",Jiao Zi,"Lu Yanting, Joseph, Han Mo, Chen Hao, Lu Qi",80000000,2259822417,144,8.145,678,27.8013,zh,CN,False,False,Ne Zha 2,2025,PG-13,29 Jan 2025,144,"Animation, Action, Adventure",Yu Yang,"Xixing Lu, Zhonglin Xu, Yu Yang","Yanting Lü, Joseph, Mo Han","After a great catastrophe, the souls of Nezha and Aobing are saved, but their bodies face ruin. To give them new life, Taiyi Zhenren turns to the mystical seven-colored lotus in a daring bid to rebuild them and change their fate.","Mandarin, Chinese, English, Hindi, Spanish",China,20 wins & 8 nominations total,68,7.9,23207,"$23,308,176",N/A,
1218925,tt30472557,Chainsaw Man - The Movie: Reze Arc,劇場版 チェンソーマン レゼ篇,"In a brutal war between devils, hunters, and secret enemies, a mysterious girl named Reze has stepped into Denji's world, and he faces his deadliest battle yet, fueled by love in a world where survival knows no rules.",2025-09-19,Released,"Animation, Action, Romance, Fantasy","manipulation, melancholy, gore, sequel, tragedy, loneliness, chainsaw, star crossed lovers, tragic romance, mysterious",Tatsuya Yoshihara,"Kikunosuke Toya, Tomori Kusunoki, Reina Ueda, Shogo Sakata, Karin Takahashi",4100000,174502910,100,8.354,857,27.4664,ja,JP,False,False,Chainsaw Man - The Movie: Reze Arc,2025,R,24 Oct 2025,100,"Animation, Action, Adventure",Tatsuya Yoshihara,"Tatsuki Fujimoto, Hiroshi Seko","Kikunosuke Toya, Shiori Izawa, Tomori Kusunoki","Denji encounters a new romantic interest, Reze, who works at a coffee café.",Japanese,Japan,N/A,71,8.4,35800,"$43,438,461",N/A,
991494,tt23572848,The SpongeBob Movie: Search for SquarePants,The SpongeBob Movie: Search for SquarePants,"Desperate to be a big guy, SpongeBob sets out to prove his bravery to Mr. Krabs by following The Flying Dutchman – a mysterious swashbuckling ghost pirate – on a seafaring adventure that takes him to the deepest depths of the deep sea, where no Sponge has gone before.",2025-12-16,Released,"Adventure, Animation, Comedy, Family, Fantasy","based on cartoon, pirate, based on tv series, casual, underworld, adoring, amused, cheerful, familiar",Derek Drymon,"Tom Kenny, Clancy Brown, Rodger Bumpass, Bill Fagerbakke, Carolyn Lawrence",64000000,163197450,88,6.8,287,22.2108,en,US,False,False,The SpongeBob Movie: Search for SquarePants,2025,PG,18 Dec 2025,88,"Animation, Adventure, Comedy",Derek Drymon,"Pam Brady, Matt Lieberman, Marc Ceccarelli","Tom Kenny, Clancy Brown, Rodger Bumpass","Desperate to be a big guy, SpongeBob sets out to prove his bravery to Mr. Krabs by following the Flying Dutchman, a mysterious swashbuckling ghost pirate, to the deepest depths of the deep sea.",English,United States,4 nominations total,65,5.7,6073,"$70,484,958",N/A,
1175942,tt30017619,The Bad Guys 2,The Bad Guys 2,"The now-reformed Bad Guys are trying (very, very hard) to be good, but instead find themselves hijacked into a high-stakes, globe-trotting heist, masterminded by a new team of criminals they never saw coming: The Bad Girls.",2025-07-24,Released,"Family, Comedy, Crime, Adventure, Animation","california, based on novel or book, snake, police, wolf, fight, spider, villain, sequel, heist",Pierre Perifel,"Sam Rockwell, Marc Maron, Awkwafina, Craig Robinson, Anthony Ramos",80000000,239676236,104,7.653,775,20.4647,en,US,False,False,The Bad Guys 2,2025,PG,01 Aug 2025,104,"Animation, Action, Adventure","Pierre Perifel, JP Sans","Yoni Brenner, Etan Cohen, Aaron Blabey","Sam Rockwell, Marc Maron, Awkwafina","The Bad Guys are struggling to find trust and acceptance in their newly minted lives as Good Guys, when they are pulled out of retirement and forced to do ""one last job"" by an all-female squad of criminals.",English,United States,3 wins & 22 nominations total,64,7.0,27455,"$82,593,605",N/A,
1167307,tt15678738,David,David,"From the songs of his mother’s heart to the whispers of a faithful God, David’s story begins in quiet devotion. When the giant Goliath rises to terrorize a nation, a young shepherd armed with only a sling, a few stones, and unshakable faith steps forward. Pursued by power and driven by purpose, his journey tests the limits of loyalty, love, and courage—culminating in a battle not just for a crown, but for the soul of a kingdom.",2025-12-14,Released,"Animation, Drama, Family, History","aggression, bible, musical, religion, prophet, giant man, david vs. goliath, old testament, ancient regime, primitive civilization","Phil Cunningham, Brent Dawes","Brandon Engman, Brian Stivale, Shahar Taboch, Aaron Tavaler, Hector",60900000,85865995,109,8.058,137,19.8448,en,US,False,False,David,2025,PG,19 Dec 2025,109,"Animation, Adventure, Drama","Phil Cunningham, Brent Dawes","Brent Dawes, Kyle Portbury, Sam Wilson","Brandon Engman, Brian Stivale, Shahar Tavoch","From his mother's songs to his clash with Goliath, David's journey from humble shepherd to anointed king tests the limits of faith, courage, and love--culminating in a battle for the soul of a kingdom.",English,"South Africa, United States",1 nomination total,55,6.9,5510,"$80,382,774",N/A,
1022787,tt4900148,Elio,Elio,"Elio, a space fanatic with an active imagination, finds himself on a cosmic misadventure where he must form new bonds with eccentric alien lifeforms, navigate a crisis of intergalactic proportions and somehow discover who he is truly meant to be.",2025-06-18,Released,"Adventure, Animation, Comedy, Family, Science Fiction","villain, alien, coming of age, computer animation, eye patch, social outcast, aftercreditsstinger, beforecreditsstinger, space adventure, sattelite","Madeline Sharafian, Domee Shi, Adrian Molina","Yonas Kibreab, Remy Edgerly, Zoe Saldaña, Brad Garrett, Brandon Moon",150000000,154291182,98,6.905,971,12.1537,en,US,False,False,Elio,2025,PG,20 Jun 2025,98,"Animation, Adventure, Comedy","Adrian Molina, Madeline Sharafian, Domee Shi","Julia Cho, Mark Hammer, Mike Jones","Yonas Kibreab, Zoe Saldaña, Remy Edgerly","Elio, a space fanatic with an active imagination, finds himself on a cosmic misadventure where he must form new bonds with alien lifeforms, navigate a crisis of intergalactic proportions and somehow discover who he is truly meant ...","English, Spanish, French, Serbian, Dutch, Hindi, Japanese, Italian",United States,Nominated for 1 Oscar. 1 win & 47 nominations total,66,6.6,43868,"$72,987,454",N/A,
1406657,tt35114460,Scarlet,果てしなきスカーレット,"After failing to avenge her father's murder, Princess Scarlet, wakes up in the ""Land of the Dead."" In this world filled with madness, if she does not achieve her revenge against her nemesis and reach the ""No End Place,"" she will become ""Void"" and cease to exist. Can Scarlet find a way to live at the end of her endless journey?",2025-11-21,Released,"Animation, Action, Drama, Science Fiction","princess, time travel, revenge, anime",Mamoru Hosoda,"Mana Ashida, Masaki Okada, Yutaka Matsushige, Kotaro Yoshida, Koji Yakusho",0,1730000,112,7.308,91,11.631,ja,JP,False,False,Scarlet,2025,PG-13,06 Feb 2026,111,"Animation, Action, Adventure",Mamoru Hosoda,"Mamoru Hosoda, Todd Haberkorn","Mana Ashida, Masaki Okada, Masachika Ichimura","A medieval princess on a quest to avenge her father's death awakens in a realm between life and death, where she encounters an idealistic young man from the present day who shows her the possibility of a future free of bitterness ...",Japanese,Japan,1 win & 6 nominations total,60,6.4,731,"$621,669",N/A,
1144107,tt37284198,The Legend of Hei 2,罗小黑战记 2,"When an attack shatters the fragile peace between the spirit world and humanity, Hei teams up with Luye, the last disciple of his Shifu Wuxian, to expose a conspiracy that threatens both realms - and the bond they've sworn to protect.",2025-07-18,Released,"Animation, Fantasy, Action, Adventure","magic, cat, sequel, lyrical, donghua","Gu Jie, MTJJ","Shan Xin, Liu Mingyue, Zhu Jing, Luan Lisheng, Fu Chen Yang",0,67216848,119,8.5,54,11.5809,zh,CN,False,False,The Legend of Hei 2,2025,N/A,05 Sep 2025,120,"Animation, Action, Adventure","Jie Gu, Mtjj","Fengxishenlei, Jie Gu, Mtjj","Xin Shan, Chenyang Fu, Seth Fuentes","The film tells the story of a ""new mission"" from the Monster Hall. Faced with a series of mysteries, Xiaohei and his senior sister Luye embark on a new adventure to find the truth.","Mandarin, Chinese, Japanese",China,3 wins & 3 nominations total,N/A,7.9,1067,"$365,480",N/A,
936108,tt18069420,Smurfs,Smurfs,"When Papa Smurf is mysteriously taken by evil wizards, Razamel and Gargamel, Smurfette leads the Smurfs on a mission into the real world to save him. With the help of new friends, the Smurfs must discover what defines their destiny to save the universe.",2025-06-30,Released,"Animation, Family, Fantasy","musical, portal, based on comic, shocking, live action and animation, estranged brother, abduction, amused, mocking",Chris Miller,"Rihanna, James Corden, Nick Offerman, JP Karliak, Dan Levy",58000000,124157356,89,5.8,262,8.6159,en,US,False,False,Smurfs,2025,PG,18 Jul 2025,89,"Animation, Adventure, Comedy",Chris Miller,"Pam Brady, Peyo","Rihanna, James Corden, Nick Offerman","When Papa Smurf is taken by evil wizards Razamel and Gargamel, Smurfette leads the Smurfs on a mission to the real world to save him.",English,"Italy, Belgium, United States",3 nominations total,31,4.3,7017,"$31,075,170",N/A,
1326106,tt35636950,Kaiju No. 8: Mission Recon,怪獣８号 第1期総集編／同時上映「保科の休日」,"In a Kaiju-filled Japan, Kafka Hibino works in monster disposal. After reuniting with his childhood friend Mina Ashiro, a rising star in the anti-Kaiju Defense Force, he decides to pursue his abandoned dream of joining the Force, when he suddenly transforms into the powerful ""Kaiju No. 8."" An action-packed recap of the first season of Kaiju No. 8 and a new original episode, Hoshina's Day Off.",2025-03-28,Released,"Animation, Action, Science Fiction","giant monster, compilation, based on manga, kaiju, edited from tv series, shounen, anime","Shigeyuki Miya, Tomomi Kamiya","Masaya Fukunishi, Wataru Katoh, Fairouz Ai, Tessyo Genda, Kengo Kawanishi",0,0,110,8.0,93,8.5201,ja,JP,False,False,Kaiju No. 8: Mission Recon,2025,N/A,28 Mar 2025,120,"Animation, Action, Sci-Fi","Tomomi Kamiya, Shigeyuki Miya","Yûto Tsukuda, Naoya Matsumoto","Katelyn Barr, Nasim Benelkour, Abigail Blythe",A group of Defense Force volunteers come together to try to defeat an army of ruthless Kaiju.,Japanese,Japan,N/A,N/A,6.8,680,"$503,786",N/A,
1376434,tt36463894,Predator: Killer of Killers,Predator: Killer of Killers,"While three of the fiercest warriors in human history—a Viking raider, a ninja in feudal Japan, and a WWII pilot—are killers in their own right, they are merely prey for their new opponent: the ultimate killer of killers.",2025-06-05,Released,"Animation, Action, Science Fiction, Thriller","florida, japan, predator, world war ii, harpoon, pilot, cryogenics, vikings (norsemen), death of father, anthology",Dan Trachtenberg,"Lindsay LaVanchy, Louis Ozawa, Rick Gonzalez, Michael Biehn, Doug Cockle",0,0,85,7.796,1174,8.2918,en,US,False,False,Predator: Killer of Killers,2025,R,06 Jun 2025,85,"Animation, Action, Adventure","Dan Trachtenberg, Joshua Wassung","Micho Robert Rutare, Dan Trachtenberg, Jim Thomas","Michael Biehn, Doug Cockle, Rick Gonzalez",Three of the fiercest warriors in human history become prey to the ultimate killer of killers.,English,United States,1 win & 11 nominations total,78,7.4,57799,N/A,N/A,
1117857,tt27604215,In Your Dreams,In Your Dreams,Stevie and her little brother Elliot journey into the wildly absurd landscape of their own dreams to ask the Sandman to grant them the perfect family.,2025-11-07,Released,"Adventure, Animation, Comedy, Family, Fantasy","magic, wish, family, dream",Alexander Woo,"Jolie Hoang-Rappaport, Elias Janssen, Simu Liu, Craig Robinson, Cristin Milioti",0,0,87,7.0,215,8.268,en,US,False,False,In Your Dreams,2025,PG,14 Nov 2025,90,"Animation, Adventure, Comedy","Alexander Woo, Erik Benson","Erik Benson, Alexander Woo, Stanley Moore","Hailey Magpali, Simu Liu, Cristin Milioti",Stevie and her little brother Elliot journey into the wildly absurd landscape of their own dreams to ask the Sandman to grant them the perfect family.,English,United States,N/A,59,6.5,1343,N/A,N/A,
1181107,tt7967302,The King of Kings,The King of Kings,"Charles Dickens tells his young son Walter the greatest story ever told, and what begins as a bedtime tale becomes a life-changing journey. Through vivid imagination, the boy walks alongside Jesus, witnessing His miracles, facing His trials, and understanding His ultimate sacrifice.",2025-04-07,Released,"Adventure, Animation, Family, Fantasy","based on novel or book, cat, 19th century, 1st century, jesus christ, father son relationship, christian film, imagination, historical epic, biblical",Jang Seong-ho,"Oscar Isaac, Kenneth Branagh, Uma Thurman, Pierce Brosnan, Roman Griffin Davis",25200000,81328990,102,8.271,188,8.1374,en,KR,False,False,The King of Kings,2025,PG,11 Apr 2025,103,"Animation, Biography, Family",Seong-ho Jang,"Seong-ho Jang, Rob Edwards, Jamie Thomason","Mark Hamill, Pierce Brosnan, Roman Griffin Davis","Through a father's vivid storytelling, a boy journeys through Jesus' life, from humble beginnings to ultimate sacrifice. Along the way, he discovers the transformative power of faith.",English,"United States, South Korea",6 wins & 3 nominations total,42,6.8,8275,"$60,270,106",N/A,
1280282,tt32214143,Gabby's Dollhouse: The Movie,Gabby's Dollhouse: The Movie,"Gabby heads out on a road trip with her Grandma Gigi to the urban wonderland of Cat Francisco. But when Gabby's dollhouse, her most prized possession, ends up in the hands of an eccentric cat lady named Vera, Gabby sets off on an adventure through the real world to get the Gabby Cats back together and save the dollhouse before it's too late.",2025-09-13,Released,"Family, Comedy, Adventure, Animation","friendship, magic, cat, mermaid, musical, coming of age, growing up, breaking the fourth wall, tragic villain, duringcreditsstinger",Ryan Crego,"Laila Lockhart Kraner, Gloria Estefan, Kristen Wiig, Logan Bailey, Eduardo Franco",32000000,80322142,98,6.7,71,7.5619,en,US,False,False,Gabby's Dollhouse: The Movie,2025,G,26 Sep 2025,98,"Animation, Adventure, Comedy",Ryan Crego,"Mike Lew, Rehana Lew Mirza, Adam Wilson","Laila Lockhart Kraner, Kristen Wiig, Gloria Estefan",Gabby and Grandma Gigi's road trip takes an unexpected turn when Gabby's prized dollhouse ends up with eccentric cat lady Vera. Gabby embarks on a adventure to reunite the Gabby Cats and retrieve her beloved dollhouse before it's ...,English,"Canada, United States",3 nominations total,46,5.5,2474,"$32,011,820",N/A,
1396965,tt35444710,Detective Conan: One-Eyed Flashback,名探偵コナン 隻眼の残像,"As police inspector Yamato Kansuke pursues a certain man in the snowy mountains of Nagano, a shadow suddenly appears in his field of vision. While he's distracted, a rifle bullet fired by someone grazes his left eye and causes an avalanche accompanied by a roar. Ten months later, Kansuke, having miraculously survived the avalanche, receives a report that a researcher at the Nobeyama National Astronomical Observatory has been attacked.",2025-04-18,Released,"Animation, Action, Mystery, Crime","undercover agent, detective, based on manga, series of murders, observatory, shounen, anime, based on anime, murder case, nagano",Katsuya Shigehara,"Minami Takayama, Kappei Yamaguchi, Wakana Yamazaki, Rikiya Koyama, Yuji Takada",0,166061012,109,7.26,52,6.4512,ja,JP,False,False,Detective Conan: One-Eyed Flashback,2025,Not Rated,18 Apr 2025,110,"Animation, Action, Mystery",Katsuya Shigehara,"Takeharu Sakurai, Gôshô Aoyama","Show Hayami, Megumi Hayashibara, Hiroaki Hirata",Detectives Conan and Kogoro Mouri are pulled into a mystery connected to the past of police inspector Kansuke Yamato.,Japanese,Japan,1 win total,N/A,6.8,1030,N/A,N/A,
804370,tt14883538,Arco,Arco,"Ten-year-old Arco lives in a far future. During his first flight in his rainbow suit, he loses control and falls into the past. Iris, a girl his age from 2075, comes to his rescue and tries by any means to help send him back to his own era.",2025-10-22,Released,"Adventure, Animation, Family, Science Fiction","affectation, time travel, family relationships, conspiracy theory, absent parent, environmental issues, near future, 2070s, independent film, rainbow",Ugo Bienvenu,"Margot Ringard Oldra, Oscar Tresanini, Nathanaël Perrot, Alma Jodorowsky, Swann Arlaud",10000000,4570178,89,7.542,204,6.2325,fr,FR,False,False,Arco,2025,PG,14 Nov 2025,88,"Animation, Adventure, Fantasy",Ugo Bienvenu,"Ugo Bienvenu, Félix de Givry","Margot Ringard Oldra, Oscar Tresanini, Nathanaël Perrot","In 2075, a girl witnesses a mysterious boy in a rainbow suit fall from the sky. He comes from an idyllic far future where time travel is possible. She shelters him and will do whatever it takes to help him return to his time.","French, English","France, United States, United Kingdom",Nominated for 1 Oscar. 9 wins & 50 nominations total,73,7.5,2251,"$1,028,125",N/A,
774370,tt10954718,Dog Man,Dog Man,"When a faithful police dog and his human police officer owner are injured together on the job, a harebrained but life-saving surgery fuses the two of them together and Dog Man is born. Dog Man is sworn to protect and serve—and fetch, sit and roll over. As Dog Man embraces his new identity and strives to impress his Chief, he must stop the pretty evil plots of feline supervillain Petey the Cat.",2025-01-24,Released,"Family, Comedy, Adventure, Animation, Action","villain, based on children's book, spin off, police dog, human animal hybrid, amused",Peter Hastings,"Peter Hastings, Pete Davidson, Lil Rel Howery, Isla Fisher, Lucas Hopkins Calderon",40000000,145603415,89,7.435,354,6.1921,en,US,False,False,Dog Man,2025,PG,31 Jan 2025,89,"Animation, Action, Adventure",Peter Hastings,"Peter Hastings, Dav Pilkey","Pete Davidson, Poppy Liu, Lil Rel Howery","After a policeman and his police dog are fused together to turn into Dog Man, he must stop the villainous Petey the Cat from cloning himself and creating an evil kitten, doubling his evil abilities.",English,United States,5 nominations total,66,6.3,13274,"$97,970,355",N/A,
927254,tt0498396,The Twits,The Twits,"When the meanest, nastiest villains pull a trick to take over their town, two brave children team up with a family of magical animals to bring them down.",2025-10-17,Released,"Animation, Comedy, Family, Fantasy","based on children's book, duringcreditsstinger",Phil Johnston,"Margo Martindale, Johnny Vegas, Maitreyi Ramakrishnan, Ryan Anderson Lopez, Emilia Clarke",0,0,99,6.0,103,5.8602,en,GB,False,False,The Twits,2025,PG,17 Oct 2025,98,"Animation, Adventure, Comedy","Phil Johnston, Todd Demong, Katie Shanahan","Roald Dahl, Kirk DeMicco, Meg Favreau",N/A,"Two orphans join forces with a family of magical animals to save their city from the powerful Mr. and Mrs. Twit, the meanest, smelliest, nastiest people in the world.",English,"United States, United Kingdom",N/A,46,4.8,1174,N/A,N/A,
1107216,tt36424914,Pets on a Train,Falcon Express,"When a train unexpectedly starts up, taking only pets with it, the animals discover that Hans, a badger with a grudge is behind it all. While the crash seems inevitable, the animals can count on Falcon, a roguish Raccoon who will do anything to save them.",2025-07-02,Released,"Animation, Comedy, Adventure, Thriller","train, pets, talking animal, animal","Jean-Christian Tassy, Benoît Daffis","Damien Ferrette, Hervé Jolly, Kaycie Chase, Frantz Confiac, Emmanuel Garijo",0,13557300,86,7.0,51,5.7753,fr,FR,False,False,Pets on a Train,2025,PG,18 Jul 2025,87,"Animation, Action, Comedy","Benoît Daffis, Jean-Christian Tassy","David Alaux, Eric Tosti, Jean-François Tosti","Damien Ferrette, Hervé Jolly, Kaycie Chase","When a crew of animal bandits embark on a routine swindle, they find themselves caught up in a train heist. It's up to Falcon, a petty thief raccoon, and Rex, a righteous police-dog, to save the animals on this high-speed runway t...","French, Portuguese, English","France, United States",N/A,N/A,6.3,634,"$1,902,241",N/A,
1297763,tt32508210,Batman Ninja vs. Yakuza League,ニンジャバットマン対ヤクザリーグ,"The Batman family has returned to the present to discover that Japan has disappeared, and a giant island - Hinomoto - is now in the sky over Gotham City.  At the top sit the Yakuza, a group of superpowered individuals who reign without honor or humanity and look suspiciously like the Justice League. Now, it’s up to Batman and his allies to save Gotham!",2025-03-17,Released,"Animation, Action, Science Fiction","superhero, based on comic, duringcreditsstinger, anime, ridiculous","Jumpei Mizusaki, Shinji Takagi","Koichi Yamadera, Yuki Kaji, Kengo Kawanishi, Daisuke Ono, Ayane Sakura",0,0,90,6.724,230,5.3161,ja,JP,False,False,,,,,,,,,,,,,,,,,,,OMDb request failed: Error getting data.
1295026,tt32600395,100 METERS,ひゃくえむ。,"A gifted runner trains a determined but unskilled classmate, unaware he's creating a rival who will challenge him on the track for years to come.",2025-09-19,Released,"Animation, Drama","competition, rivalry, coming of age, based on manga, track and field, school life, athletics, anime, sportsmanship, inspirational",Kenji Iwaisawa,"Tori Matsuzaka, Shota Sometani, Yuma Uchida, Koki Uchiyama, Kenjiro Tsuda",0,3033000,107,7.843,105,5.0606,ja,JP,False,False,100 Meters,2025,N/A,12 Oct 2025,106,"Animation, Drama, Sport",Kenji Iwaisawa,"Uoto, Yasuyuki Muto","Aeric Azana, Oscar Cordova, Pressly James Crosby","Gifted runner Togashi dominates 100m races until transfer student Komiya arrives, motivating him to train harder. Years later, they compete as rivals on the racetrack.",Japanese,Japan,2 nominations total,72,7.9,955,"$140,991",N/A,
1304434,tt36733027,Nobody,浪浪山小妖怪,"The Little Pig Yao decides to leave Langlang Mountain to join the pilgrimage. On the journey west, what trials will the little monsters face? In the end, will they achieve their dreams and live as they truly desire?",2025-08-02,Released,"Animation, Adventure, Fantasy, Comedy","spin off, based on tv series, donghua",Yu Shui,"Chen Ziping, Lu Yang, Dong Wenliang, Liu Cong, Lin Qiang",0,215367669,118,7.829,73,4.8637,zh,CN,False,False,Nobody,2025,N/A,02 Aug 2025,118,"Animation, Comedy, Drama",Shui Yu,"Jia Liu, Shui Yu","Ziping Chen, Yang Lu, Wenliang Dong","The little pig demon decided to leave Langlang Mountain and form a grassroots team with the toad demon, the weasel demon, and the gorilla demon, to start the journey to the west.",Mandarin,China,11 wins & 4 nominations total,N/A,7.9,1690,N/A,N/A,
682012,tt29313285,Little Amélie or the Character of Rain,Amélie et la métaphysique des tubes,"The world is a perplexing, peaceful mystery to Amélie until a miraculous encounter with chocolate ignites her wild sense of curiosity. As she develops a deep attachment to her family's housekeeper, Nishio-san, Amélie discovers the wonders of nature as well as the emotional truths hidden beneath the surface of her family's idyllic life as foreigners in post-war Japan.",2025-06-25,Released,"Animation, Drama, Family","japan, based on novel or book, chocolate, housekeeper, nature, curiosity, chocolate bar, post war japan, belgian, foreigners","Maïlys Vallade, Liane-cho Han","Loïse Charpentier, Victoria Grobois, Yumi Fujimori, Cathy Cerda, Marc Arnaud",11100000,1530750,78,7.9,170,4.8255,fr,FR,False,False,Little Amélie or the Character of Rain,2025,N/A,25 Jun 2025,75,Animation,"Liane-Cho Han Jin Kuang, Mailys Vallade",Amélie Nothomb,"Emmylou Homs, Loïse Charpentier, Laetitia Coryn","Amélie, a Belgian child in Japan, explores life with her companion Nishio-san. Her third birthday becomes a turning point, marking the beginning of life-altering events that shape her understanding of the world.",French,France,2 nominations total,N/A,N/A,N/A,N/A,N/A,
1338799,tt36956670,JUJUTSU KAISEN: Hidden Inventory / Premature Death - The Movie,劇場版総集編 呪術廻戦 懐玉・玉折,"Pursued by a religious cult and other curse users, former friends Satoru Gojo and Suguru Geto are the only sorcerers capable of carrying the difficult task of protecting Riko Amanai, a student who has been designated to be sacrificed as the Star Plasma Vessel, until she can fulfill her duty.",2025-05-30,Released,"Animation, Action, Fantasy","supernatural, prequel, compilation, based on manga, school life, edited from tv series, shounen, anime, japanese high school",Shota Goshozono,"Yuichi Nakamura, Takahiro Sakurai, Anna Nagase, Takehito Koyasu, Aya Endo",0,9395267,110,8.5,85,4.4421,ja,JP,False,False,JUJUTSU KAISEN: Hidden Inventory/Premature Death - The Movie,2025,N/A,16 Jul 2025,110,"Animation, Action, Fantasy",Shouta Goshozono,"Gege Akutami, Hiroshi Seko","Aya Endô, Takehito Koyasu, Anna Nagase","Once-friends Gojo and Geto must protect Riko Amanai, marked as the Star Plasma Vessel sacrifice. Hunted by cultists and curse users, these powerful sorcerers face a mission that will test their limits and shape their futures.",Japanese,Japan,N/A,N/A,7.9,624,"$3,257,365",N/A,
1104845,tt32560777,Plankton: The Movie,Plankton: The Movie,Plankton's tangled love story with his sentient computer wife goes sideways when she takes a stand — and decides to destroy the world without him.,2025-03-08,Released,"Family, Comedy, Adventure, Animation, Science Fiction","based on cartoon, based on tv series, 3d animation, hilarious, indifferent",Dave Needham,"Mr. Lawrence, Jill Talley, Tom Kenny, Bill Fagerbakke, Rodger Bumpass",0,0,83,6.693,166,4.3546,en,US,False,False,Plankton: The Movie,2025,TV-PG,07 Mar 2025,87,"Animation, Adventure, Comedy","Dave Needham, Jonas Morganstein","Mr. Lawrence, Kaz, Chris Viscardi","Mr. Lawrence, Jill Talley, Tom Kenny","When Karen the Computer decides to take over the world, it's up to Plankton to stop her - with a little help from SpongeBob and the Gal Pals (Pearl, Sandy, and Mrs. Puff).",English,United States,2 nominations total,61,5.3,4531,N/A,N/A,
987400,tt21110654,Aztec Batman: Clash of Empires,Batman Azteca: Choque de imperios,"In the time of the Aztec empire, tragedy strikes Yohualli Coatl when his father is murdered by Spanish conquistadors. To warn King Moctezuma and his high priest, Yoka, of imminent danger, Yohualli escapes to Tenochtitlán. There, he trains in the temple of the bat god Tzinacan with his mentor, developing equipment and weaponry to confront the Spanish invasion and avenge his father’s death. Along the way, he encounters key figures like the fierce Jaguar Woman and the conquistador Hernán Cortés.",2025-09-18,Released,"Animation, Action, Fantasy","superhero, death of father, based on comic, colonisation, mexica (aztec), 16th century, vengeance, mesoamerica",Juan Jose Meza-Leon,"Horacio García Rojas, Álvaro Morte, Omar Chaparro, Humberto Busto, Jorge R. Gutierrez",0,0,90,7.7,143,4.2245,es,US,False,False,Aztec Batman: Clash of Empires,2025,R,18 Sep 2025,89,"Animation, Action, Adventure",Juan Jose Meza-Leon,"Ernie Altbacker, Alfredo Mendoza, Juan Jose Meza-Leon","Omar Chaparro, Raymond Cruz, Horacio Garcia Rojas","A young Aztec boy experiences tragedy when his father is murdered by Spanish Conquistadors. Yohualli escapes to Tenochtitlan to warn King Moctezuma and his high priest, Yoka, of imminent danger.","Spanish, English","Mexico, United States",N/A,N/A,5.3,1102,N/A,N/A,
666154,tt11846550,Kayara,Kayara,"A courageous and athletic teenager, Kayara dreams that she is destined to be the first female to break into the league of Chasquis - the official messengers of the Incan empire. As she learns what it takes to be a Chasqui along with its challenges, she tackles every mission she gets and discovers the ancient stories of her land and her people.",2025-01-02,Released,"Animation, Adventure, Family","ancient peru, inca",Cesar Zelada,"Naomi Serrano, Nate Begle, Charles Gonzales, Arthur Romero, Edgar Garcia",8000000,0,81,7.6,117,4.1166,es,PE,False,False,Kayara,2025,Not Rated,30 Mar 2025,90,"Animation, Action, Adventure","Cesar Zelada, Dirk Hampel","Brian Cleveland, Jason Cleveland, Cesar Zelada","Naomi Serrano, Nate Begle, Kolbe Garza",A young Inca girl dreams of joining the all-male Chasqui messenger group. She challenges traditions and gender norms to pursue her ambition against all odds.,English,"Peru, Spain",N/A,N/A,5.3,323,N/A,N/A,
1205229,tt29544253,Night of the Zoopocalypse,Night of the Zoopocalypse,A wolf and mountain lion team up when a meteor unleashes a virus turning zoo animals into zombies. They join forces with other survivors to rescue the zoo and stop the deranged mutant leader from spreading the virus.,2025-01-23,Released,"Animation, Comedy, Horror, Adventure, Science Fiction, Family","zoo, zombie, aftercreditsstinger, horror for children, animated horror","Rodrigo Perez-Castro, Ricardo Curtis","Gabriella Kosmidis, David Harbour, Pierre Simpson, Paul Sun-Hyung Lee, Scott Thompson",12000000,8667850,91,6.6,90,4.105,en,CA,False,False,Night of the Zoopocalypse,2024,PG,07 Mar 2025,91,"Animation, Adventure, Comedy","Ricardo Curtis, Rodrigo Perez-Castro","James Kee, Steven Hoban, Clive Barker","Gabbi Kosmidis, David Harbour, Pierre Simpson",A wolf and mountain lion team up when a meteor unleashes a virus turning zoo animals into zombies. They join forces with other survivors to rescue the zoo and stop the deranged mutant leader from spreading the virus.,English,"Canada, Belgium, France",1 nomination total,N/A,6.0,1587,"$2,108,907",N/A,
1165642,tt28664733,Lost in Starlight,이 별에 필요한,"When an astronaut leaves Earth for Mars, the vast infinite space divides star-crossed lovers in this animated romance that crosses the cosmos.",2025-05-30,Released,"Animation, Romance, Science Fiction, Drama","astronaut, long distance relationship, anime, love story",Han Ji-won,"Kim Tae-ri, Hong Kyung, Sharon Kwon, Kang Ku-han, An Young-mi",0,0,96,7.3,149,3.8581,ko,KR,False,False,Lost in Starlight,2025,PG,30 May 2025,96,"Animation, Comedy, Drama",Han Ji-won,"Kang Hyun-joo, Han Ji-won","Cristina Valenzuela, Maitreyi Ramakrishnan, Kim Tae-ri","When an astronaut leaves Earth for Mars, the vast infinite space divides star-crossed lovers.",Korean,South Korea,N/A,N/A,7.3,3397,N/A,N/A,
1316147,tt32897929,Grand Prix of Europe,Grand Prix of Europe,"Edda, a young mouse and the daughter of fairground operator Erwin, dreams of becoming a race car driver. Ahead of the 50th anniversary of the European Grand Prix, Edda gets the opportunity to meet her idol, racing star Ed, and to help her father save his failing business. But to do so, she'll have to get behind the wheel herself.",2025-07-18,Released,"Animation, Adventure, Comedy","car race, mouse, racing, race car driver, cartoon mouse, grand prix, motor racing, race car driving, speed racing, animation",Waldemar Fast,"Gemma Arterton, Thomas Brodie-Sangster, Hayley Atwell, Lenny Henry, Rob Beckett",0,14929479,98,7.236,53,3.3571,de,DE,False,False,Grand Prix of Europe,2025,PG,07 Nov 2025,98,"Animation, Comedy, Family",Waldemar Fast,"Mike de Seve, Kirstie Falkous, David Ginnuttis","Gemma Arterton, Thomas Brodie-Sangster, Hayley Atwell","Edda, a young mouse with big dreams, seizes her chance to race in the Grand Prix disguised as her hero, Ed. She rises to the challenge of outwitting her rival's sabotage and proving that even the smallest racer can make the bigges...","English, German",Germany,N/A,N/A,5.8,875,"$733,419",N/A,
1119090,tt36639986,I Am Frankelda,Soy Frankelda,"Frankelda, a frustrated young Mexican writer from the 19th Century, travels in the form of a ghost to a kingdom of her own invention inhabited by Spooks, which are all the monstrous characters she created in her horror tales. Her guide is Herneval, the Prince of Spooks, who takes her to help him save the balance between the Realm of Fiction and the Realm of Existence by using her talent as a writer.",2025-10-23,Released,"Animation, Family, Fantasy, Horror","mexico, musical, sequel, prequel, stop motion, writer, gothic horror, ghost, dark fantasy, 19th century","Arturo Ambriz, Roy Ambriz","Mireya Mendoza, Arturo Mercado Jr., Luis Leonardo Suarez, Gaby Cárdenas, Beto Castillo",0,2709440,104,8.353,78,3.3462,es,MX,False,False,I'm Frankelda,2025,N/A,23 Oct 2025,114,"Animation, Family, Fantasy","Arturo Ambriz, Roy Ambriz","Arturo Ambriz, Roy Ambriz","Assira Abbate, Anahí Allué, Arturo Ambriz","Frankelda, a determined 19th-century Mexican writer, journeys into her subconscious to face the monsters she's written about. Guided by a tormented prince, she must restore the balance between fiction and reality before it's too l...",Spanish,Mexico,2 nominations total,N/A,7.3,1029,N/A,N/A,
1203329,tt15495150,The Witcher: Sirens of the Deep,The Witcher: Sirens of the Deep,"When human sailors are attacked by mysterious creatures of the deep, only one person can stop the war between land and sea: the Witcher, Geralt of Rivia.",2025-02-10,Released,"Animation, Fantasy, Action","based on novel or book, kingdom, lovers, pearls, merpeople, animation, monster hunter",Kang Hei Chul,"Doug Cockle, Joey Batey, Christina Wren, Emily Carey, Camrus Johnson",0,0,92,6.815,268,3.2321,en,PL,False,False,The Witcher: Sirens of the Deep,2025,TV-MA,11 Feb 2025,91,"Animation, Action, Adventure",Kang Hei Chul,"Mike Ostrowski, Rae Benjamin, Andrzej Sapkowski","Doug Cockle, Joey Batey, Anya Chalotra","Hired to probe seaside village attacks, mutant monster hunter Geralt unravels an age-old conflict between humans and sea people that threatens war between kingdoms. Aided by allies, he must solve the mystery before hostilities esc...","English, Polish","Poland, South Korea, United States",N/A,54,6.1,10205,N/A,N/A,
537921,tt8785038,Fixed,Fixed,"After learning he's getting neutered, a dog has 24 hours to squeeze in one last balls-to-the-wall adventure with the boys.",2025-08-13,Released,"Animation, Comedy","pet, dog, animals, adult animation",Genndy Tartakovsky,"Adam Devine, Idris Elba, Kathryn Hahn, Fred Armisen, Bobby Moynihan",3000000,0,87,6.2,150,2.3954,en,US,False,False,Fixed,2025,R,13 Aug 2025,87,"Animation, Adventure, Comedy",Genndy Tartakovsky,"Genndy Tartakovsky, Jon Vitti, Steve Greenberg","Idris Elba, Kathryn Hahn, Fred Armisen","Bull, an average, all-around good dog, discovers he's going to be neutered in the morning. He realizes he needs one last adventure with his pack of buddies, as these are the last 24 hours with his balls. What could go wrong?",English,"United States, Brazil",N/A,56,5.4,578,N/A,N/A,
1021679,tt21996220,The Rose of Versailles,ベルサイユのばら,"In an age of revolution, Marie Antoinette and her protector Oscar François de Jarjayes face tough choices as women growing into their distinct roles.",2025-01-31,Released,"Animation, Romance, Drama, History","politics, remake, based on manga, historical, shoujo, anime",Ai Yoshimura,"Miyuki Sawashiro, Aya Hirano, Toshiyuki Toyonaga, Kazuki Kato, Shunsuke Takeuchi",0,1489577,113,7.039,64,2.2902,ja,JP,False,False,The Rose of Versailles,2025,TV-14,30 Apr 2025,113,"Animation, Drama, History",Ai Yoshimura,"Riyoko Ikeda, Tomoko Konparu","Miyuki Sawashiro, Toshiyuki Toyonaga, Himika Akaneya","The story of Lady Oscar, a female military commander who served during the time of the French Revolution.",Japanese,Japan,N/A,N/A,5.8,882,N/A,N/A,
